ISO-10303-21;
HEADER;
/* Generated by software containing ST-Developer
 * from STEP Tools, Inc. (www.steptools.com) 
 */
/* OPTION: using custom schema-name function */

FILE_DESCRIPTION(
/* description */ (''),
/* implementation_level */ '2;1');

FILE_NAME(
/* name */ 'Spiral Wind Turbine.stp',
/* time_stamp */ '2025-11-04T11:13:05+07:00',
/* author */ (''),
/* organization */ (''),
/* preprocessor_version */ 'ST-DEVELOPER v16.7',
/* originating_system */ 'SIEMENS PLM Software NX 12.0',
/* authorisation */ '');

FILE_SCHEMA (('AUTOMOTIVE_DESIGN { 1 0 10303 214 3 1 1 1 }'));
ENDSEC;

DATA;
#10=CONSTRUCTIVE_GEOMETRY_REPRESENTATION_RELATIONSHIP(
'supplemental geometry','',#32,#11);
#11=CONSTRUCTIVE_GEOMETRY_REPRESENTATION('supplemental geometry',(#532),
#2730);
#12=PROPERTY_DEFINITION_REPRESENTATION(#16,#14);
#13=PROPERTY_DEFINITION_REPRESENTATION(#17,#15);
#14=REPRESENTATION('',(#18),#2730);
#15=REPRESENTATION('',(#19),#2730);
#16=PROPERTY_DEFINITION('pmi validation property','',#23);
#17=PROPERTY_DEFINITION('pmi validation property','',#23);
#18=VALUE_REPRESENTATION_ITEM('number of annotations',COUNT_MEASURE(0.));
#19=VALUE_REPRESENTATION_ITEM('number of views',COUNT_MEASURE(0.));
#20=SHAPE_REPRESENTATION_RELATIONSHIP('None',
'relationship between Yoni7958E04F6kag-None and Yoni7958E04F6kag-None',
#32,#21);
#21=ADVANCED_BREP_SHAPE_REPRESENTATION('Yoni7958E04F6kag-None',(#38),#2730);
#22=SHAPE_DEFINITION_REPRESENTATION(#23,#32);
#23=PRODUCT_DEFINITION_SHAPE('','',#24);
#24=PRODUCT_DEFINITION(' ','',#26,#25);
#25=PRODUCT_DEFINITION_CONTEXT('part definition',#31,'design');
#26=PRODUCT_DEFINITION_FORMATION_WITH_SPECIFIED_SOURCE(' ',' ',#28,
 .NOT_KNOWN.);
#27=PRODUCT_RELATED_PRODUCT_CATEGORY('part','',(#28));
#28=PRODUCT('Yoni7958E04F6kag','Yoni7958E04F6kag',' ',(#29));
#29=PRODUCT_CONTEXT(' ',#31,'mechanical');
#30=APPLICATION_PROTOCOL_DEFINITION('international standard',
'automotive_design',2010,#31);
#31=APPLICATION_CONTEXT(
'core data for automotive mechanical design processes');
#32=SHAPE_REPRESENTATION('Yoni7958E04F6kag-None',(#531),#2730);
#33=SURFACE_STYLE_USAGE(.BOTH.,#34);
#34=SURFACE_SIDE_STYLE('',(#35));
#35=SURFACE_STYLE_FILL_AREA(#36);
#36=FILL_AREA_STYLE('',(#37));
#37=FILL_AREA_STYLE_COLOUR('',#529);
#38=MANIFOLD_SOLID_BREP('',#39);
#39=CLOSED_SHELL('',(#86,#87,#88,#89,#90,#91,#92,#93,#94,#95,#96,#97,#98,
#99,#100,#101,#102,#103,#104,#105,#106,#107,#108,#109,#110,#111,#112,#113,
#114));
#40=CONICAL_SURFACE('',#550,3.5,23.9624889745782);
#41=CONICAL_SURFACE('',#553,3.5,23.9624889745782);
#42=CONICAL_SURFACE('',#557,3.5,23.9624889745782);
#43=(
BOUNDED_SURFACE()
B_SPLINE_SURFACE(3,2,((#2501,#2502,#2503),(#2504,#2505,#2506),(#2507,#2508,
#2509),(#2510,#2511,#2512)),.UNSPECIFIED.,.F.,.F.,.F.)
B_SPLINE_SURFACE_WITH_KNOTS((4,4),(3,3),(0.,1.),(0.,1.),.UNSPECIFIED.)
GEOMETRIC_REPRESENTATION_ITEM()
RATIONAL_B_SPLINE_SURFACE(((1.,0.665554775695814,1.),(1.,0.661503656216001,
1.),(1.,0.657198797684792,1.),(1.,0.652337125876476,1.)))
REPRESENTATION_ITEM('')
SURFACE()
);
#44=(
BOUNDED_SURFACE()
B_SPLINE_SURFACE(3,2,((#2513,#2514,#2515),(#2516,#2517,#2518),(#2519,#2520,
#2521),(#2522,#2523,#2524)),.UNSPECIFIED.,.F.,.F.,.F.)
B_SPLINE_SURFACE_WITH_KNOTS((4,4),(3,3),(0.,1.),(0.,1.),.UNSPECIFIED.)
GEOMETRIC_REPRESENTATION_ITEM()
RATIONAL_B_SPLINE_SURFACE(((1.,0.851332294748019,1.),(1.,0.847533023399945,
1.),(1.,0.843444228198534,1.),(1.,0.839037892991959,1.)))
REPRESENTATION_ITEM('')
SURFACE()
);
#45=(
BOUNDED_SURFACE()
B_SPLINE_SURFACE(3,2,((#2595,#2596,#2597),(#2598,#2599,#2600),(#2601,#2602,
#2603),(#2604,#2605,#2606)),.UNSPECIFIED.,.F.,.F.,.F.)
B_SPLINE_SURFACE_WITH_KNOTS((4,4),(3,3),(0.,1.),(0.,1.),.UNSPECIFIED.)
GEOMETRIC_REPRESENTATION_ITEM()
RATIONAL_B_SPLINE_SURFACE(((1.,0.665554775695816,1.),(1.,0.661503656216023,
1.),(1.,0.657198797684772,1.),(1.,0.65233712587648,1.)))
REPRESENTATION_ITEM('')
SURFACE()
);
#46=(
BOUNDED_SURFACE()
B_SPLINE_SURFACE(3,2,((#2607,#2608,#2609),(#2610,#2611,#2612),(#2613,#2614,
#2615),(#2616,#2617,#2618)),.UNSPECIFIED.,.F.,.F.,.F.)
B_SPLINE_SURFACE_WITH_KNOTS((4,4),(3,3),(0.,1.),(0.,1.),.UNSPECIFIED.)
GEOMETRIC_REPRESENTATION_ITEM()
RATIONAL_B_SPLINE_SURFACE(((1.,0.851332294748019,1.),(1.,0.847533023399943,
1.),(1.,0.843444228198543,1.),(1.,0.839037892991953,1.)))
REPRESENTATION_ITEM('')
SURFACE()
);
#47=(
BOUNDED_SURFACE()
B_SPLINE_SURFACE(3,2,((#2689,#2690,#2691),(#2692,#2693,#2694),(#2695,#2696,
#2697),(#2698,#2699,#2700)),.UNSPECIFIED.,.F.,.F.,.F.)
B_SPLINE_SURFACE_WITH_KNOTS((4,4),(3,3),(0.,1.),(0.,1.),.UNSPECIFIED.)
GEOMETRIC_REPRESENTATION_ITEM()
RATIONAL_B_SPLINE_SURFACE(((1.,0.662776970166984,1.),(1.,0.658610251633838,
1.),(1.,0.654165772828035,1.),(1.,0.649129415090785,1.)))
REPRESENTATION_ITEM('')
SURFACE()
);
#48=(
BOUNDED_SURFACE()
B_SPLINE_SURFACE(3,2,((#2701,#2702,#2703),(#2704,#2705,#2706),(#2707,#2708,
#2709),(#2710,#2711,#2712)),.UNSPECIFIED.,.F.,.F.,.F.)
B_SPLINE_SURFACE_WITH_KNOTS((4,4),(3,3),(0.,1.),(0.,1.),.UNSPECIFIED.)
GEOMETRIC_REPRESENTATION_ITEM()
RATIONAL_B_SPLINE_SURFACE(((1.,0.860996868526341,1.),(1.,0.857755965929276,
1.),(1.,0.854262368885264,1.),(1.,0.850478590094063,1.)))
REPRESENTATION_ITEM('')
SURFACE()
);
#49=PLANE('',#543);
#50=PLANE('',#548);
#51=PLANE('',#560);
#52=FACE_BOUND('',#157,.T.);
#53=FACE_BOUND('',#158,.T.);
#54=FACE_BOUND('',#159,.T.);
#55=FACE_BOUND('',#160,.T.);
#56=FACE_BOUND('',#176,.T.);
#57=FACE_BOUND('',#177,.T.);
#58=FACE_BOUND('',#178,.T.);
#59=FACE_BOUND('',#179,.T.);
#60=FACE_BOUND('',#180,.T.);
#61=FACE_BOUND('',#181,.T.);
#62=CYLINDRICAL_SURFACE('',#535,4.);
#63=CYLINDRICAL_SURFACE('',#538,4.);
#64=CYLINDRICAL_SURFACE('',#541,4.);
#65=CYLINDRICAL_SURFACE('',#551,7.5);
#66=CYLINDRICAL_SURFACE('',#554,7.5);
#67=CYLINDRICAL_SURFACE('',#556,7.5);
#68=CYLINDRICAL_SURFACE('',#561,3.25);
#69=CYLINDRICAL_SURFACE('',#562,1.6);
#70=CIRCLE('',#533,4.);
#71=CIRCLE('',#534,4.);
#72=CIRCLE('',#536,4.);
#73=CIRCLE('',#537,4.);
#74=CIRCLE('',#539,4.);
#75=CIRCLE('',#540,4.);
#76=CIRCLE('',#542,1.6);
#77=CIRCLE('',#544,3.25);
#78=CIRCLE('',#545,7.5);
#79=CIRCLE('',#546,7.5);
#80=CIRCLE('',#547,7.5);
#81=CIRCLE('',#549,7.5);
#82=CIRCLE('',#552,7.5);
#83=CIRCLE('',#555,7.5);
#84=CIRCLE('',#558,1.6);
#85=CIRCLE('',#559,3.25);
#86=ADVANCED_FACE('',(#124),#115,.T.);
#87=ADVANCED_FACE('',(#125),#116,.T.);
#88=ADVANCED_FACE('',(#126),#117,.T.);
#89=ADVANCED_FACE('',(#127),#118,.T.);
#90=ADVANCED_FACE('',(#128),#119,.T.);
#91=ADVANCED_FACE('',(#129),#120,.T.);
#92=ADVANCED_FACE('',(#130),#62,.T.);
#93=ADVANCED_FACE('',(#131),#63,.T.);
#94=ADVANCED_FACE('',(#132),#64,.T.);
#95=ADVANCED_FACE('',(#52,#53),#49,.F.);
#96=ADVANCED_FACE('',(#54,#55),#50,.T.);
#97=ADVANCED_FACE('',(#133),#121,.T.);
#98=ADVANCED_FACE('',(#134),#43,.T.);
#99=ADVANCED_FACE('',(#135),#44,.T.);
#100=ADVANCED_FACE('',(#136),#122,.T.);
#101=ADVANCED_FACE('',(#137),#45,.T.);
#102=ADVANCED_FACE('',(#138),#46,.T.);
#103=ADVANCED_FACE('',(#139),#123,.T.);
#104=ADVANCED_FACE('',(#140),#47,.T.);
#105=ADVANCED_FACE('',(#141),#48,.T.);
#106=ADVANCED_FACE('',(#142),#40,.T.);
#107=ADVANCED_FACE('',(#143),#65,.T.);
#108=ADVANCED_FACE('',(#144),#41,.T.);
#109=ADVANCED_FACE('',(#145),#66,.T.);
#110=ADVANCED_FACE('',(#146),#67,.T.);
#111=ADVANCED_FACE('',(#147),#42,.T.);
#112=ADVANCED_FACE('',(#56,#57),#51,.F.);
#113=ADVANCED_FACE('',(#58,#59),#68,.F.);
#114=ADVANCED_FACE('',(#60,#61),#69,.F.);
#115=B_SPLINE_SURFACE_WITH_KNOTS('',3,3,((#691,#692,#693,#694,#695,#696,
#697,#698,#699,#700,#701,#702,#703,#704,#705,#706,#707,#708,#709,#710,#711,
#712,#713,#714,#715,#716,#717,#718),(#719,#720,#721,#722,#723,#724,#725,
#726,#727,#728,#729,#730,#731,#732,#733,#734,#735,#736,#737,#738,#739,#740,
#741,#742,#743,#744,#745,#746),(#747,#748,#749,#750,#751,#752,#753,#754,
#755,#756,#757,#758,#759,#760,#761,#762,#763,#764,#765,#766,#767,#768,#769,
#770,#771,#772,#773,#774),(#775,#776,#777,#778,#779,#780,#781,#782,#783,
#784,#785,#786,#787,#788,#789,#790,#791,#792,#793,#794,#795,#796,#797,#798,
#799,#800,#801,#802),(#803,#804,#805,#806,#807,#808,#809,#810,#811,#812,
#813,#814,#815,#816,#817,#818,#819,#820,#821,#822,#823,#824,#825,#826,#827,
#828,#829,#830),(#831,#832,#833,#834,#835,#836,#837,#838,#839,#840,#841,
#842,#843,#844,#845,#846,#847,#848,#849,#850,#851,#852,#853,#854,#855,#856,
#857,#858),(#859,#860,#861,#862,#863,#864,#865,#866,#867,#868,#869,#870,
#871,#872,#873,#874,#875,#876,#877,#878,#879,#880,#881,#882,#883,#884,#885,
#886)),.UNSPECIFIED.,.F.,.F.,.F.,(4,3,4),(4,3,3,3,3,3,3,3,3,4),(0.,0.5,
1.),(0.,0.0625,0.125,0.25,0.375,0.5,0.625,0.75,0.875,1.),.UNSPECIFIED.);
#116=B_SPLINE_SURFACE_WITH_KNOTS('',3,3,((#950,#951,#952,#953,#954,#955,
#956,#957,#958,#959,#960,#961,#962,#963,#964,#965,#966,#967,#968,#969,#970,
#971,#972,#973,#974,#975,#976,#977,#978,#979,#980,#981,#982,#983,#984,#985,
#986),(#987,#988,#989,#990,#991,#992,#993,#994,#995,#996,#997,#998,#999,
#1000,#1001,#1002,#1003,#1004,#1005,#1006,#1007,#1008,#1009,#1010,#1011,
#1012,#1013,#1014,#1015,#1016,#1017,#1018,#1019,#1020,#1021,#1022,#1023),
(#1024,#1025,#1026,#1027,#1028,#1029,#1030,#1031,#1032,#1033,#1034,#1035,
#1036,#1037,#1038,#1039,#1040,#1041,#1042,#1043,#1044,#1045,#1046,#1047,
#1048,#1049,#1050,#1051,#1052,#1053,#1054,#1055,#1056,#1057,#1058,#1059,
#1060),(#1061,#1062,#1063,#1064,#1065,#1066,#1067,#1068,#1069,#1070,#1071,
#1072,#1073,#1074,#1075,#1076,#1077,#1078,#1079,#1080,#1081,#1082,#1083,
#1084,#1085,#1086,#1087,#1088,#1089,#1090,#1091,#1092,#1093,#1094,#1095,
#1096,#1097),(#1098,#1099,#1100,#1101,#1102,#1103,#1104,#1105,#1106,#1107,
#1108,#1109,#1110,#1111,#1112,#1113,#1114,#1115,#1116,#1117,#1118,#1119,
#1120,#1121,#1122,#1123,#1124,#1125,#1126,#1127,#1128,#1129,#1130,#1131,
#1132,#1133,#1134),(#1135,#1136,#1137,#1138,#1139,#1140,#1141,#1142,#1143,
#1144,#1145,#1146,#1147,#1148,#1149,#1150,#1151,#1152,#1153,#1154,#1155,
#1156,#1157,#1158,#1159,#1160,#1161,#1162,#1163,#1164,#1165,#1166,#1167,
#1168,#1169,#1170,#1171),(#1172,#1173,#1174,#1175,#1176,#1177,#1178,#1179,
#1180,#1181,#1182,#1183,#1184,#1185,#1186,#1187,#1188,#1189,#1190,#1191,
#1192,#1193,#1194,#1195,#1196,#1197,#1198,#1199,#1200,#1201,#1202,#1203,
#1204,#1205,#1206,#1207,#1208)),.UNSPECIFIED.,.F.,.F.,.F.,(4,3,4),(4,3,
3,3,3,3,3,3,3,3,3,3,4),(0.,0.5,1.),(0.,0.03125,0.0625,0.125,0.25,0.375,
0.5,0.625,0.75,0.875,0.9375,0.96875,1.),.UNSPECIFIED.);
#117=B_SPLINE_SURFACE_WITH_KNOTS('',3,3,((#1271,#1272,#1273,#1274,#1275,
#1276,#1277,#1278,#1279,#1280,#1281,#1282,#1283,#1284,#1285,#1286,#1287,
#1288,#1289,#1290,#1291,#1292,#1293,#1294,#1295,#1296,#1297,#1298),(#1299,
#1300,#1301,#1302,#1303,#1304,#1305,#1306,#1307,#1308,#1309,#1310,#1311,
#1312,#1313,#1314,#1315,#1316,#1317,#1318,#1319,#1320,#1321,#1322,#1323,
#1324,#1325,#1326),(#1327,#1328,#1329,#1330,#1331,#1332,#1333,#1334,#1335,
#1336,#1337,#1338,#1339,#1340,#1341,#1342,#1343,#1344,#1345,#1346,#1347,
#1348,#1349,#1350,#1351,#1352,#1353,#1354),(#1355,#1356,#1357,#1358,#1359,
#1360,#1361,#1362,#1363,#1364,#1365,#1366,#1367,#1368,#1369,#1370,#1371,
#1372,#1373,#1374,#1375,#1376,#1377,#1378,#1379,#1380,#1381,#1382),(#1383,
#1384,#1385,#1386,#1387,#1388,#1389,#1390,#1391,#1392,#1393,#1394,#1395,
#1396,#1397,#1398,#1399,#1400,#1401,#1402,#1403,#1404,#1405,#1406,#1407,
#1408,#1409,#1410),(#1411,#1412,#1413,#1414,#1415,#1416,#1417,#1418,#1419,
#1420,#1421,#1422,#1423,#1424,#1425,#1426,#1427,#1428,#1429,#1430,#1431,
#1432,#1433,#1434,#1435,#1436,#1437,#1438),(#1439,#1440,#1441,#1442,#1443,
#1444,#1445,#1446,#1447,#1448,#1449,#1450,#1451,#1452,#1453,#1454,#1455,
#1456,#1457,#1458,#1459,#1460,#1461,#1462,#1463,#1464,#1465,#1466)),
 .UNSPECIFIED.,.F.,.F.,.F.,(4,3,4),(4,3,3,3,3,3,3,3,3,4),(0.,0.5,1.),(0.,
0.0625,0.125,0.25,0.375,0.5,0.625,0.75,0.875,1.),.UNSPECIFIED.);
#118=B_SPLINE_SURFACE_WITH_KNOTS('',3,3,((#1530,#1531,#1532,#1533,#1534,
#1535,#1536,#1537,#1538,#1539,#1540,#1541,#1542,#1543,#1544,#1545,#1546,
#1547,#1548,#1549,#1550,#1551,#1552,#1553,#1554,#1555,#1556,#1557,#1558,
#1559,#1560,#1561,#1562,#1563,#1564,#1565,#1566),(#1567,#1568,#1569,#1570,
#1571,#1572,#1573,#1574,#1575,#1576,#1577,#1578,#1579,#1580,#1581,#1582,
#1583,#1584,#1585,#1586,#1587,#1588,#1589,#1590,#1591,#1592,#1593,#1594,
#1595,#1596,#1597,#1598,#1599,#1600,#1601,#1602,#1603),(#1604,#1605,#1606,
#1607,#1608,#1609,#1610,#1611,#1612,#1613,#1614,#1615,#1616,#1617,#1618,
#1619,#1620,#1621,#1622,#1623,#1624,#1625,#1626,#1627,#1628,#1629,#1630,
#1631,#1632,#1633,#1634,#1635,#1636,#1637,#1638,#1639,#1640),(#1641,#1642,
#1643,#1644,#1645,#1646,#1647,#1648,#1649,#1650,#1651,#1652,#1653,#1654,
#1655,#1656,#1657,#1658,#1659,#1660,#1661,#1662,#1663,#1664,#1665,#1666,
#1667,#1668,#1669,#1670,#1671,#1672,#1673,#1674,#1675,#1676,#1677),(#1678,
#1679,#1680,#1681,#1682,#1683,#1684,#1685,#1686,#1687,#1688,#1689,#1690,
#1691,#1692,#1693,#1694,#1695,#1696,#1697,#1698,#1699,#1700,#1701,#1702,
#1703,#1704,#1705,#1706,#1707,#1708,#1709,#1710,#1711,#1712,#1713,#1714),
(#1715,#1716,#1717,#1718,#1719,#1720,#1721,#1722,#1723,#1724,#1725,#1726,
#1727,#1728,#1729,#1730,#1731,#1732,#1733,#1734,#1735,#1736,#1737,#1738,
#1739,#1740,#1741,#1742,#1743,#1744,#1745,#1746,#1747,#1748,#1749,#1750,
#1751),(#1752,#1753,#1754,#1755,#1756,#1757,#1758,#1759,#1760,#1761,#1762,
#1763,#1764,#1765,#1766,#1767,#1768,#1769,#1770,#1771,#1772,#1773,#1774,
#1775,#1776,#1777,#1778,#1779,#1780,#1781,#1782,#1783,#1784,#1785,#1786,
#1787,#1788)),.UNSPECIFIED.,.F.,.F.,.F.,(4,3,4),(4,3,3,3,3,3,3,3,3,3,3,
3,4),(0.,0.5,1.),(0.,0.03125,0.0625,0.125,0.25,0.375,0.5,0.625,0.75,0.875,
0.9375,0.96875,1.),.UNSPECIFIED.);
#119=B_SPLINE_SURFACE_WITH_KNOTS('',3,3,((#1851,#1852,#1853,#1854,#1855,
#1856,#1857,#1858,#1859,#1860,#1861,#1862,#1863,#1864,#1865,#1866,#1867,
#1868,#1869,#1870,#1871,#1872,#1873,#1874,#1875,#1876,#1877,#1878),(#1879,
#1880,#1881,#1882,#1883,#1884,#1885,#1886,#1887,#1888,#1889,#1890,#1891,
#1892,#1893,#1894,#1895,#1896,#1897,#1898,#1899,#1900,#1901,#1902,#1903,
#1904,#1905,#1906),(#1907,#1908,#1909,#1910,#1911,#1912,#1913,#1914,#1915,
#1916,#1917,#1918,#1919,#1920,#1921,#1922,#1923,#1924,#1925,#1926,#1927,
#1928,#1929,#1930,#1931,#1932,#1933,#1934),(#1935,#1936,#1937,#1938,#1939,
#1940,#1941,#1942,#1943,#1944,#1945,#1946,#1947,#1948,#1949,#1950,#1951,
#1952,#1953,#1954,#1955,#1956,#1957,#1958,#1959,#1960,#1961,#1962),(#1963,
#1964,#1965,#1966,#1967,#1968,#1969,#1970,#1971,#1972,#1973,#1974,#1975,
#1976,#1977,#1978,#1979,#1980,#1981,#1982,#1983,#1984,#1985,#1986,#1987,
#1988,#1989,#1990),(#1991,#1992,#1993,#1994,#1995,#1996,#1997,#1998,#1999,
#2000,#2001,#2002,#2003,#2004,#2005,#2006,#2007,#2008,#2009,#2010,#2011,
#2012,#2013,#2014,#2015,#2016,#2017,#2018),(#2019,#2020,#2021,#2022,#2023,
#2024,#2025,#2026,#2027,#2028,#2029,#2030,#2031,#2032,#2033,#2034,#2035,
#2036,#2037,#2038,#2039,#2040,#2041,#2042,#2043,#2044,#2045,#2046)),
 .UNSPECIFIED.,.F.,.F.,.F.,(4,3,4),(4,3,3,3,3,3,3,3,3,4),(0.,0.5,1.),(0.,
0.0625,0.125,0.25,0.375,0.5,0.625,0.75,0.875,1.),.UNSPECIFIED.);
#120=B_SPLINE_SURFACE_WITH_KNOTS('',3,3,((#2112,#2113,#2114,#2115,#2116,
#2117,#2118,#2119,#2120,#2121,#2122,#2123,#2124,#2125,#2126,#2127,#2128,
#2129,#2130,#2131,#2132,#2133,#2134,#2135,#2136,#2137,#2138,#2139,#2140,
#2141,#2142,#2143,#2144,#2145,#2146,#2147,#2148),(#2149,#2150,#2151,#2152,
#2153,#2154,#2155,#2156,#2157,#2158,#2159,#2160,#2161,#2162,#2163,#2164,
#2165,#2166,#2167,#2168,#2169,#2170,#2171,#2172,#2173,#2174,#2175,#2176,
#2177,#2178,#2179,#2180,#2181,#2182,#2183,#2184,#2185),(#2186,#2187,#2188,
#2189,#2190,#2191,#2192,#2193,#2194,#2195,#2196,#2197,#2198,#2199,#2200,
#2201,#2202,#2203,#2204,#2205,#2206,#2207,#2208,#2209,#2210,#2211,#2212,
#2213,#2214,#2215,#2216,#2217,#2218,#2219,#2220,#2221,#2222),(#2223,#2224,
#2225,#2226,#2227,#2228,#2229,#2230,#2231,#2232,#2233,#2234,#2235,#2236,
#2237,#2238,#2239,#2240,#2241,#2242,#2243,#2244,#2245,#2246,#2247,#2248,
#2249,#2250,#2251,#2252,#2253,#2254,#2255,#2256,#2257,#2258,#2259),(#2260,
#2261,#2262,#2263,#2264,#2265,#2266,#2267,#2268,#2269,#2270,#2271,#2272,
#2273,#2274,#2275,#2276,#2277,#2278,#2279,#2280,#2281,#2282,#2283,#2284,
#2285,#2286,#2287,#2288,#2289,#2290,#2291,#2292,#2293,#2294,#2295,#2296),
(#2297,#2298,#2299,#2300,#2301,#2302,#2303,#2304,#2305,#2306,#2307,#2308,
#2309,#2310,#2311,#2312,#2313,#2314,#2315,#2316,#2317,#2318,#2319,#2320,
#2321,#2322,#2323,#2324,#2325,#2326,#2327,#2328,#2329,#2330,#2331,#2332,
#2333),(#2334,#2335,#2336,#2337,#2338,#2339,#2340,#2341,#2342,#2343,#2344,
#2345,#2346,#2347,#2348,#2349,#2350,#2351,#2352,#2353,#2354,#2355,#2356,
#2357,#2358,#2359,#2360,#2361,#2362,#2363,#2364,#2365,#2366,#2367,#2368,
#2369,#2370)),.UNSPECIFIED.,.F.,.F.,.F.,(4,3,4),(4,3,3,3,3,3,3,3,3,3,3,
3,4),(0.,0.5,1.),(0.,0.03125,0.0625,0.125,0.25,0.375,0.5,0.625,0.75,0.875,
0.9375,0.96875,1.),.UNSPECIFIED.);
#121=B_SPLINE_SURFACE_WITH_KNOTS('',1,3,((#2457,#2458,#2459,#2460,#2461,
#2462,#2463,#2464,#2465,#2466,#2467,#2468,#2469,#2470,#2471,#2472,#2473,
#2474,#2475,#2476,#2477,#2478),(#2479,#2480,#2481,#2482,#2483,#2484,#2485,
#2486,#2487,#2488,#2489,#2490,#2491,#2492,#2493,#2494,#2495,#2496,#2497,
#2498,#2499,#2500)),.UNSPECIFIED.,.F.,.F.,.F.,(2,2),(4,1,1,2,2,2,2,2,2,
2,1,1,4),(0.,1.),(0.,0.0869502948861625,0.119771863117871,0.214828897338403,
0.309885931558935,0.404942965779468,0.5,0.595057034220532,0.690114068441065,
0.785171102661597,0.880228136882129,0.912269517972166,1.),.UNSPECIFIED.);
#122=B_SPLINE_SURFACE_WITH_KNOTS('',1,3,((#2551,#2552,#2553,#2554,#2555,
#2556,#2557,#2558,#2559,#2560,#2561,#2562,#2563,#2564,#2565,#2566,#2567,
#2568,#2569,#2570,#2571,#2572),(#2573,#2574,#2575,#2576,#2577,#2578,#2579,
#2580,#2581,#2582,#2583,#2584,#2585,#2586,#2587,#2588,#2589,#2590,#2591,
#2592,#2593,#2594)),.UNSPECIFIED.,.F.,.F.,.F.,(2,2),(4,1,1,2,2,2,2,2,2,
2,1,1,4),(0.,1.),(0.,0.0869502948861625,0.119771863117871,0.214828897338403,
0.309885931558935,0.404942965779468,0.5,0.595057034220532,0.690114068441065,
0.785171102661597,0.880228136882129,0.912269517972166,1.),.UNSPECIFIED.);
#123=B_SPLINE_SURFACE_WITH_KNOTS('',1,3,((#2645,#2646,#2647,#2648,#2649,
#2650,#2651,#2652,#2653,#2654,#2655,#2656,#2657,#2658,#2659,#2660,#2661,
#2662,#2663,#2664,#2665,#2666),(#2667,#2668,#2669,#2670,#2671,#2672,#2673,
#2674,#2675,#2676,#2677,#2678,#2679,#2680,#2681,#2682,#2683,#2684,#2685,
#2686,#2687,#2688)),.UNSPECIFIED.,.F.,.F.,.F.,(2,2),(4,1,1,2,2,2,2,2,2,
2,1,1,4),(0.,1.),(0.,0.0872666802548486,0.119771863117871,0.214828897338403,
0.309885931558935,0.404942965779468,0.5,0.595057034220532,0.690114068441065,
0.785171102661597,0.880228136882129,0.911066767973647,1.),.UNSPECIFIED.);
#124=FACE_OUTER_BOUND('',#148,.T.);
#125=FACE_OUTER_BOUND('',#149,.T.);
#126=FACE_OUTER_BOUND('',#150,.T.);
#127=FACE_OUTER_BOUND('',#151,.T.);
#128=FACE_OUTER_BOUND('',#152,.T.);
#129=FACE_OUTER_BOUND('',#153,.T.);
#130=FACE_OUTER_BOUND('',#154,.T.);
#131=FACE_OUTER_BOUND('',#155,.T.);
#132=FACE_OUTER_BOUND('',#156,.T.);
#133=FACE_OUTER_BOUND('',#161,.T.);
#134=FACE_OUTER_BOUND('',#162,.T.);
#135=FACE_OUTER_BOUND('',#163,.T.);
#136=FACE_OUTER_BOUND('',#164,.T.);
#137=FACE_OUTER_BOUND('',#165,.T.);
#138=FACE_OUTER_BOUND('',#166,.T.);
#139=FACE_OUTER_BOUND('',#167,.T.);
#140=FACE_OUTER_BOUND('',#168,.T.);
#141=FACE_OUTER_BOUND('',#169,.T.);
#142=FACE_OUTER_BOUND('',#170,.T.);
#143=FACE_OUTER_BOUND('',#171,.T.);
#144=FACE_OUTER_BOUND('',#172,.T.);
#145=FACE_OUTER_BOUND('',#173,.T.);
#146=FACE_OUTER_BOUND('',#174,.T.);
#147=FACE_OUTER_BOUND('',#175,.T.);
#148=EDGE_LOOP('',(#182,#183,#184,#185,#186,#187,#188,#189));
#149=EDGE_LOOP('',(#190,#191,#192,#193,#194,#195,#196,#197));
#150=EDGE_LOOP('',(#198,#199,#200,#201,#202,#203,#204,#205));
#151=EDGE_LOOP('',(#206,#207,#208,#209,#210,#211,#212,#213));
#152=EDGE_LOOP('',(#214,#215,#216,#217,#218,#219,#220,#221));
#153=EDGE_LOOP('',(#222,#223,#224,#225,#226,#227,#228,#229));
#154=EDGE_LOOP('',(#230,#231,#232,#233));
#155=EDGE_LOOP('',(#234,#235,#236,#237));
#156=EDGE_LOOP('',(#238,#239,#240,#241));
#157=EDGE_LOOP('',(#242));
#158=EDGE_LOOP('',(#243,#244,#245,#246,#247,#248,#249,#250,#251,#252,#253,
#254));
#159=EDGE_LOOP('',(#255));
#160=EDGE_LOOP('',(#256,#257,#258,#259,#260,#261,#262,#263,#264,#265,#266,
#267));
#161=EDGE_LOOP('',(#268,#269,#270,#271));
#162=EDGE_LOOP('',(#272,#273,#274,#275));
#163=EDGE_LOOP('',(#276,#277,#278,#279));
#164=EDGE_LOOP('',(#280,#281,#282,#283));
#165=EDGE_LOOP('',(#284,#285,#286,#287));
#166=EDGE_LOOP('',(#288,#289,#290,#291));
#167=EDGE_LOOP('',(#292,#293,#294,#295));
#168=EDGE_LOOP('',(#296,#297,#298,#299));
#169=EDGE_LOOP('',(#300,#301,#302,#303));
#170=EDGE_LOOP('',(#304,#305,#306,#307));
#171=EDGE_LOOP('',(#308,#309,#310,#311));
#172=EDGE_LOOP('',(#312,#313,#314,#315));
#173=EDGE_LOOP('',(#316,#317,#318,#319));
#174=EDGE_LOOP('',(#320,#321,#322,#323));
#175=EDGE_LOOP('',(#324,#325,#326,#327));
#176=EDGE_LOOP('',(#328));
#177=EDGE_LOOP('',(#329));
#178=EDGE_LOOP('',(#330));
#179=EDGE_LOOP('',(#331));
#180=EDGE_LOOP('',(#332));
#181=EDGE_LOOP('',(#333));
#182=ORIENTED_EDGE('',*,*,#386,.F.);
#183=ORIENTED_EDGE('',*,*,#387,.T.);
#184=ORIENTED_EDGE('',*,*,#388,.T.);
#185=ORIENTED_EDGE('',*,*,#389,.T.);
#186=ORIENTED_EDGE('',*,*,#390,.T.);
#187=ORIENTED_EDGE('',*,*,#391,.T.);
#188=ORIENTED_EDGE('',*,*,#392,.T.);
#189=ORIENTED_EDGE('',*,*,#393,.T.);
#190=ORIENTED_EDGE('',*,*,#394,.F.);
#191=ORIENTED_EDGE('',*,*,#395,.T.);
#192=ORIENTED_EDGE('',*,*,#396,.F.);
#193=ORIENTED_EDGE('',*,*,#397,.F.);
#194=ORIENTED_EDGE('',*,*,#398,.T.);
#195=ORIENTED_EDGE('',*,*,#399,.F.);
#196=ORIENTED_EDGE('',*,*,#400,.T.);
#197=ORIENTED_EDGE('',*,*,#401,.F.);
#198=ORIENTED_EDGE('',*,*,#402,.F.);
#199=ORIENTED_EDGE('',*,*,#403,.T.);
#200=ORIENTED_EDGE('',*,*,#404,.T.);
#201=ORIENTED_EDGE('',*,*,#405,.T.);
#202=ORIENTED_EDGE('',*,*,#406,.T.);
#203=ORIENTED_EDGE('',*,*,#407,.T.);
#204=ORIENTED_EDGE('',*,*,#408,.T.);
#205=ORIENTED_EDGE('',*,*,#409,.T.);
#206=ORIENTED_EDGE('',*,*,#410,.F.);
#207=ORIENTED_EDGE('',*,*,#411,.T.);
#208=ORIENTED_EDGE('',*,*,#412,.F.);
#209=ORIENTED_EDGE('',*,*,#413,.F.);
#210=ORIENTED_EDGE('',*,*,#414,.T.);
#211=ORIENTED_EDGE('',*,*,#415,.F.);
#212=ORIENTED_EDGE('',*,*,#416,.T.);
#213=ORIENTED_EDGE('',*,*,#417,.F.);
#214=ORIENTED_EDGE('',*,*,#418,.F.);
#215=ORIENTED_EDGE('',*,*,#419,.T.);
#216=ORIENTED_EDGE('',*,*,#420,.T.);
#217=ORIENTED_EDGE('',*,*,#421,.T.);
#218=ORIENTED_EDGE('',*,*,#422,.T.);
#219=ORIENTED_EDGE('',*,*,#423,.T.);
#220=ORIENTED_EDGE('',*,*,#424,.T.);
#221=ORIENTED_EDGE('',*,*,#425,.T.);
#222=ORIENTED_EDGE('',*,*,#426,.F.);
#223=ORIENTED_EDGE('',*,*,#427,.T.);
#224=ORIENTED_EDGE('',*,*,#428,.F.);
#225=ORIENTED_EDGE('',*,*,#429,.F.);
#226=ORIENTED_EDGE('',*,*,#430,.T.);
#227=ORIENTED_EDGE('',*,*,#431,.F.);
#228=ORIENTED_EDGE('',*,*,#432,.T.);
#229=ORIENTED_EDGE('',*,*,#433,.F.);
#230=ORIENTED_EDGE('',*,*,#434,.F.);
#231=ORIENTED_EDGE('',*,*,#393,.F.);
#232=ORIENTED_EDGE('',*,*,#435,.T.);
#233=ORIENTED_EDGE('',*,*,#428,.T.);
#234=ORIENTED_EDGE('',*,*,#436,.F.);
#235=ORIENTED_EDGE('',*,*,#425,.F.);
#236=ORIENTED_EDGE('',*,*,#437,.T.);
#237=ORIENTED_EDGE('',*,*,#412,.T.);
#238=ORIENTED_EDGE('',*,*,#438,.F.);
#239=ORIENTED_EDGE('',*,*,#409,.F.);
#240=ORIENTED_EDGE('',*,*,#439,.T.);
#241=ORIENTED_EDGE('',*,*,#396,.T.);
#242=ORIENTED_EDGE('',*,*,#440,.T.);
#243=ORIENTED_EDGE('',*,*,#437,.F.);
#244=ORIENTED_EDGE('',*,*,#424,.F.);
#245=ORIENTED_EDGE('',*,*,#441,.T.);
#246=ORIENTED_EDGE('',*,*,#429,.T.);
#247=ORIENTED_EDGE('',*,*,#435,.F.);
#248=ORIENTED_EDGE('',*,*,#392,.F.);
#249=ORIENTED_EDGE('',*,*,#442,.T.);
#250=ORIENTED_EDGE('',*,*,#397,.T.);
#251=ORIENTED_EDGE('',*,*,#439,.F.);
#252=ORIENTED_EDGE('',*,*,#408,.F.);
#253=ORIENTED_EDGE('',*,*,#443,.T.);
#254=ORIENTED_EDGE('',*,*,#413,.T.);
#255=ORIENTED_EDGE('',*,*,#444,.T.);
#256=ORIENTED_EDGE('',*,*,#445,.F.);
#257=ORIENTED_EDGE('',*,*,#433,.T.);
#258=ORIENTED_EDGE('',*,*,#446,.T.);
#259=ORIENTED_EDGE('',*,*,#420,.F.);
#260=ORIENTED_EDGE('',*,*,#447,.F.);
#261=ORIENTED_EDGE('',*,*,#417,.T.);
#262=ORIENTED_EDGE('',*,*,#448,.T.);
#263=ORIENTED_EDGE('',*,*,#404,.F.);
#264=ORIENTED_EDGE('',*,*,#449,.F.);
#265=ORIENTED_EDGE('',*,*,#401,.T.);
#266=ORIENTED_EDGE('',*,*,#450,.T.);
#267=ORIENTED_EDGE('',*,*,#388,.F.);
#268=ORIENTED_EDGE('',*,*,#399,.T.);
#269=ORIENTED_EDGE('',*,*,#451,.T.);
#270=ORIENTED_EDGE('',*,*,#390,.F.);
#271=ORIENTED_EDGE('',*,*,#452,.T.);
#272=ORIENTED_EDGE('',*,*,#400,.F.);
#273=ORIENTED_EDGE('',*,*,#452,.F.);
#274=ORIENTED_EDGE('',*,*,#389,.F.);
#275=ORIENTED_EDGE('',*,*,#450,.F.);
#276=ORIENTED_EDGE('',*,*,#398,.F.);
#277=ORIENTED_EDGE('',*,*,#442,.F.);
#278=ORIENTED_EDGE('',*,*,#391,.F.);
#279=ORIENTED_EDGE('',*,*,#451,.F.);
#280=ORIENTED_EDGE('',*,*,#415,.T.);
#281=ORIENTED_EDGE('',*,*,#453,.T.);
#282=ORIENTED_EDGE('',*,*,#406,.F.);
#283=ORIENTED_EDGE('',*,*,#454,.T.);
#284=ORIENTED_EDGE('',*,*,#416,.F.);
#285=ORIENTED_EDGE('',*,*,#454,.F.);
#286=ORIENTED_EDGE('',*,*,#405,.F.);
#287=ORIENTED_EDGE('',*,*,#448,.F.);
#288=ORIENTED_EDGE('',*,*,#414,.F.);
#289=ORIENTED_EDGE('',*,*,#443,.F.);
#290=ORIENTED_EDGE('',*,*,#407,.F.);
#291=ORIENTED_EDGE('',*,*,#453,.F.);
#292=ORIENTED_EDGE('',*,*,#431,.T.);
#293=ORIENTED_EDGE('',*,*,#455,.T.);
#294=ORIENTED_EDGE('',*,*,#422,.F.);
#295=ORIENTED_EDGE('',*,*,#456,.T.);
#296=ORIENTED_EDGE('',*,*,#432,.F.);
#297=ORIENTED_EDGE('',*,*,#456,.F.);
#298=ORIENTED_EDGE('',*,*,#421,.F.);
#299=ORIENTED_EDGE('',*,*,#446,.F.);
#300=ORIENTED_EDGE('',*,*,#430,.F.);
#301=ORIENTED_EDGE('',*,*,#441,.F.);
#302=ORIENTED_EDGE('',*,*,#423,.F.);
#303=ORIENTED_EDGE('',*,*,#455,.F.);
#304=ORIENTED_EDGE('',*,*,#457,.F.);
#305=ORIENTED_EDGE('',*,*,#386,.T.);
#306=ORIENTED_EDGE('',*,*,#434,.T.);
#307=ORIENTED_EDGE('',*,*,#427,.F.);
#308=ORIENTED_EDGE('',*,*,#387,.F.);
#309=ORIENTED_EDGE('',*,*,#457,.T.);
#310=ORIENTED_EDGE('',*,*,#426,.T.);
#311=ORIENTED_EDGE('',*,*,#445,.T.);
#312=ORIENTED_EDGE('',*,*,#411,.F.);
#313=ORIENTED_EDGE('',*,*,#458,.F.);
#314=ORIENTED_EDGE('',*,*,#418,.T.);
#315=ORIENTED_EDGE('',*,*,#436,.T.);
#316=ORIENTED_EDGE('',*,*,#458,.T.);
#317=ORIENTED_EDGE('',*,*,#410,.T.);
#318=ORIENTED_EDGE('',*,*,#447,.T.);
#319=ORIENTED_EDGE('',*,*,#419,.F.);
#320=ORIENTED_EDGE('',*,*,#459,.T.);
#321=ORIENTED_EDGE('',*,*,#394,.T.);
#322=ORIENTED_EDGE('',*,*,#449,.T.);
#323=ORIENTED_EDGE('',*,*,#403,.F.);
#324=ORIENTED_EDGE('',*,*,#395,.F.);
#325=ORIENTED_EDGE('',*,*,#459,.F.);
#326=ORIENTED_EDGE('',*,*,#402,.T.);
#327=ORIENTED_EDGE('',*,*,#438,.T.);
#328=ORIENTED_EDGE('',*,*,#460,.T.);
#329=ORIENTED_EDGE('',*,*,#461,.T.);
#330=ORIENTED_EDGE('',*,*,#461,.F.);
#331=ORIENTED_EDGE('',*,*,#444,.F.);
#332=ORIENTED_EDGE('',*,*,#440,.F.);
#333=ORIENTED_EDGE('',*,*,#460,.F.);
#334=VERTEX_POINT('',#633);
#335=VERTEX_POINT('',#634);
#336=VERTEX_POINT('',#639);
#337=VERTEX_POINT('',#644);
#338=VERTEX_POINT('',#657);
#339=VERTEX_POINT('',#674);
#340=VERTEX_POINT('',#679);
#341=VERTEX_POINT('',#684);
#342=VERTEX_POINT('',#891);
#343=VERTEX_POINT('',#892);
#344=VERTEX_POINT('',#897);
#345=VERTEX_POINT('',#904);
#346=VERTEX_POINT('',#912);
#347=VERTEX_POINT('',#917);
#348=VERTEX_POINT('',#932);
#349=VERTEX_POINT('',#945);
#350=VERTEX_POINT('',#1213);
#351=VERTEX_POINT('',#1214);
#352=VERTEX_POINT('',#1219);
#353=VERTEX_POINT('',#1224);
#354=VERTEX_POINT('',#1237);
#355=VERTEX_POINT('',#1254);
#356=VERTEX_POINT('',#1259);
#357=VERTEX_POINT('',#1264);
#358=VERTEX_POINT('',#1471);
#359=VERTEX_POINT('',#1472);
#360=VERTEX_POINT('',#1477);
#361=VERTEX_POINT('',#1484);
#362=VERTEX_POINT('',#1492);
#363=VERTEX_POINT('',#1497);
#364=VERTEX_POINT('',#1512);
#365=VERTEX_POINT('',#1525);
#366=VERTEX_POINT('',#1793);
#367=VERTEX_POINT('',#1794);
#368=VERTEX_POINT('',#1799);
#369=VERTEX_POINT('',#1804);
#370=VERTEX_POINT('',#1815);
#371=VERTEX_POINT('',#1834);
#372=VERTEX_POINT('',#1839);
#373=VERTEX_POINT('',#1844);
#374=VERTEX_POINT('',#2051);
#375=VERTEX_POINT('',#2052);
#376=VERTEX_POINT('',#2057);
#377=VERTEX_POINT('',#2064);
#378=VERTEX_POINT('',#2072);
#379=VERTEX_POINT('',#2077);
#380=VERTEX_POINT('',#2094);
#381=VERTEX_POINT('',#2107);
#382=VERTEX_POINT('',#2381);
#383=VERTEX_POINT('',#2414);
#384=VERTEX_POINT('',#2723);
#385=VERTEX_POINT('',#2725);
#386=EDGE_CURVE('',#334,#335,#462,.T.);
#387=EDGE_CURVE('',#334,#336,#463,.T.);
#388=EDGE_CURVE('',#336,#337,#464,.T.);
#389=EDGE_CURVE('',#337,#338,#465,.T.);
#390=EDGE_CURVE('',#338,#339,#466,.T.);
#391=EDGE_CURVE('',#339,#340,#467,.T.);
#392=EDGE_CURVE('',#340,#341,#468,.T.);
#393=EDGE_CURVE('',#341,#335,#469,.T.);
#394=EDGE_CURVE('',#342,#343,#470,.T.);
#395=EDGE_CURVE('',#342,#344,#471,.T.);
#396=EDGE_CURVE('',#345,#344,#472,.T.);
#397=EDGE_CURVE('',#346,#345,#473,.T.);
#398=EDGE_CURVE('',#346,#347,#474,.T.);
#399=EDGE_CURVE('',#348,#347,#475,.T.);
#400=EDGE_CURVE('',#348,#349,#476,.T.);
#401=EDGE_CURVE('',#343,#349,#477,.T.);
#402=EDGE_CURVE('',#350,#351,#478,.T.);
#403=EDGE_CURVE('',#350,#352,#479,.T.);
#404=EDGE_CURVE('',#352,#353,#480,.T.);
#405=EDGE_CURVE('',#353,#354,#481,.T.);
#406=EDGE_CURVE('',#354,#355,#482,.T.);
#407=EDGE_CURVE('',#355,#356,#483,.T.);
#408=EDGE_CURVE('',#356,#357,#484,.T.);
#409=EDGE_CURVE('',#357,#351,#485,.T.);
#410=EDGE_CURVE('',#358,#359,#486,.T.);
#411=EDGE_CURVE('',#358,#360,#487,.T.);
#412=EDGE_CURVE('',#361,#360,#488,.T.);
#413=EDGE_CURVE('',#362,#361,#489,.T.);
#414=EDGE_CURVE('',#362,#363,#490,.T.);
#415=EDGE_CURVE('',#364,#363,#491,.T.);
#416=EDGE_CURVE('',#364,#365,#492,.T.);
#417=EDGE_CURVE('',#359,#365,#493,.T.);
#418=EDGE_CURVE('',#366,#367,#494,.T.);
#419=EDGE_CURVE('',#366,#368,#495,.T.);
#420=EDGE_CURVE('',#368,#369,#496,.T.);
#421=EDGE_CURVE('',#369,#370,#497,.T.);
#422=EDGE_CURVE('',#370,#371,#498,.T.);
#423=EDGE_CURVE('',#371,#372,#499,.T.);
#424=EDGE_CURVE('',#372,#373,#500,.T.);
#425=EDGE_CURVE('',#373,#367,#501,.T.);
#426=EDGE_CURVE('',#374,#375,#502,.T.);
#427=EDGE_CURVE('',#374,#376,#503,.T.);
#428=EDGE_CURVE('',#377,#376,#504,.T.);
#429=EDGE_CURVE('',#378,#377,#505,.T.);
#430=EDGE_CURVE('',#378,#379,#506,.T.);
#431=EDGE_CURVE('',#380,#379,#507,.T.);
#432=EDGE_CURVE('',#380,#381,#508,.T.);
#433=EDGE_CURVE('',#375,#381,#509,.T.);
#434=EDGE_CURVE('',#335,#376,#70,.T.);
#435=EDGE_CURVE('',#341,#377,#71,.T.);
#436=EDGE_CURVE('',#367,#360,#72,.T.);
#437=EDGE_CURVE('',#373,#361,#73,.T.);
#438=EDGE_CURVE('',#351,#344,#74,.T.);
#439=EDGE_CURVE('',#357,#345,#75,.T.);
#440=EDGE_CURVE('',#382,#382,#76,.T.);
#441=EDGE_CURVE('',#372,#378,#510,.T.);
#442=EDGE_CURVE('',#340,#346,#511,.T.);
#443=EDGE_CURVE('',#356,#362,#512,.T.);
#444=EDGE_CURVE('',#383,#383,#77,.T.);
#445=EDGE_CURVE('',#375,#336,#78,.T.);
#446=EDGE_CURVE('',#381,#369,#513,.T.);
#447=EDGE_CURVE('',#359,#368,#79,.T.);
#448=EDGE_CURVE('',#365,#353,#514,.T.);
#449=EDGE_CURVE('',#343,#352,#80,.T.);
#450=EDGE_CURVE('',#349,#337,#515,.T.);
#451=EDGE_CURVE('',#347,#339,#516,.T.);
#452=EDGE_CURVE('',#338,#348,#517,.T.);
#453=EDGE_CURVE('',#363,#355,#518,.T.);
#454=EDGE_CURVE('',#354,#364,#519,.T.);
#455=EDGE_CURVE('',#379,#371,#520,.T.);
#456=EDGE_CURVE('',#370,#380,#521,.T.);
#457=EDGE_CURVE('',#334,#374,#81,.T.);
#458=EDGE_CURVE('',#366,#358,#82,.T.);
#459=EDGE_CURVE('',#350,#342,#83,.T.);
#460=EDGE_CURVE('',#384,#384,#84,.T.);
#461=EDGE_CURVE('',#385,#385,#85,.T.);
#462=B_SPLINE_CURVE_WITH_KNOTS('',3,(#629,#630,#631,#632),.UNSPECIFIED.,
 .F.,.F.,(4,4),(0.,1.),.UNSPECIFIED.);
#463=B_SPLINE_CURVE_WITH_KNOTS('',3,(#635,#636,#637,#638),.UNSPECIFIED.,
 .F.,.F.,(4,4),(0.,1.),.UNSPECIFIED.);
#464=B_SPLINE_CURVE_WITH_KNOTS('',3,(#640,#641,#642,#643),.UNSPECIFIED.,
 .F.,.F.,(4,4),(0.,1.),.UNSPECIFIED.);
#465=B_SPLINE_CURVE_WITH_KNOTS('',3,(#645,#646,#647,#648,#649,#650,#651,
#652,#653,#654,#655,#656),.UNSPECIFIED.,.F.,.F.,(4,2,2,2,2,4),(0.,0.124999999999999,
0.249999999999997,0.499999999999998,0.749999999999999,1.),.UNSPECIFIED.);
#466=B_SPLINE_CURVE_WITH_KNOTS('',3,(#658,#659,#660,#661,#662,#663,#664,
#665,#666,#667,#668,#669,#670,#671,#672,#673),.UNSPECIFIED.,.F.,.F.,(4,
2,2,2,2,2,2,4),(0.,0.125,0.25,0.5,0.625,0.75,0.875,1.),.UNSPECIFIED.);
#467=B_SPLINE_CURVE_WITH_KNOTS('',3,(#675,#676,#677,#678),.UNSPECIFIED.,
 .F.,.F.,(4,4),(0.,1.),.UNSPECIFIED.);
#468=B_SPLINE_CURVE_WITH_KNOTS('',3,(#680,#681,#682,#683),.UNSPECIFIED.,
 .F.,.F.,(4,4),(0.,1.),.UNSPECIFIED.);
#469=B_SPLINE_CURVE_WITH_KNOTS('',3,(#685,#686,#687,#688,#689,#690),
 .UNSPECIFIED.,.F.,.F.,(4,2,4),(0.,0.5,1.),.UNSPECIFIED.);
#470=B_SPLINE_CURVE_WITH_KNOTS('',3,(#887,#888,#889,#890),.UNSPECIFIED.,
 .F.,.F.,(4,4),(0.,1.),.UNSPECIFIED.);
#471=B_SPLINE_CURVE_WITH_KNOTS('',3,(#893,#894,#895,#896),.UNSPECIFIED.,
 .F.,.F.,(4,4),(0.,1.),.UNSPECIFIED.);
#472=B_SPLINE_CURVE_WITH_KNOTS('',3,(#898,#899,#900,#901,#902,#903),
 .UNSPECIFIED.,.F.,.F.,(4,2,4),(0.,0.5,1.),.UNSPECIFIED.);
#473=B_SPLINE_CURVE_WITH_KNOTS('',3,(#905,#906,#907,#908,#909,#910,#911),
 .UNSPECIFIED.,.F.,.F.,(4,3,4),(0.,0.357313390430233,1.),.UNSPECIFIED.);
#474=B_SPLINE_CURVE_WITH_KNOTS('',3,(#913,#914,#915,#916),.UNSPECIFIED.,
 .F.,.F.,(4,4),(0.,1.),.UNSPECIFIED.);
#475=B_SPLINE_CURVE_WITH_KNOTS('',3,(#918,#919,#920,#921,#922,#923,#924,
#925,#926,#927,#928,#929,#930,#931),.UNSPECIFIED.,.F.,.F.,(4,2,2,2,2,2,
4),(0.,0.25,0.5,0.625,0.75,0.875,1.),.UNSPECIFIED.);
#476=B_SPLINE_CURVE_WITH_KNOTS('',3,(#933,#934,#935,#936,#937,#938,#939,
#940,#941,#942,#943,#944),.UNSPECIFIED.,.F.,.F.,(4,2,2,2,2,4),(0.,0.25,
0.5,0.75,0.875,1.),.UNSPECIFIED.);
#477=B_SPLINE_CURVE_WITH_KNOTS('',3,(#946,#947,#948,#949),.UNSPECIFIED.,
 .F.,.F.,(4,4),(0.,1.),.UNSPECIFIED.);
#478=B_SPLINE_CURVE_WITH_KNOTS('',3,(#1209,#1210,#1211,#1212),
 .UNSPECIFIED.,.F.,.F.,(4,4),(0.,1.),.UNSPECIFIED.);
#479=B_SPLINE_CURVE_WITH_KNOTS('',3,(#1215,#1216,#1217,#1218),
 .UNSPECIFIED.,.F.,.F.,(4,4),(0.,1.),.UNSPECIFIED.);
#480=B_SPLINE_CURVE_WITH_KNOTS('',3,(#1220,#1221,#1222,#1223),
 .UNSPECIFIED.,.F.,.F.,(4,4),(0.,1.),.UNSPECIFIED.);
#481=B_SPLINE_CURVE_WITH_KNOTS('',3,(#1225,#1226,#1227,#1228,#1229,#1230,
#1231,#1232,#1233,#1234,#1235,#1236),.UNSPECIFIED.,.F.,.F.,(4,2,2,2,2,4),
(0.,0.125000000000001,0.250000000000002,0.500000000000001,0.750000000000001,
1.),.UNSPECIFIED.);
#482=B_SPLINE_CURVE_WITH_KNOTS('',3,(#1238,#1239,#1240,#1241,#1242,#1243,
#1244,#1245,#1246,#1247,#1248,#1249,#1250,#1251,#1252,#1253),
 .UNSPECIFIED.,.F.,.F.,(4,2,2,2,2,2,2,4),(0.,0.125,0.25,0.5,0.625,0.75,
0.875,1.),.UNSPECIFIED.);
#483=B_SPLINE_CURVE_WITH_KNOTS('',3,(#1255,#1256,#1257,#1258),
 .UNSPECIFIED.,.F.,.F.,(4,4),(0.,1.),.UNSPECIFIED.);
#484=B_SPLINE_CURVE_WITH_KNOTS('',3,(#1260,#1261,#1262,#1263),
 .UNSPECIFIED.,.F.,.F.,(4,4),(0.,1.),.UNSPECIFIED.);
#485=B_SPLINE_CURVE_WITH_KNOTS('',3,(#1265,#1266,#1267,#1268,#1269,#1270),
 .UNSPECIFIED.,.F.,.F.,(4,2,4),(0.,0.5,1.),.UNSPECIFIED.);
#486=B_SPLINE_CURVE_WITH_KNOTS('',3,(#1467,#1468,#1469,#1470),
 .UNSPECIFIED.,.F.,.F.,(4,4),(0.,1.),.UNSPECIFIED.);
#487=B_SPLINE_CURVE_WITH_KNOTS('',3,(#1473,#1474,#1475,#1476),
 .UNSPECIFIED.,.F.,.F.,(4,4),(0.,1.),.UNSPECIFIED.);
#488=B_SPLINE_CURVE_WITH_KNOTS('',3,(#1478,#1479,#1480,#1481,#1482,#1483),
 .UNSPECIFIED.,.F.,.F.,(4,2,4),(0.,0.5,1.),.UNSPECIFIED.);
#489=B_SPLINE_CURVE_WITH_KNOTS('',3,(#1485,#1486,#1487,#1488,#1489,#1490,
#1491),.UNSPECIFIED.,.F.,.F.,(4,3,4),(0.,0.357313390430228,1.),
 .UNSPECIFIED.);
#490=B_SPLINE_CURVE_WITH_KNOTS('',3,(#1493,#1494,#1495,#1496),
 .UNSPECIFIED.,.F.,.F.,(4,4),(0.,1.),.UNSPECIFIED.);
#491=B_SPLINE_CURVE_WITH_KNOTS('',3,(#1498,#1499,#1500,#1501,#1502,#1503,
#1504,#1505,#1506,#1507,#1508,#1509,#1510,#1511),.UNSPECIFIED.,.F.,.F.,
(4,2,2,2,2,2,4),(0.,0.25,0.5,0.625,0.75,0.875,1.),.UNSPECIFIED.);
#492=B_SPLINE_CURVE_WITH_KNOTS('',3,(#1513,#1514,#1515,#1516,#1517,#1518,
#1519,#1520,#1521,#1522,#1523,#1524),.UNSPECIFIED.,.F.,.F.,(4,2,2,2,2,4),
(0.,0.25,0.5,0.750000000000001,0.875,1.),.UNSPECIFIED.);
#493=B_SPLINE_CURVE_WITH_KNOTS('',3,(#1526,#1527,#1528,#1529),
 .UNSPECIFIED.,.F.,.F.,(4,4),(0.,1.),.UNSPECIFIED.);
#494=B_SPLINE_CURVE_WITH_KNOTS('',3,(#1789,#1790,#1791,#1792),
 .UNSPECIFIED.,.F.,.F.,(4,4),(0.,1.),.UNSPECIFIED.);
#495=B_SPLINE_CURVE_WITH_KNOTS('',3,(#1795,#1796,#1797,#1798),
 .UNSPECIFIED.,.F.,.F.,(4,4),(0.,1.),.UNSPECIFIED.);
#496=B_SPLINE_CURVE_WITH_KNOTS('',3,(#1800,#1801,#1802,#1803),
 .UNSPECIFIED.,.F.,.F.,(4,4),(0.,1.),.UNSPECIFIED.);
#497=B_SPLINE_CURVE_WITH_KNOTS('',3,(#1805,#1806,#1807,#1808,#1809,#1810,
#1811,#1812,#1813,#1814),.UNSPECIFIED.,.F.,.F.,(4,2,2,2,4),(0.,0.125,0.25,
0.5,1.),.UNSPECIFIED.);
#498=B_SPLINE_CURVE_WITH_KNOTS('',3,(#1816,#1817,#1818,#1819,#1820,#1821,
#1822,#1823,#1824,#1825,#1826,#1827,#1828,#1829,#1830,#1831,#1832,#1833),
 .UNSPECIFIED.,.F.,.F.,(4,2,2,2,2,2,2,2,4),(0.,0.125,0.25,0.375,0.5,0.625,
0.75,0.875,1.),.UNSPECIFIED.);
#499=B_SPLINE_CURVE_WITH_KNOTS('',3,(#1835,#1836,#1837,#1838),
 .UNSPECIFIED.,.F.,.F.,(4,4),(0.,1.),.UNSPECIFIED.);
#500=B_SPLINE_CURVE_WITH_KNOTS('',3,(#1840,#1841,#1842,#1843),
 .UNSPECIFIED.,.F.,.F.,(4,4),(0.,1.),.UNSPECIFIED.);
#501=B_SPLINE_CURVE_WITH_KNOTS('',3,(#1845,#1846,#1847,#1848,#1849,#1850),
 .UNSPECIFIED.,.F.,.F.,(4,2,4),(0.,0.5,1.),.UNSPECIFIED.);
#502=B_SPLINE_CURVE_WITH_KNOTS('',3,(#2047,#2048,#2049,#2050),
 .UNSPECIFIED.,.F.,.F.,(4,4),(0.,1.),.UNSPECIFIED.);
#503=B_SPLINE_CURVE_WITH_KNOTS('',3,(#2053,#2054,#2055,#2056),
 .UNSPECIFIED.,.F.,.F.,(4,4),(0.,1.),.UNSPECIFIED.);
#504=B_SPLINE_CURVE_WITH_KNOTS('',3,(#2058,#2059,#2060,#2061,#2062,#2063),
 .UNSPECIFIED.,.F.,.F.,(4,2,4),(0.,0.5,1.),.UNSPECIFIED.);
#505=B_SPLINE_CURVE_WITH_KNOTS('',3,(#2065,#2066,#2067,#2068,#2069,#2070,
#2071),.UNSPECIFIED.,.F.,.F.,(4,3,4),(0.,0.27049968147374,1.),
 .UNSPECIFIED.);
#506=B_SPLINE_CURVE_WITH_KNOTS('',3,(#2073,#2074,#2075,#2076),
 .UNSPECIFIED.,.F.,.F.,(4,4),(0.,1.),.UNSPECIFIED.);
#507=B_SPLINE_CURVE_WITH_KNOTS('',3,(#2078,#2079,#2080,#2081,#2082,#2083,
#2084,#2085,#2086,#2087,#2088,#2089,#2090,#2091,#2092,#2093),
 .UNSPECIFIED.,.F.,.F.,(4,2,2,2,2,2,2,4),(0.,0.25,0.5,0.625,0.6875,0.75,
0.875,1.),.UNSPECIFIED.);
#508=B_SPLINE_CURVE_WITH_KNOTS('',3,(#2095,#2096,#2097,#2098,#2099,#2100,
#2101,#2102,#2103,#2104,#2105,#2106),.UNSPECIFIED.,.F.,.F.,(4,2,2,2,2,4),
(0.,0.25,0.5,0.75,0.875,1.),.UNSPECIFIED.);
#509=B_SPLINE_CURVE_WITH_KNOTS('',3,(#2108,#2109,#2110,#2111),
 .UNSPECIFIED.,.F.,.F.,(4,4),(0.,1.),.UNSPECIFIED.);
#510=B_SPLINE_CURVE_WITH_KNOTS('',3,(#2382,#2383,#2384,#2385,#2386,#2387,
#2388,#2389,#2390,#2391),.UNSPECIFIED.,.F.,.F.,(4,3,3,4),(0.,0.28848549834772,
0.775030278452623,1.),.UNSPECIFIED.);
#511=B_SPLINE_CURVE_WITH_KNOTS('',3,(#2392,#2393,#2394,#2395,#2396,#2397,
#2398,#2399,#2400,#2401),.UNSPECIFIED.,.F.,.F.,(4,3,3,4),(0.,0.275913402199133,
0.744535198168949,1.),.UNSPECIFIED.);
#512=B_SPLINE_CURVE_WITH_KNOTS('',3,(#2402,#2403,#2404,#2405,#2406,#2407,
#2408,#2409,#2410,#2411),.UNSPECIFIED.,.F.,.F.,(4,3,3,4),(0.,0.275913402199137,
0.744535198168941,1.),.UNSPECIFIED.);
#513=B_SPLINE_CURVE_WITH_KNOTS('',3,(#2416,#2417,#2418,#2419),
 .UNSPECIFIED.,.F.,.F.,(4,4),(0.,1.),.UNSPECIFIED.);
#514=B_SPLINE_CURVE_WITH_KNOTS('',3,(#2421,#2422,#2423,#2424),
 .UNSPECIFIED.,.F.,.F.,(4,4),(0.,1.),.UNSPECIFIED.);
#515=B_SPLINE_CURVE_WITH_KNOTS('',3,(#2426,#2427,#2428,#2429),
 .UNSPECIFIED.,.F.,.F.,(4,4),(0.,1.),.UNSPECIFIED.);
#516=B_SPLINE_CURVE_WITH_KNOTS('',3,(#2431,#2432,#2433,#2434,#2435,#2436,
#2437,#2438,#2439,#2440,#2441,#2442,#2443),.UNSPECIFIED.,.F.,.F.,(4,3,3,
3,4),(0.,0.286910933940424,0.567444443243507,0.848364120648877,1.),
 .UNSPECIFIED.);
#517=B_SPLINE_CURVE_WITH_KNOTS('',3,(#2444,#2445,#2446,#2447,#2448,#2449,
#2450,#2451,#2452,#2453,#2454,#2455,#2456),.UNSPECIFIED.,.F.,.F.,(4,3,3,
3,4),(0.,0.231529022622414,0.57637966580413,0.921282258500711,1.),
 .UNSPECIFIED.);
#518=B_SPLINE_CURVE_WITH_KNOTS('',3,(#2525,#2526,#2527,#2528,#2529,#2530,
#2531,#2532,#2533,#2534,#2535,#2536,#2537),.UNSPECIFIED.,.F.,.F.,(4,3,3,
3,4),(0.,0.286910933940417,0.567444443243499,0.848364120648874,1.),
 .UNSPECIFIED.);
#519=B_SPLINE_CURVE_WITH_KNOTS('',3,(#2538,#2539,#2540,#2541,#2542,#2543,
#2544,#2545,#2546,#2547,#2548,#2549,#2550),.UNSPECIFIED.,.F.,.F.,(4,3,3,
3,4),(0.,0.231529022622422,0.576379665804135,0.921282258500712,1.),
 .UNSPECIFIED.);
#520=B_SPLINE_CURVE_WITH_KNOTS('',3,(#2619,#2620,#2621,#2622,#2623,#2624,
#2625,#2626,#2627,#2628,#2629,#2630,#2631),.UNSPECIFIED.,.F.,.F.,(4,3,3,
3,4),(0.,0.135025171482443,0.422348439119967,0.710048382529391,1.),
 .UNSPECIFIED.);
#521=B_SPLINE_CURVE_WITH_KNOTS('',3,(#2632,#2633,#2634,#2635,#2636,#2637,
#2638,#2639,#2640,#2641,#2642,#2643,#2644),.UNSPECIFIED.,.F.,.F.,(4,3,3,
3,4),(0.,0.201344608497131,0.546555523097143,0.891815456872646,1.),
 .UNSPECIFIED.);
#522=PRESENTATION_LAYER_ASSIGNMENT('1','Layer 1',(#532,#38));
#523=STYLED_ITEM('',(#525),#532);
#524=STYLED_ITEM('',(#526),#38);
#525=PRESENTATION_STYLE_ASSIGNMENT((#527));
#526=PRESENTATION_STYLE_ASSIGNMENT((#33));
#527=CURVE_STYLE('',#530,POSITIVE_LENGTH_MEASURE(0.13),#528);
#528=COLOUR_RGB('Medium Maroon',0.6,0.4,0.4);
#529=COLOUR_RGB('Medium Steel',0.596063172350652,0.666666666666667,0.686259250782025);
#530=DRAUGHTING_PRE_DEFINED_CURVE_FONT('continuous');
#531=AXIS2_PLACEMENT_3D('',#627,#563,#564);
#532=AXIS2_PLACEMENT_3D('',#628,#565,#566);
#533=AXIS2_PLACEMENT_3D('',#2371,#567,#568);
#534=AXIS2_PLACEMENT_3D('',#2372,#569,#570);
#535=AXIS2_PLACEMENT_3D('',#2373,#571,#572);
#536=AXIS2_PLACEMENT_3D('',#2374,#573,#574);
#537=AXIS2_PLACEMENT_3D('',#2375,#575,#576);
#538=AXIS2_PLACEMENT_3D('',#2376,#577,#578);
#539=AXIS2_PLACEMENT_3D('',#2377,#579,#580);
#540=AXIS2_PLACEMENT_3D('',#2378,#581,#582);
#541=AXIS2_PLACEMENT_3D('',#2379,#583,#584);
#542=AXIS2_PLACEMENT_3D('',#2380,#585,#586);
#543=AXIS2_PLACEMENT_3D('',#2412,#587,#588);
#544=AXIS2_PLACEMENT_3D('',#2413,#589,#590);
#545=AXIS2_PLACEMENT_3D('',#2415,#591,#592);
#546=AXIS2_PLACEMENT_3D('',#2420,#593,#594);
#547=AXIS2_PLACEMENT_3D('',#2425,#595,#596);
#548=AXIS2_PLACEMENT_3D('',#2430,#597,#598);
#549=AXIS2_PLACEMENT_3D('',#2713,#599,#600);
#550=AXIS2_PLACEMENT_3D('',#2714,#601,#602);
#551=AXIS2_PLACEMENT_3D('',#2715,#603,#604);
#552=AXIS2_PLACEMENT_3D('',#2716,#605,#606);
#553=AXIS2_PLACEMENT_3D('',#2717,#607,#608);
#554=AXIS2_PLACEMENT_3D('',#2718,#609,#610);
#555=AXIS2_PLACEMENT_3D('',#2719,#611,#612);
#556=AXIS2_PLACEMENT_3D('',#2720,#613,#614);
#557=AXIS2_PLACEMENT_3D('',#2721,#615,#616);
#558=AXIS2_PLACEMENT_3D('',#2722,#617,#618);
#559=AXIS2_PLACEMENT_3D('',#2724,#619,#620);
#560=AXIS2_PLACEMENT_3D('',#2726,#621,#622);
#561=AXIS2_PLACEMENT_3D('',#2727,#623,#624);
#562=AXIS2_PLACEMENT_3D('',#2728,#625,#626);
#563=DIRECTION('',(0.,0.,1.));
#564=DIRECTION('',(1.,0.,0.));
#565=DIRECTION('',(0.,0.,1.));
#566=DIRECTION('',(1.,0.,0.));
#567=DIRECTION('',(0.,0.,-1.));
#568=DIRECTION('',(-1.,0.,0.));
#569=DIRECTION('',(0.,0.,-1.));
#570=DIRECTION('',(1.,1.22464679914735E-16,0.));
#571=DIRECTION('',(0.,0.,-1.));
#572=DIRECTION('',(-1.,0.,0.));
#573=DIRECTION('',(0.,0.,-1.));
#574=DIRECTION('',(-1.,0.,0.));
#575=DIRECTION('',(0.,0.,-1.));
#576=DIRECTION('',(1.,1.22464679914735E-16,0.));
#577=DIRECTION('',(0.,0.,-1.));
#578=DIRECTION('',(-1.,0.,0.));
#579=DIRECTION('',(0.,0.,-1.));
#580=DIRECTION('',(-1.,0.,0.));
#581=DIRECTION('',(0.,0.,-1.));
#582=DIRECTION('',(1.,1.22464679914735E-16,0.));
#583=DIRECTION('',(0.,0.,-1.));
#584=DIRECTION('',(-1.,0.,0.));
#585=DIRECTION('',(0.,0.,-1.));
#586=DIRECTION('',(-0.999999999999994,0.,0.));
#587=DIRECTION('',(0.,0.,-1.));
#588=DIRECTION('',(-1.,0.,0.));
#589=DIRECTION('',(0.,0.,1.));
#590=DIRECTION('',(1.,0.,0.));
#591=DIRECTION('',(0.,0.,1.));
#592=DIRECTION('',(1.,0.,0.));
#593=DIRECTION('',(0.,0.,1.));
#594=DIRECTION('',(1.,0.,0.));
#595=DIRECTION('',(0.,0.,1.));
#596=DIRECTION('',(1.,0.,0.));
#597=DIRECTION('',(0.,0.,-1.));
#598=DIRECTION('',(-1.,0.,0.));
#599=DIRECTION('',(0.,0.,-1.));
#600=DIRECTION('',(1.,0.,0.));
#601=DIRECTION('',(0.,0.,-1.));
#602=DIRECTION('',(-1.,0.,3.09810468238448E-17));
#603=DIRECTION('',(0.,0.,-1.));
#604=DIRECTION('',(-1.,0.,0.));
#605=DIRECTION('',(0.,0.,-1.));
#606=DIRECTION('',(1.,0.,0.));
#607=DIRECTION('',(0.,0.,-1.));
#608=DIRECTION('',(-1.,0.,3.09810468238448E-17));
#609=DIRECTION('',(0.,0.,-1.));
#610=DIRECTION('',(-1.,0.,0.));
#611=DIRECTION('',(0.,0.,-1.));
#612=DIRECTION('',(1.,0.,0.));
#613=DIRECTION('',(0.,0.,-1.));
#614=DIRECTION('',(-1.,0.,0.));
#615=DIRECTION('',(0.,0.,-1.));
#616=DIRECTION('',(-1.,0.,3.09810468238448E-17));
#617=DIRECTION('',(0.,0.,1.));
#618=DIRECTION('',(0.999999999999994,0.,0.));
#619=DIRECTION('',(0.,0.,-1.));
#620=DIRECTION('',(1.,0.,0.));
#621=DIRECTION('',(0.,0.,1.));
#622=DIRECTION('',(1.,0.,0.));
#623=DIRECTION('',(0.,0.,1.));
#624=DIRECTION('',(1.,0.,0.));
#625=DIRECTION('',(0.,0.,-1.));
#626=DIRECTION('',(-0.999999999999994,0.,0.));
#627=CARTESIAN_POINT('',(0.,0.,0.));
#628=CARTESIAN_POINT('',(-163.,0.,0.));
#629=CARTESIAN_POINT('',(-166.847503130763,6.43791267871561,5.99999999999999));
#630=CARTESIAN_POINT('',(-166.542478505056,5.26304561778356,8.6211824249247));
#631=CARTESIAN_POINT('',(-166.028980399981,4.19106530619898,11.2404517074852));
#632=CARTESIAN_POINT('',(-165.319202407465,3.25903362873262,13.875));
#633=CARTESIAN_POINT('',(-166.847503130763,6.43791267871558,6.));
#634=CARTESIAN_POINT('',(-165.319202407465,3.25903362873257,13.875));
#635=CARTESIAN_POINT('',(-166.847503130763,6.43791267871558,6.));
#636=CARTESIAN_POINT('',(-166.523056215292,6.63181256293856,4.00008725843248));
#637=CARTESIAN_POINT('',(-166.184098319571,6.80105092628902,1.99993453124691));
#638=CARTESIAN_POINT('',(-165.834261122971,6.94384359607941,-3.60226171808309E-14));
#639=CARTESIAN_POINT('',(-165.83426112297,6.94384359607979,0.));
#640=CARTESIAN_POINT('',(-165.834261122967,6.94384359607244,3.98444298388423E-15));
#641=CARTESIAN_POINT('',(-174.643453137912,22.3670141317953,3.98444298388423E-15));
#642=CARTESIAN_POINT('',(-183.215442197107,37.9239624297358,2.87855676794901E-14));
#643=CARTESIAN_POINT('',(-191.768620636545,53.490555771669,2.87855676794901E-14));
#644=CARTESIAN_POINT('',(-191.768620636545,53.490555771669,-1.62630325872826E-16));
#645=CARTESIAN_POINT('',(-191.768620636545,53.490555771669,0.));
#646=CARTESIAN_POINT('',(-192.159759231626,54.20241926114,6.08339062718039E-15));
#647=CARTESIAN_POINT('',(-192.723284518104,54.8029492627195,0.132808171159054));
#648=CARTESIAN_POINT('',(-194.041090378554,55.5747607728929,0.617445087351086));
#649=CARTESIAN_POINT('',(-194.778079631863,55.7527004725073,0.957741999443476));
#650=CARTESIAN_POINT('',(-196.925442536576,55.8496260385385,2.05859602248226));
#651=CARTESIAN_POINT('',(-198.273407761255,55.3966516155406,2.88427761883086));
#652=CARTESIAN_POINT('',(-200.691696360215,54.1249694807284,4.51195739243938));
#653=CARTESIAN_POINT('',(-201.790372053502,53.2681232919245,5.33969827130646));
#654=CARTESIAN_POINT('',(-203.70431392621,51.3417327817862,6.95246366312697));
#655=CARTESIAN_POINT('',(-204.53709284254,50.2591003004478,7.74964109350553));
#656=CARTESIAN_POINT('',(-205.243501976085,49.0647227303479,8.54967844699125));
#657=CARTESIAN_POINT('',(-205.243495854942,49.0647208877498,8.54968110077611));
#658=CARTESIAN_POINT('',(-205.243492873705,49.0647162913535,8.54967687113862));
#659=CARTESIAN_POINT('',(-208.512990430228,43.5366820397964,12.2525399791583));
#660=CARTESIAN_POINT('',(-210.768607893479,37.74564375349,15.9497330337425));
#661=CARTESIAN_POINT('',(-213.334051691561,26.2936871645387,23.36606419227));
#662=CARTESIAN_POINT('',(-213.643207551748,20.6385336344623,27.0806703714313));
#663=CARTESIAN_POINT('',(-212.050091955693,4.75524327267521,38.2048574443635));
#664=CARTESIAN_POINT('',(-207.605980157561,-4.2964787195414,45.6058963356302));
#665=CARTESIAN_POINT('',(-198.743860443432,-13.4773278602628,56.7156307939081));
#666=CARTESIAN_POINT('',(-195.438635535883,-15.8381004897088,60.4179556144602));
#667=CARTESIAN_POINT('',(-188.693160943645,-19.0850320426275,67.8146251556354));
#668=CARTESIAN_POINT('',(-185.249958443492,-19.9828462512169,71.5116733734999));
#669=CARTESIAN_POINT('',(-178.749630114727,-20.4545416405742,78.8972254087638));
#670=CARTESIAN_POINT('',(-175.689616997428,-20.0313111947981,82.5909008364731));
#671=CARTESIAN_POINT('',(-170.372311987298,-18.1863697228856,89.9669228437515));
#672=CARTESIAN_POINT('',(-168.120897656797,-16.7601273403768,93.6522772226676));
#673=CARTESIAN_POINT('',(-166.399250254687,-15.0479002344571,97.3369741069542));
#674=CARTESIAN_POINT('',(-166.399253922207,-15.0479722113365,97.3370092716758));
#675=CARTESIAN_POINT('',(-166.399244891687,-15.0480460030552,97.3370393333103));
#676=CARTESIAN_POINT('',(-165.686703376684,-14.3393302776636,98.8619952421688));
#677=CARTESIAN_POINT('',(-165.172831675689,-12.6943757794117,99.9999999999998));
#678=CARTESIAN_POINT('',(-165.027556083555,-10.8704434468034,100.));
#679=CARTESIAN_POINT('',(-165.027556083555,-10.8704434468033,100.));
#680=CARTESIAN_POINT('',(-165.027556083555,-10.8704434468034,100.));
#681=CARTESIAN_POINT('',(-164.838253077798,-8.4937477625111,100.));
#682=CARTESIAN_POINT('',(-164.630450933764,-6.11850844936353,100.));
#683=CARTESIAN_POINT('',(-164.405582575501,-3.74490822630531,100.));
#684=CARTESIAN_POINT('',(-164.405582575501,-3.7449082263052,100.));
#685=CARTESIAN_POINT('',(-164.405582575501,-3.7449082263052,100.));
#686=CARTESIAN_POINT('',(-165.756477108457,-3.23787475522441,85.6441427354839));
#687=CARTESIAN_POINT('',(-166.78007732424,-1.94757409706308,71.2911678239376));
#688=CARTESIAN_POINT('',(-167.152886442939,0.914091698265427,42.583190628885));
#689=CARTESIAN_POINT('',(-166.495601816884,2.42188106963911,28.2305691777693));
#690=CARTESIAN_POINT('',(-165.319202407465,3.25903362873259,13.875));
#691=CARTESIAN_POINT('',(-163.378519628663,2.84494046578995,-1.37814731915551));
#692=CARTESIAN_POINT('',(-163.541337425426,2.84476042841009,0.750208723882176));
#693=CARTESIAN_POINT('',(-163.705973038664,2.83197007320421,2.87950685718504));
#694=CARTESIAN_POINT('',(-163.869720994091,2.80398306724368,5.00862568900467));
#695=CARTESIAN_POINT('',(-164.033468949519,2.77599606128315,7.13774452082431));
#696=CARTESIAN_POINT('',(-164.196520947522,2.7336982692019,9.2669603281099));
#697=CARTESIAN_POINT('',(-164.356617306774,2.67736225119148,11.3961628392007));
#698=CARTESIAN_POINT('',(-164.676810025277,2.56469021517065,15.6545678613824));
#699=CARTESIAN_POINT('',(-164.985483787595,2.39574605887589,19.9126055858203));
#700=CARTESIAN_POINT('',(-165.260648640862,2.17485042207895,24.1707043350701));
#701=CARTESIAN_POINT('',(-165.535813494129,1.95395478528202,28.4288030843198));
#702=CARTESIAN_POINT('',(-165.776689364145,1.68054526164346,32.6870580700772));
#703=CARTESIAN_POINT('',(-165.969782386596,1.36832958568246,36.9453086422044));
#704=CARTESIAN_POINT('',(-166.162875409047,1.05611390972146,41.2035592143316));
#705=CARTESIAN_POINT('',(-166.308186507849,0.705004133012834,45.4615081206136));
#706=CARTESIAN_POINT('',(-166.390253877509,0.333327617896551,49.7196403633528));
#707=CARTESIAN_POINT('',(-166.47232124717,-0.0383488972197313,53.977772606092));
#708=CARTESIAN_POINT('',(-166.490679030758,-0.430561639616376,58.2359152269305));
#709=CARTESIAN_POINT('',(-166.443220348256,-0.822774540579923,62.4940417215645));
#710=CARTESIAN_POINT('',(-166.395761665754,-1.21498744154347,66.7521682161984));
#711=CARTESIAN_POINT('',(-166.282467284992,-1.60720026832742,71.0100654905111));
#712=CARTESIAN_POINT('',(-166.102698846066,-1.97416315015292,75.2681719143251));
#713=CARTESIAN_POINT('',(-165.922930407141,-2.34112603197843,79.5262783381392));
#714=CARTESIAN_POINT('',(-165.676878884223,-2.6830088177718,83.784378475798));
#715=CARTESIAN_POINT('',(-165.3759199293,-2.98077526482706,88.0424605122283));
#716=CARTESIAN_POINT('',(-165.074960974377,-3.27854171188232,92.3005425486585));
#717=CARTESIAN_POINT('',(-164.719077977835,-3.53107403586475,96.5586892813427));
#718=CARTESIAN_POINT('',(-164.324611022813,-3.72087753999554,100.816408445123));
#719=CARTESIAN_POINT('',(-168.662118851917,12.7789874272107,-1.09674139398052));
#720=CARTESIAN_POINT('',(-169.2615339626,12.3154299378703,1.0296700720283));
#721=CARTESIAN_POINT('',(-169.816993712,11.8159455525498,3.1503249942095));
#722=CARTESIAN_POINT('',(-170.31520721779,11.2821942326277,5.27209362409736));
#723=CARTESIAN_POINT('',(-170.813420723579,10.7484429127055,7.39386225398523));
#724=CARTESIAN_POINT('',(-171.257575853584,10.1832447929775,9.51493255035448));
#725=CARTESIAN_POINT('',(-171.644689576766,9.59750226435324,11.6359374049944));
#726=CARTESIAN_POINT('',(-172.418917023129,8.42601720710471,15.8779471142741));
#727=CARTESIAN_POINT('',(-172.963014502809,7.17265030068148,20.1217949860997));
#728=CARTESIAN_POINT('',(-173.278477392198,5.92031966316985,24.3660673495921));
#729=CARTESIAN_POINT('',(-173.593940281587,4.66798902565822,28.6103397130845));
#730=CARTESIAN_POINT('',(-173.678823639066,3.41731332473668,32.8547409173827));
#731=CARTESIAN_POINT('',(-173.568516675431,2.24253617254461,37.0980446337041));
#732=CARTESIAN_POINT('',(-173.458209711797,1.06775902035254,41.3413483500255));
#733=CARTESIAN_POINT('',(-173.152054973382,-0.0303881163100669,45.5857873537863));
#734=CARTESIAN_POINT('',(-172.699617068472,-0.997608524020201,49.8298576424223));
#735=CARTESIAN_POINT('',(-172.247179163563,-1.96482893173034,54.0739279310582));
#736=CARTESIAN_POINT('',(-171.647864828769,-2.80047999641416,58.3191444196942));
#737=CARTESIAN_POINT('',(-170.970184179463,-3.47656725273555,62.5633262623454));
#738=CARTESIAN_POINT('',(-170.292503530158,-4.15265450905693,66.8075081049965));
#739=CARTESIAN_POINT('',(-169.536442458354,-4.66912322929897,71.0522781795007));
#740=CARTESIAN_POINT('',(-168.766430909514,-5.02063630909034,75.2966185042468));
#741=CARTESIAN_POINT('',(-167.996419360673,-5.3721493888817,79.540958828993));
#742=CARTESIAN_POINT('',(-167.212401325172,-5.55926459634346,83.7864370750569));
#743=CARTESIAN_POINT('',(-166.476001075024,-5.60565060229144,88.0310662282848));
#744=CARTESIAN_POINT('',(-165.739600824876,-5.65203660823942,92.2756953815128));
#745=CARTESIAN_POINT('',(-165.051437254322,-5.5567737152817,96.5181112869314));
#746=CARTESIAN_POINT('',(-164.450847671568,-5.36130223528903,100.766898467994));
#747=CARTESIAN_POINT('',(-174.050670828441,22.6574415341273,-0.882829249980677));
#748=CARTESIAN_POINT('',(-175.082461748747,21.725543077397,1.24328060115818));
#749=CARTESIAN_POINT('',(-176.020940372928,20.7368396463208,3.36027458260449));
#750=CARTESIAN_POINT('',(-176.847243633505,19.6948192886959,5.47784690691094));
#751=CARTESIAN_POINT('',(-177.673546894083,18.652798931071,7.59541923121738));
#752=CARTESIAN_POINT('',(-178.392404877889,17.5629219173235,9.71122150128246));
#753=CARTESIAN_POINT('',(-179.000179941235,16.4468066140023,11.8267638096526));
#754=CARTESIAN_POINT('',(-180.215730067926,14.2145760073599,16.0578484263928));
#755=CARTESIAN_POINT('',(-180.983447406724,11.8773475945328,20.2918722632368));
#756=CARTESIAN_POINT('',(-181.328829440274,9.59626150926723,24.5267619361811));
#757=CARTESIAN_POINT('',(-181.674211473824,7.31517542400161,28.7616516091253));
#758=CARTESIAN_POINT('',(-181.594442187582,5.09130156456677,32.9960763759346));
#759=CARTESIAN_POINT('',(-181.173850894966,3.05934640578394,37.2278158864153));
#760=CARTESIAN_POINT('',(-180.75325960235,1.02739124700111,41.4595553968961));
#761=CARTESIAN_POINT('',(-179.990650742171,-0.812012280326774,45.6931619438876));
#762=CARTESIAN_POINT('',(-179.000484514767,-2.36867158077863,49.9256670268969));
#763=CARTESIAN_POINT('',(-178.010318287362,-3.92533088123048,54.1581721099063));
#764=CARTESIAN_POINT('',(-176.791692347333,-5.19883021240979,58.3923567255255));
#765=CARTESIAN_POINT('',(-175.483488569174,-6.15358174999942,62.6243460063395));
#766=CARTESIAN_POINT('',(-174.175284791016,-7.10833328758905,66.8563352871536));
#767=CARTESIAN_POINT('',(-172.777110193308,-7.74488090954974,71.0892514737879));
#768=CARTESIAN_POINT('',(-171.418231624662,-8.07749015772303,75.3209450435782));
#769=CARTESIAN_POINT('',(-170.059353056016,-8.41009940589633,79.5526386133686));
#770=CARTESIAN_POINT('',(-168.739036014448,-8.44010285418182,83.7862925713959));
#771=CARTESIAN_POINT('',(-167.568966624035,-8.23347972114907,88.01815554746));
#772=CARTESIAN_POINT('',(-166.398897233621,-8.02685658811632,92.2500185235241));
#773=CARTESIAN_POINT('',(-165.380383742015,-7.58300639588029,96.4772139819827));
#774=CARTESIAN_POINT('',(-164.574484013558,-7.00193125627077,100.717351331242));
#775=CARTESIAN_POINT('',(-179.409304290299,32.5517444327419,-0.769414040542043));
#776=CARTESIAN_POINT('',(-180.875361241588,31.152557921987,1.3571297478422));
#777=CARTESIAN_POINT('',(-182.201095033285,29.6739753620899,3.47348871386937));
#778=CARTESIAN_POINT('',(-183.358351248424,28.1232590379851,5.58911210547015));
#779=CARTESIAN_POINT('',(-184.515607463563,26.5725427138803,7.70473549707092));
#780=CARTESIAN_POINT('',(-185.511754501106,24.9572511499899,9.81764290334321));
#781=CARTESIAN_POINT('',(-186.342517868776,23.3097605302505,11.9303126197021));
#782=CARTESIAN_POINT('',(-188.004044604115,20.0147792907718,16.1556520524199));
#783=CARTESIAN_POINT('',(-188.99862316116,16.5910703264804,20.3851005274989));
#784=CARTESIAN_POINT('',(-189.376091332808,13.2782868121944,24.6161068986102));
#785=CARTESIAN_POINT('',(-189.753559504456,9.96550329790835,28.8471132697216));
#786=CARTESIAN_POINT('',(-189.509998004414,6.76554846275557,33.0767213668116));
#787=CARTESIAN_POINT('',(-188.779153186184,3.87402885179583,37.3024366090051));
#788=CARTESIAN_POINT('',(-188.048308367954,0.982509240836088,41.5281518511985));
#789=CARTESIAN_POINT('',(-186.828449999931,-1.59980894685469,45.7559865695201));
#790=CARTESIAN_POINT('',(-185.299539296741,-3.74689196228848,49.9821344019612));
#791=CARTESIAN_POINT('',(-183.770628593551,-5.89397497772227,54.2082822344023));
#792=CARTESIAN_POINT('',(-181.931492792992,-7.60544262126069,58.435948696882));
#793=CARTESIAN_POINT('',(-179.991873836791,-8.83844108354246,62.6602235470214));
#794=CARTESIAN_POINT('',(-178.052254880589,-10.0714395458242,66.8844983971609));
#795=CARTESIAN_POINT('',(-176.011388513064,-10.8270782367224,71.1092169997131));
#796=CARTESIAN_POINT('',(-174.06362850767,-11.1396438229057,75.3316669711598));
#797=CARTESIAN_POINT('',(-172.115868502276,-11.452209409089,79.5541169426065));
#798=CARTESIAN_POINT('',(-170.259687212304,-11.3239000935037,83.7785118218546));
#799=CARTESIAN_POINT('',(-168.656758447908,-10.8633192920639,87.9997692619889));
#800=CARTESIAN_POINT('',(-167.053829683512,-10.4027384906242,92.2210267021233));
#801=CARTESIAN_POINT('',(-165.706304267572,-9.60966031811499,96.4346473639335));
#802=CARTESIAN_POINT('',(-164.695703916979,-8.6426982220807,100.666831387895));
#803=CARTESIAN_POINT('',(-184.767937752158,42.4460473313566,-0.655998831103408));
#804=CARTESIAN_POINT('',(-186.668260734429,40.5795727665771,1.47097889452622));
#805=CARTESIAN_POINT('',(-188.381249693643,38.6111110778589,3.58670284513426));
#806=CARTESIAN_POINT('',(-189.869458863343,36.5516987872742,5.70037730402936));
#807=CARTESIAN_POINT('',(-191.357668033043,34.4922864966896,7.81405176292446));
#808=CARTESIAN_POINT('',(-192.631104124323,32.3515803826563,9.92406430540397));
#809=CARTESIAN_POINT('',(-193.684855796317,30.1727144464988,12.0338614297516));
#810=CARTESIAN_POINT('',(-195.792359140305,25.8149825741837,16.2534556784469));
#811=CARTESIAN_POINT('',(-197.013798915597,21.3047930584279,20.4783287917609));
#812=CARTESIAN_POINT('',(-197.423353225342,16.9603121151215,24.7054518610394));
#813=CARTESIAN_POINT('',(-197.832907535088,12.6158311718151,28.9325749303179));
#814=CARTESIAN_POINT('',(-197.425553821245,8.43979536094437,33.1573663576886));
#815=CARTESIAN_POINT('',(-196.384455477402,4.68871129780772,37.3770573315948));
#816=CARTESIAN_POINT('',(-195.343357133558,0.937627234671067,41.5967483055009));
#817=CARTESIAN_POINT('',(-193.66624925769,-2.38760561338261,45.8188111951526));
#818=CARTESIAN_POINT('',(-191.598594078715,-5.12511234379833,50.0386017770254));
#819=CARTESIAN_POINT('',(-189.53093889974,-7.86261907421406,54.2583923588982));
#820=CARTESIAN_POINT('',(-187.071293238652,-10.0120550301116,58.4795406682386));
#821=CARTESIAN_POINT('',(-184.500259104407,-11.5233004170855,62.6961010877033));
#822=CARTESIAN_POINT('',(-181.929224970163,-13.0345458040594,66.9126615071681));
#823=CARTESIAN_POINT('',(-179.24566683282,-13.909275563895,71.1291825256383));
#824=CARTESIAN_POINT('',(-176.709025390678,-14.2017974880883,75.3423888987414));
#825=CARTESIAN_POINT('',(-174.172383948536,-14.4943194122817,79.5555952718444));
#826=CARTESIAN_POINT('',(-171.780338410159,-14.2076973328255,83.7707310723133));
#827=CARTESIAN_POINT('',(-169.744550271781,-13.4931588629788,87.9813829765179));
#828=CARTESIAN_POINT('',(-167.708762133404,-12.778620393132,92.1920348807225));
#829=CARTESIAN_POINT('',(-166.03222479313,-11.6363142403497,96.3920807458843));
#830=CARTESIAN_POINT('',(-164.816923820401,-10.2834651878906,100.616311444548));
#831=CARTESIAN_POINT('',(-190.105941320193,52.3512785135822,-0.60877805926573));
#832=CARTESIAN_POINT('',(-192.441583964313,50.0183741628256,1.51882291762131));
#833=CARTESIAN_POINT('',(-194.54409022053,47.5600336900226,3.63482644026615));
#834=CARTESIAN_POINT('',(-196.364940334593,44.9919488841917,5.74731635553872));
#835=CARTESIAN_POINT('',(-198.185790448657,42.4238640783608,7.85980627081129));
#836=CARTESIAN_POINT('',(-199.738144035568,39.7575380083099,9.9677974502838));
#837=CARTESIAN_POINT('',(-201.016430449014,37.0468555800917,12.0757594679818));
#838=CARTESIAN_POINT('',(-203.573003275908,31.6254907236552,16.2916835033777));
#839=CARTESIAN_POINT('',(-205.023806745327,26.0272818954041,20.514371100932));
#840=CARTESIAN_POINT('',(-205.46725867226,20.6491067258077,24.7403830848817));
#841=CARTESIAN_POINT('',(-205.910710599193,15.2709315562113,28.9663950688314));
#842=CARTESIAN_POINT('',(-205.340544743878,10.1166179141203,33.1892202848683));
#843=CARTESIAN_POINT('',(-203.989470857128,5.50386989589613,37.4062934496406));
#844=CARTESIAN_POINT('',(-202.638396970377,0.891121877671937,41.6233666144129));
#845=CARTESIAN_POINT('',(-200.503596792513,-3.17875455909735,45.843068540873));
#846=CARTESIAN_POINT('',(-197.896407039585,-6.50793354447288,50.0603031037154));
#847=CARTESIAN_POINT('',(-195.289217286656,-9.83711252984841,54.2775376665578));
#848=CARTESIAN_POINT('',(-192.207975047606,-12.4250560397219,58.495746007961));
#849=CARTESIAN_POINT('',(-189.004600882967,-14.2145391740598,62.708359560373));
#850=CARTESIAN_POINT('',(-185.801226718327,-16.0040223083977,66.920973112785));
#851=CARTESIAN_POINT('',(-182.47426217209,-16.9971992872295,71.1325970822252));
#852=CARTESIAN_POINT('',(-179.348562678074,-17.2687786760322,75.3397449200081));
#853=CARTESIAN_POINT('',(-176.222863184057,-17.540358064835,79.5468927577911));
#854=CARTESIAN_POINT('',(-173.295244766165,-17.0943341016803,83.7552924421041));
#855=CARTESIAN_POINT('',(-170.827313254119,-16.1249467204348,87.9574875179675));
#856=CARTESIAN_POINT('',(-168.359381742074,-15.1555593391893,92.1596825938309));
#857=CARTESIAN_POINT('',(-166.355135497757,-13.6633864907677,96.3478263153604));
#858=CARTESIAN_POINT('',(-164.935734547324,-11.9243688598524,100.564806728854));
#859=CARTESIAN_POINT('',(-195.425548504316,62.2662543891174,-0.574844467294593));
#860=CARTESIAN_POINT('',(-198.197028609103,59.4679083227329,1.55318050181808));
#861=CARTESIAN_POINT('',(-200.689746967798,56.5205843357493,3.66879214255643));
#862=CARTESIAN_POINT('',(-202.844013998839,53.4446219601977,5.77963853534665));
#863=CARTESIAN_POINT('',(-204.99828102988,50.3686595846462,7.89048492813686));
#864=CARTESIAN_POINT('',(-206.83043241605,47.1774012513619,9.99600662595607));
#865=CARTESIAN_POINT('',(-208.334217213976,43.9354380391202,12.1016907970287));
#866=CARTESIAN_POINT('',(-211.341786809829,37.4515116146369,16.3130591391741));
#867=CARTESIAN_POINT('',(-213.024137477123,30.765813729106,20.5328071377731));
#868=CARTESIAN_POINT('',(-213.503603507065,24.3538796983355,24.7570203014886));
#869=CARTESIAN_POINT('',(-213.983069537006,17.9419456675651,28.981233465204));
#870=CARTESIAN_POINT('',(-213.25211386354,11.808792281935,33.2015396368843));
#871=CARTESIAN_POINT('',(-211.592729054209,6.33318139212328,37.4157191949822));
#872=CARTESIAN_POINT('',(-209.933344244878,0.857570502311596,41.6298987530801));
#873=CARTESIAN_POINT('',(-207.342114898788,-3.95854022964866,45.8472306216833));
#874=CARTESIAN_POINT('',(-204.196043559641,-7.88125856611331,50.0622861480994));
#875=CARTESIAN_POINT('',(-201.049972220494,-11.803976902578,54.2773416745156));
#876=CARTESIAN_POINT('',(-197.347227222312,-14.8322953554685,58.4933121578229));
#877=CARTESIAN_POINT('',(-193.511070127416,-16.9017234004047,62.7031722212402));
#878=CARTESIAN_POINT('',(-189.67491303252,-18.9711514453409,66.9130322846574));
#879=CARTESIAN_POINT('',(-185.703709784042,-20.0840477951276,71.1212496677695));
#880=CARTESIAN_POINT('',(-181.988050236664,-20.3354971681137,75.3242557173231));
#881=CARTESIAN_POINT('',(-178.272390689285,-20.5869465410998,79.5272617668767));
#882=CARTESIAN_POINT('',(-174.808401883698,-19.9817251289793,83.7309391333492));
#883=CARTESIAN_POINT('',(-171.90795394755,-18.757414575234,87.9267349051769));
#884=CARTESIAN_POINT('',(-169.007506011403,-17.5331040214887,92.1225306770046));
#885=CARTESIAN_POINT('',(-166.675857577399,-15.6907170986938,96.3009141009392));
#886=CARTESIAN_POINT('',(-165.052619640081,-13.5653290550823,100.511561950956));
#887=CARTESIAN_POINT('',(-168.436392654728,5.16678187110865,6.));
#888=CARTESIAN_POINT('',(-168.175991074532,5.4407716142742,4.00008978663888));
#889=CARTESIAN_POINT('',(-167.89498442838,5.69490066866113,1.99993851001273));
#890=CARTESIAN_POINT('',(-167.59641379758,5.92646439299316,6.94024915662284E-14));
#891=CARTESIAN_POINT('',(-168.436392654728,5.16678187110865,6.));
#892=CARTESIAN_POINT('',(-167.59641379758,5.92646439299316,6.94024915662284E-14));
#893=CARTESIAN_POINT('',(-168.436392654728,5.16678187110865,6.));
#894=CARTESIAN_POINT('',(-168.038761967278,3.89321616793099,8.62257382061786));
#895=CARTESIAN_POINT('',(-167.425779022291,2.73216964809378,11.2412341166817));
#896=CARTESIAN_POINT('',(-166.611289560119,1.72005456685997,13.875));
#897=CARTESIAN_POINT('',(-166.611289560119,1.72005456686001,13.875));
#898=CARTESIAN_POINT('',(-162.407059702528,-3.95580861564781,100.));
#899=CARTESIAN_POINT('',(-163.833622525114,-4.16963761158084,85.6442641973432));
#900=CARTESIAN_POINT('',(-165.355998765763,-3.53996413863104,71.290563947856));
#901=CARTESIAN_POINT('',(-167.073329915533,-1.22068000978743,42.5839690765847));
#902=CARTESIAN_POINT('',(-167.232144311557,0.416557384029315,28.2301706572278));
#903=CARTESIAN_POINT('',(-166.611289560119,1.72005456685998,13.875));
#904=CARTESIAN_POINT('',(-162.407059702529,-3.95580861566438,100.));
#905=CARTESIAN_POINT('',(-162.931613234135,-10.7198790874445,100.));
#906=CARTESIAN_POINT('',(-162.879462371603,-9.91349601551143,100.));
#907=CARTESIAN_POINT('',(-162.823402816224,-9.10735734373715,100.));
#908=CARTESIAN_POINT('',(-162.763674003307,-8.30150013549824,100.));
#909=CARTESIAN_POINT('',(-162.656242617468,-6.85204295660122,100.));
#910=CARTESIAN_POINT('',(-162.536943667239,-5.40342658040192,100.));
#911=CARTESIAN_POINT('',(-162.407059702529,-3.95580861566438,100.));
#912=CARTESIAN_POINT('',(-162.931613234135,-10.7198790874445,100.));
#913=CARTESIAN_POINT('',(-162.93161323414,-10.7198790874451,100.));
#914=CARTESIAN_POINT('',(-163.046740760644,-12.5000392607924,100.));
#915=CARTESIAN_POINT('',(-163.505310627312,-14.1290083608566,98.9206253489037));
#916=CARTESIAN_POINT('',(-164.167608343957,-14.8813967465843,97.4480060508446));
#917=CARTESIAN_POINT('',(-164.167608343958,-14.8813967465856,97.4480060508419));
#918=CARTESIAN_POINT('',(-207.485621331159,45.6780961427703,8.61515224249953));
#919=CARTESIAN_POINT('',(-211.9841589612,36.8441819420135,14.3805612113748));
#920=CARTESIAN_POINT('',(-214.212695089679,27.004421666585,20.4561331941856));
#921=CARTESIAN_POINT('',(-213.238146575832,8.02543625793783,33.3497139830504));
#922=CARTESIAN_POINT('',(-210.008794617464,-1.09481733196367,40.1492105601287));
#923=CARTESIAN_POINT('',(-201.831571979225,-11.5833739721283,51.1007863568878));
#924=CARTESIAN_POINT('',(-198.548315768037,-14.5408197533657,54.8934830514088));
#925=CARTESIAN_POINT('',(-191.448115123888,-18.9292998601928,62.6416029776363));
#926=CARTESIAN_POINT('',(-187.604028267244,-20.3800011012274,66.6305023070837));
#927=CARTESIAN_POINT('',(-179.851849566516,-21.5937545686621,74.9900651384293));
#928=CARTESIAN_POINT('',(-176.085036089798,-21.3337005437857,79.213355072727));
#929=CARTESIAN_POINT('',(-169.235687040971,-19.1823803483204,88.1514997429898));
#930=CARTESIAN_POINT('',(-166.298027863211,-17.3016117990144,92.7110172040354));
#931=CARTESIAN_POINT('',(-164.167608343958,-14.8813967465857,97.4480060508419));
#932=CARTESIAN_POINT('',(-207.485621331159,45.6780961427703,8.61515224249952));
#933=CARTESIAN_POINT('',(-207.48562133116,45.6780961427708,8.61515224249211));
#934=CARTESIAN_POINT('',(-206.858436923354,46.9097171054616,7.81134111379179));
#935=CARTESIAN_POINT('',(-206.097260005124,48.0367145431713,7.00951195358241));
#936=CARTESIAN_POINT('',(-204.310609943051,50.0654316860818,5.38508577110894));
#937=CARTESIAN_POINT('',(-203.270450757735,50.9800848354003,4.55163269554042));
#938=CARTESIAN_POINT('',(-200.932785120629,52.3800521458857,2.90428363996751));
#939=CARTESIAN_POINT('',(-199.611822694591,52.9004175018417,2.06728780465239));
#940=CARTESIAN_POINT('',(-197.477874934443,52.8962876700635,0.958724664314387));
#941=CARTESIAN_POINT('',(-196.741853782668,52.7492309888465,0.617926749980122));
#942=CARTESIAN_POINT('',(-195.397620697916,52.0271924584093,0.131405004118186));
#943=CARTESIAN_POINT('',(-194.811762649248,51.4456174539631,2.49366499671666E-14));
#944=CARTESIAN_POINT('',(-194.392265179534,50.7532199647355,2.91650384398601E-14));
#945=CARTESIAN_POINT('',(-194.392265179534,50.7532199647354,0.));
#946=CARTESIAN_POINT('',(-167.59641379758,5.92646439299317,3.61852475067037E-15));
#947=CARTESIAN_POINT('',(-176.370750039858,20.9621478279408,3.61852475067037E-15));
#948=CARTESIAN_POINT('',(-185.371500288072,35.8640837656072,4.55364912443912E-15));
#949=CARTESIAN_POINT('',(-194.392265179534,50.7532199647354,4.55364912443912E-15));
#950=CARTESIAN_POINT('',(-197.610279165151,60.4216565944629,-1.28638292283764));
#951=CARTESIAN_POINT('',(-198.915228065585,58.9757695257341,-0.230192999162288));
#952=CARTESIAN_POINT('',(-200.186516665993,57.5029007384561,0.830222755041496));
#953=CARTESIAN_POINT('',(-201.357567557608,55.9891402436688,1.88639240166738));
#954=CARTESIAN_POINT('',(-202.528618449224,54.4753797488816,2.94256204829326));
#955=CARTESIAN_POINT('',(-203.619330515027,52.927700604044,3.99706957763335));
#956=CARTESIAN_POINT('',(-204.628985568583,51.3540844984727,5.05066379306405));
#957=CARTESIAN_POINT('',(-206.648295675695,48.20685228733,7.15785222392546));
#958=CARTESIAN_POINT('',(-208.343383299986,44.9558750459622,9.26138500621223));
#959=CARTESIAN_POINT('',(-209.70845463936,41.6649502808091,11.3672874589917));
#960=CARTESIAN_POINT('',(-212.43859731811,35.0831007505028,15.5790923645505));
#961=CARTESIAN_POINT('',(-213.843455391905,28.3441962546776,19.8028340460334));
#962=CARTESIAN_POINT('',(-214.049590348691,21.9221065209032,24.0316161966706));
#963=CARTESIAN_POINT('',(-214.255725305478,15.5000167871289,28.2603983473078));
#964=CARTESIAN_POINT('',(-213.262748637066,9.39833933635756,32.4831011072187));
#965=CARTESIAN_POINT('',(-211.356452217311,3.98661586571454,36.7093308840636));
#966=CARTESIAN_POINT('',(-209.450155797556,-1.42510760492847,40.9355606609085));
#967=CARTESIAN_POINT('',(-206.631205305799,-6.14541156986726,45.1662102176022));
#968=CARTESIAN_POINT('',(-203.27782250775,-9.94513475004899,49.4021409526974));
#969=CARTESIAN_POINT('',(-199.924439709702,-13.7448579302307,53.6380716877926));
#970=CARTESIAN_POINT('',(-196.038736663331,-16.6257462587178,57.8761571615393));
#971=CARTESIAN_POINT('',(-192.044345951036,-18.5281558174264,62.1184118583217));
#972=CARTESIAN_POINT('',(-188.04995523874,-20.430565376135,66.3606665551041));
#973=CARTESIAN_POINT('',(-183.947051490557,-21.3583857771132,70.6039159501658));
#974=CARTESIAN_POINT('',(-180.127618850073,-21.4116101624789,74.8549132223035));
#975=CARTESIAN_POINT('',(-176.308186209589,-21.4648345478446,79.1059104944412));
#976=CARTESIAN_POINT('',(-172.770514619451,-20.6490137633032,83.3602703607789));
#977=CARTESIAN_POINT('',(-169.828521897498,-19.2087043388293,87.6215393906878));
#978=CARTESIAN_POINT('',(-168.357525536521,-18.4885496265923,89.7521739056423));
#979=CARTESIAN_POINT('',(-167.033803423919,-17.6135308702487,91.8832240306833));
#980=CARTESIAN_POINT('',(-165.880135305147,-16.6251137673651,94.0162661786647));
#981=CARTESIAN_POINT('',(-165.303301245762,-16.1309052159233,95.0827872526554));
#982=CARTESIAN_POINT('',(-164.768982733299,-15.6083491373054,96.1498136516568));
#983=CARTESIAN_POINT('',(-164.280034340965,-15.0626873154899,97.2175978578305));
#984=CARTESIAN_POINT('',(-163.791085948632,-14.5170254936746,98.2853820640042));
#985=CARTESIAN_POINT('',(-163.364010683096,-13.9436032071646,99.3493802313006));
#986=CARTESIAN_POINT('',(-162.940953434718,-13.3660387572858,100.391123443006));
#987=CARTESIAN_POINT('',(-192.200573684635,50.6974783641661,-1.25223768201392));
#988=CARTESIAN_POINT('',(-193.297456263347,49.4846951257956,-0.196176422860086));
#989=CARTESIAN_POINT('',(-194.367837155438,48.2481498001023,0.865471469888891));
#990=CARTESIAN_POINT('',(-195.353637940352,46.977344537226,1.92282129689301));
#991=CARTESIAN_POINT('',(-196.339438725265,45.7065392743497,2.98017112389714));
#992=CARTESIAN_POINT('',(-197.257949990868,44.4070054048161,4.03615304005269));
#993=CARTESIAN_POINT('',(-198.108545159917,43.0854242743126,5.09139926083109));
#994=CARTESIAN_POINT('',(-199.809735498014,40.4422620133055,7.20189170238789));
#995=CARTESIAN_POINT('',(-201.239266235276,37.7109123310604,9.30943986597703));
#996=CARTESIAN_POINT('',(-202.392083126346,34.9447818345252,11.4191303940279));
#997=CARTESIAN_POINT('',(-204.697716908486,29.4125208414547,15.6385114501296));
#998=CARTESIAN_POINT('',(-205.891826990579,23.7437907495541,19.8678372933779));
#999=CARTESIAN_POINT('',(-206.077790686689,18.3353563311862,24.1018611481064));
#1000=CARTESIAN_POINT('',(-206.263754382798,12.9269219128184,28.3358850028348));
#1001=CARTESIAN_POINT('',(-205.441037631071,7.78219193949017,32.5647067993537));
#1002=CARTESIAN_POINT('',(-203.84757085697,3.21210332862829,36.7972112082263));
#1003=CARTESIAN_POINT('',(-202.25410408287,-1.3579852822336,41.0297156170989));
#1004=CARTESIAN_POINT('',(-199.890383431223,-5.35183366057873,45.2658219224438));
#1005=CARTESIAN_POINT('',(-197.071325020935,-8.57535349035262,49.5068928562893));
#1006=CARTESIAN_POINT('',(-194.252266610648,-11.7988733201265,53.7479637901348));
#1007=CARTESIAN_POINT('',(-190.979733979679,-14.2532331092391,57.9906558248051));
#1008=CARTESIAN_POINT('',(-187.608762957475,-15.886065473996,62.2372307829099));
#1009=CARTESIAN_POINT('',(-184.237791935271,-17.5188978387528,66.4838057410147));
#1010=CARTESIAN_POINT('',(-180.768573170439,-18.3332500569033,70.730945771738));
#1011=CARTESIAN_POINT('',(-177.529800574536,-18.4098919355932,74.9845104489515));
#1012=CARTESIAN_POINT('',(-174.291027978633,-18.4865338142831,79.2380751261649));
#1013=CARTESIAN_POINT('',(-171.281329280543,-17.8301450338701,83.4938546566668));
#1014=CARTESIAN_POINT('',(-168.765435466242,-16.6437491382791,87.7549023889735));
#1015=CARTESIAN_POINT('',(-167.507488559091,-16.0505511904836,89.8854262551268));
#1016=CARTESIAN_POINT('',(-166.371576353534,-15.3259144615326,92.0160357669958));
#1017=CARTESIAN_POINT('',(-165.377025159069,-14.5042038814326,94.1480974534146));
#1018=CARTESIAN_POINT('',(-164.879749561836,-14.0933485913826,95.214128296624));
#1019=CARTESIAN_POINT('',(-164.417816748683,-13.6582269985716,96.280527555548));
#1020=CARTESIAN_POINT('',(-163.99364941333,-13.2031933830349,97.3475065099829));
#1021=CARTESIAN_POINT('',(-163.569482077977,-12.7481597674982,98.4144854644178));
#1022=CARTESIAN_POINT('',(-163.196626147916,-12.2694501574467,99.4780875445963));
#1023=CARTESIAN_POINT('',(-162.826528089913,-11.7863179240156,100.522282174436));
#1024=CARTESIAN_POINT('',(-186.808858486717,40.9631646389991,-1.20451809514485));
#1025=CARTESIAN_POINT('',(-187.697462141521,39.9829757512766,-0.148815478452809));
#1026=CARTESIAN_POINT('',(-188.566565336802,38.9823254333244,0.914586810549743));
#1027=CARTESIAN_POINT('',(-189.366767943806,37.954047871925,1.97334814430903));
#1028=CARTESIAN_POINT('',(-190.16697055081,36.9257703105256,3.03210947806831));
#1029=CARTESIAN_POINT('',(-190.912906062344,35.8739776463772,4.08979293767086));
#1030=CARTESIAN_POINT('',(-191.60404156378,34.804055536726,5.14691583160456));
#1031=CARTESIAN_POINT('',(-192.986312566652,32.6642113174236,7.26116161947196));
#1032=CARTESIAN_POINT('',(-194.149386709502,30.4518491306112,9.3731658228525));
#1033=CARTESIAN_POINT('',(-195.08897157209,28.2100300736972,11.4870789451363));
#1034=CARTESIAN_POINT('',(-196.968141297267,23.7263919598694,15.7149051897038));
#1035=CARTESIAN_POINT('',(-197.949347099385,19.1273749056791,19.9505292181179));
#1036=CARTESIAN_POINT('',(-198.113054069352,14.7327510175459,24.1904631794609));
#1037=CARTESIAN_POINT('',(-198.27676103932,10.3381271294126,28.430397140804));
#1038=CARTESIAN_POINT('',(-197.62233899749,6.15096631825254,32.6658450525161));
#1039=CARTESIAN_POINT('',(-196.34010816499,2.42377379034989,36.9048555398117));
#1040=CARTESIAN_POINT('',(-195.057877332491,-1.30341873755277,41.1438660271073));
#1041=CARTESIAN_POINT('',(-193.148207427,-4.56920327547642,45.3853986951327));
#1042=CARTESIAN_POINT('',(-190.862900419016,-7.2146591126442,49.6311866574107));
#1043=CARTESIAN_POINT('',(-188.577593411033,-9.86011494981198,53.8769746196888));
#1044=CARTESIAN_POINT('',(-185.918215386801,-11.8860982250327,58.1235201613219));
#1045=CARTESIAN_POINT('',(-183.171146858476,-13.2477121836284,62.3731940381452));
#1046=CARTESIAN_POINT('',(-180.42407833015,-14.6093261422241,66.6228679149686));
#1047=CARTESIAN_POINT('',(-177.5894096439,-15.3089888844296,70.8723527088696));
#1048=CARTESIAN_POINT('',(-174.932176741106,-15.4083088572778,75.1265784150591));
#1049=CARTESIAN_POINT('',(-172.274943838311,-15.507628830126,79.3808041212485));
#1050=CARTESIAN_POINT('',(-169.793984992836,-15.0105104640251,83.6359661391021));
#1051=CARTESIAN_POINT('',(-167.704512413099,-14.0781303297619,87.8947871210719));
#1052=CARTESIAN_POINT('',(-166.659776123231,-13.6119402626304,90.0241976120567));
#1053=CARTESIAN_POINT('',(-165.711716740201,-13.0378033422132,92.1534458715528));
#1054=CARTESIAN_POINT('',(-164.8762220005,-12.3829223627856,94.2836900315977));
#1055=CARTESIAN_POINT('',(-164.45847463065,-12.0554818730718,95.3488121116202));
#1056=CARTESIAN_POINT('',(-164.068871438039,-11.7078579424262,96.4141865604212));
#1057=CARTESIAN_POINT('',(-163.709405515087,-11.3435110440227,97.4799849826432));
#1058=CARTESIAN_POINT('',(-163.349939592135,-10.9791641456193,98.5457834048652));
#1059=CARTESIAN_POINT('',(-163.031247106928,-10.5952084219499,99.6087493485898));
#1060=CARTESIAN_POINT('',(-162.714266766182,-10.2065956496779,100.655778009394));
#1061=CARTESIAN_POINT('',(-181.436629286459,31.2178722791792,-1.09152315131267));
#1062=CARTESIAN_POINT('',(-182.117260027494,30.4694249493764,-0.035812569602693));
#1063=CARTESIAN_POINT('',(-182.783485344038,29.7049128071597,1.02862515452525));
#1064=CARTESIAN_POINT('',(-183.397233167798,28.9190723817082,2.08845757934123));
#1065=CARTESIAN_POINT('',(-184.010980991558,28.1332319562568,3.14829000415721));
#1066=CARTESIAN_POINT('',(-184.583499181639,27.3291456663712,4.20731094951952));
#1067=CARTESIAN_POINT('',(-185.114348808323,26.510904327322,5.26591755873787));
#1068=CARTESIAN_POINT('',(-186.176048061691,24.8744216492236,7.38313077717455));
#1069=CARTESIAN_POINT('',(-187.071072165307,23.1813181545316,9.49869012899527));
#1070=CARTESIAN_POINT('',(-187.795918351361,21.4643142334597,11.6157542947141));
#1071=CARTESIAN_POINT('',(-189.245610723468,18.0303063913159,15.8498826261517));
#1072=CARTESIAN_POINT('',(-190.011563703652,14.5025447081143,20.089478281597));
#1073=CARTESIAN_POINT('',(-190.15130953357,11.1237785085377,24.3325151902359));
#1074=CARTESIAN_POINT('',(-190.291055363488,7.74501230896113,28.5755520988748));
#1075=CARTESIAN_POINT('',(-189.804076033517,4.51756012253697,32.8148184744392));
#1076=CARTESIAN_POINT('',(-188.832890811592,1.63532090521819,37.0569147006855));
#1077=CARTESIAN_POINT('',(-187.861705589667,-1.24691831210059,41.2990109269318));
#1078=CARTESIAN_POINT('',(-186.406589984558,-3.78298764985372,45.5425953471975));
#1079=CARTESIAN_POINT('',(-184.655850199956,-5.84921489929893,49.7893371670237));
#1080=CARTESIAN_POINT('',(-182.905110415354,-7.91544214874414,54.0360789868499));
#1081=CARTESIAN_POINT('',(-180.859968006978,-9.51258192696467,58.2829110798653));
#1082=CARTESIAN_POINT('',(-178.737692737605,-10.6030519749223,62.53200532819));
#1083=CARTESIAN_POINT('',(-176.615417468232,-11.6935220228798,66.7810995765146));
#1084=CARTESIAN_POINT('',(-174.415957240515,-12.2791774669845,71.0296374188046));
#1085=CARTESIAN_POINT('',(-172.340392456568,-12.4020814021709,75.2814468801855));
#1086=CARTESIAN_POINT('',(-170.264827672621,-12.5249853373573,79.5332563415664));
#1087=CARTESIAN_POINT('',(-168.312261921427,-12.1882126869838,83.7853074124888));
#1088=CARTESIAN_POINT('',(-166.648479724147,-11.5107051047242,88.0398483780287));
#1089=CARTESIAN_POINT('',(-165.816588625506,-11.1719513135944,90.1671188607986));
#1090=CARTESIAN_POINT('',(-165.055958012838,-10.7486794838103,92.2941649943426));
#1091=CARTESIAN_POINT('',(-164.379067680263,-10.2609159154092,94.4218792686327));
#1092=CARTESIAN_POINT('',(-164.040622513975,-10.0170341312086,95.4857364057777));
#1093=CARTESIAN_POINT('',(-163.723115705969,-9.75703260846074,96.5497625547577));
#1094=CARTESIAN_POINT('',(-163.428114393229,-9.48347709834425,97.6140860298219));
#1095=CARTESIAN_POINT('',(-163.133113080489,-9.20992158822775,98.6784095048862));
#1096=CARTESIAN_POINT('',(-162.868432879975,-8.92077783268434,99.7405541975614));
#1097=CARTESIAN_POINT('',(-162.604893263718,-8.62677269300705,100.790669791699));
#1098=CARTESIAN_POINT('',(-176.064400086201,21.4725799193593,-0.978528207480492));
#1099=CARTESIAN_POINT('',(-176.537057913468,20.9558741474762,0.0771903392474225));
#1100=CARTESIAN_POINT('',(-177.000405351274,20.427500180995,1.14266349850076));
#1101=CARTESIAN_POINT('',(-177.42769839179,19.8840968914915,2.20356701437344));
#1102=CARTESIAN_POINT('',(-177.854991432306,19.340693601988,3.26447053024612));
#1103=CARTESIAN_POINT('',(-178.254092300933,18.7843136863652,4.32482896136819));
#1104=CARTESIAN_POINT('',(-178.624656052865,18.217753117918,5.38491928587117));
#1105=CARTESIAN_POINT('',(-179.36578355673,17.0846319810237,7.50509993487715));
#1106=CARTESIAN_POINT('',(-179.992757621112,15.910787178452,9.62421443513803));
#1107=CARTESIAN_POINT('',(-180.502865130631,14.7185983932221,11.7444296442919));
#1108=CARTESIAN_POINT('',(-181.523080149668,12.3342208227625,15.9848600625996));
#1109=CARTESIAN_POINT('',(-182.07378030792,9.87771451054952,20.2284273450761));
#1110=CARTESIAN_POINT('',(-182.189564997788,7.51480599952957,24.4745672010109));
#1111=CARTESIAN_POINT('',(-182.305349687657,5.15189748850962,28.7207070569456));
#1112=CARTESIAN_POINT('',(-181.985813069544,2.8841539268214,32.9637918963623));
#1113=CARTESIAN_POINT('',(-181.325673458194,0.846868020086493,37.2089738615593));
#1114=CARTESIAN_POINT('',(-180.665533846843,-1.19041788664842,41.4541558267562));
#1115=CARTESIAN_POINT('',(-179.664972542116,-2.99677202423102,45.6997919992623));
#1116=CARTESIAN_POINT('',(-178.448799980895,-4.48377068595366,49.9474876766366));
#1117=CARTESIAN_POINT('',(-177.232627419674,-5.97076934767629,54.1951833540109));
#1118=CARTESIAN_POINT('',(-175.801720627154,-7.1390656288967,58.4423019984088));
#1119=CARTESIAN_POINT('',(-174.304238616734,-7.95839176621615,62.6908166182347));
#1120=CARTESIAN_POINT('',(-172.806756606313,-8.77771790353559,66.9393312380606));
#1121=CARTESIAN_POINT('',(-171.242504837131,-9.24936604953946,71.1869221287396));
#1122=CARTESIAN_POINT('',(-169.748608172031,-9.39585394706405,75.436315345312));
#1123=CARTESIAN_POINT('',(-168.254711506931,-9.54234184458865,79.6857085618843));
#1124=CARTESIAN_POINT('',(-166.830538850017,-9.36591490994251,83.9346486858756));
#1125=CARTESIAN_POINT('',(-165.592447035194,-8.94327987968641,88.1849096349855));
#1126=CARTESIAN_POINT('',(-164.973401127782,-8.73196236455836,90.3100401095405));
#1127=CARTESIAN_POINT('',(-164.400199285475,-8.45955562540734,92.4348841171324));
#1128=CARTESIAN_POINT('',(-163.881913360025,-8.13890946803275,94.5600685056677));
#1129=CARTESIAN_POINT('',(-163.6227703973,-7.97858638934545,95.6226606999353));
#1130=CARTESIAN_POINT('',(-163.377359973899,-7.80620727449532,96.6853385490941));
#1131=CARTESIAN_POINT('',(-163.146823271371,-7.62344315266578,97.7481870770006));
#1132=CARTESIAN_POINT('',(-162.916286568843,-7.44067903083624,98.8110356049071));
#1133=CARTESIAN_POINT('',(-162.705618653022,-7.24634724341881,99.872359046533));
#1134=CARTESIAN_POINT('',(-162.495519761254,-7.0469497363362,100.925561574004));
#1135=CARTESIAN_POINT('',(-170.720044429426,11.7115832421143,-0.767540168378407));
#1136=CARTESIAN_POINT('',(-170.985500938979,11.4252111680823,0.289327604021818));
#1137=CARTESIAN_POINT('',(-171.242877690589,11.1337986871466,1.35348926993693));
#1138=CARTESIAN_POINT('',(-171.48219558874,10.8329319190135,2.41440557405208));
#1139=CARTESIAN_POINT('',(-171.721513486891,10.5320651508804,3.47532187816723));
#1140=CARTESIAN_POINT('',(-171.945751353145,10.2235707054783,4.53593599587587));
#1141=CARTESIAN_POINT('',(-172.154650496004,9.90894472249831,5.59639340595656));
#1142=CARTESIAN_POINT('',(-172.572448781722,9.27969275653841,7.71730822611794));
#1143=CARTESIAN_POINT('',(-172.928878763184,8.62591567194669,9.83760336436807));
#1144=CARTESIAN_POINT('',(-173.222011415057,7.95960796583807,11.9583690317996));
#1145=CARTESIAN_POINT('',(-173.808276718802,6.62699255362083,16.1999003666626));
#1146=CARTESIAN_POINT('',(-174.140717797092,5.24431922280838,20.4424287174389));
#1147=CARTESIAN_POINT('',(-174.230526169292,3.90023827049834,24.6862022870428));
#1148=CARTESIAN_POINT('',(-174.320334541491,2.5561573181883,28.9299758566468));
#1149=CARTESIAN_POINT('',(-174.167540572387,1.2508827152569,33.1718897809201));
#1150=CARTESIAN_POINT('',(-173.818506130718,0.060854733400337,37.4146800801924));
#1151=CARTESIAN_POINT('',(-173.469471689048,-1.12917324845623,41.6574703794647));
#1152=CARTESIAN_POINT('',(-172.924304741483,-2.204250866969,45.9002174904695));
#1153=CARTESIAN_POINT('',(-172.243722806561,-3.11112841243904,50.1437693481132));
#1154=CARTESIAN_POINT('',(-171.563140871638,-4.01800595790909,54.3873212057569));
#1155=CARTESIAN_POINT('',(-170.747641436116,-4.75740588934221,58.6302715680711));
#1156=CARTESIAN_POINT('',(-169.875800576426,-5.30605396073408,62.8738688963081));
#1157=CARTESIAN_POINT('',(-169.003959716736,-5.85470203212594,67.1174662245451));
#1158=CARTESIAN_POINT('',(-168.07543142989,-6.2133535852837,71.3604855860835));
#1159=CARTESIAN_POINT('',(-167.163174421437,-6.38455370363431,75.6041896605665));
#1160=CARTESIAN_POINT('',(-166.250917412984,-6.55575382198491,79.8478937350496));
#1161=CARTESIAN_POINT('',(-165.354652937574,-6.54085008542184,84.0911935146771));
#1162=CARTESIAN_POINT('',(-164.541434597479,-6.37399476362517,88.3351132543006));
#1163=CARTESIAN_POINT('',(-164.134825427431,-6.29056710272683,90.4570731241123));
#1164=CARTESIAN_POINT('',(-163.748600185746,-6.16940218422942,92.5788791832941));
#1165=CARTESIAN_POINT('',(-163.388447556958,-6.01616793288915,94.7008270032203));
#1166=CARTESIAN_POINT('',(-163.208371242564,-5.93955080721902,95.7618009131834));
#1167=CARTESIAN_POINT('',(-163.034816724587,-5.85492089048526,96.8228101162133));
#1168=CARTESIAN_POINT('',(-162.86850228287,-5.76305419841522,97.8838922803956));
#1169=CARTESIAN_POINT('',(-162.702187841153,-5.67118750634519,98.9449744445779));
#1170=CARTESIAN_POINT('',(-162.545378210678,-5.57172610939265,100.005293536209));
#1171=CARTESIAN_POINT('',(-162.389048074341,-5.46702418793619,101.061831270545));
#1172=CARTESIAN_POINT('',(-165.275572128326,2.00698967839408,-0.490766514612492));
#1173=CARTESIAN_POINT('',(-165.333680642831,1.9545390779685,0.568896073005109));
#1174=CARTESIAN_POINT('',(-165.390200764426,1.90067990172774,1.62780875554769));
#1175=CARTESIAN_POINT('',(-165.444667650959,1.84382861344559,2.68704476409578));
#1176=CARTESIAN_POINT('',(-165.499134537493,1.78697732516345,3.74628077264387));
#1177=CARTESIAN_POINT('',(-165.551637830867,1.72767593784714,4.80554501143522));
#1178=CARTESIAN_POINT('',(-165.602005392461,1.66611130757783,5.86482690337492));
#1179=CARTESIAN_POINT('',(-165.702740515647,1.54298204703921,7.98339068725433));
#1180=CARTESIAN_POINT('',(-165.794918891593,1.41080046654597,10.10202662065));
#1181=CARTESIAN_POINT('',(-165.877308032431,1.27109397322095,12.2206312881704));
#1182=CARTESIAN_POINT('',(-166.042086314107,0.991680986570901,16.4578406232111));
#1183=CARTESIAN_POINT('',(-166.167600546568,0.682132133504111,20.6950614465926));
#1184=CARTESIAN_POINT('',(-166.241460154644,0.353933904185929,24.9319867997178));
#1185=CARTESIAN_POINT('',(-166.315319762719,0.0257356748677478,29.168912152843));
#1186=CARTESIAN_POINT('',(-166.337533594234,-0.321136610888926,33.4059162363072));
#1187=CARTESIAN_POINT('',(-166.306146763308,-0.6693446831275,37.6429690403425));
#1188=CARTESIAN_POINT('',(-166.274759932381,-1.01755275536607,41.8800218443778));
#1189=CARTESIAN_POINT('',(-166.189675981924,-1.36705697244599,46.1172257172662));
#1190=CARTESIAN_POINT('',(-166.047658549651,-1.69980884803144,50.3541727165375));
#1191=CARTESIAN_POINT('',(-165.905641117379,-2.03256072361688,54.5911197158087));
#1192=CARTESIAN_POINT('',(-165.706985266433,-2.34855384262838,58.8280130101537));
#1193=CARTESIAN_POINT('',(-165.460970019398,-2.63155101565727,63.0649808429076));
#1194=CARTESIAN_POINT('',(-165.214954772362,-2.91454818868617,67.3019486756615));
#1195=CARTESIAN_POINT('',(-164.921379732871,-3.16427955715599,71.5391248664141));
#1196=CARTESIAN_POINT('',(-164.589375074531,-3.36348254332256,75.7760498058381));
#1197=CARTESIAN_POINT('',(-164.25737041619,-3.56268552948912,80.012974745262));
#1198=CARTESIAN_POINT('',(-163.887310637743,-3.71155740423915,84.249834697377));
#1199=CARTESIAN_POINT('',(-163.497238982707,-3.80200640859909,88.4867482623938));
#1200=CARTESIAN_POINT('',(-163.302203155189,-3.84723091077906,90.6052050449022));
#1201=CARTESIAN_POINT('',(-163.102156220565,-3.87785928132615,92.7237009516853));
#1202=CARTESIAN_POINT('',(-162.899397466653,-3.89244475168398,94.8421767752789));
#1203=CARTESIAN_POINT('',(-162.798018089697,-3.89973748686289,95.9014146870756));
#1204=CARTESIAN_POINT('',(-162.695964571886,-3.90302406410213,96.9606470109597));
#1205=CARTESIAN_POINT('',(-162.593532955879,-3.90219085354062,98.0198628043967));
#1206=CARTESIAN_POINT('',(-162.491101339871,-3.90135764297911,99.0790785978338));
#1207=CARTESIAN_POINT('',(-162.38793932409,-3.89683636201702,100.138324456624));
#1208=CARTESIAN_POINT('',(-162.285782549728,-3.88690492930303,101.198221551153));
#1209=CARTESIAN_POINT('',(-166.651644361732,-6.55099179173895,5.99999999999999));
#1210=CARTESIAN_POINT('',(-165.786691953749,-5.69939918663041,8.62118242492476));
#1211=CARTESIAN_POINT('',(-165.115078824098,-4.71870662704784,11.2404517074852));
#1212=CARTESIAN_POINT('',(-164.662804710538,-3.63800501574871,13.8750000000001));
#1213=CARTESIAN_POINT('',(-166.651644361732,-6.55099179173895,5.99999999999999));
#1214=CARTESIAN_POINT('',(-164.662804710538,-3.6380050157487,13.8750000000002));
#1215=CARTESIAN_POINT('',(-166.651644361732,-6.55099179173895,5.99999999999999));
#1216=CARTESIAN_POINT('',(-166.981790044995,-6.36696246287316,4.00008725843253));
#1217=CARTESIAN_POINT('',(-167.297833714812,-6.15803549604023,1.99993453124697));
#1218=CARTESIAN_POINT('',(-167.596414392625,-5.92646393149153,9.61687326994642E-14));
#1219=CARTESIAN_POINT('',(-167.596414392621,-5.92646393148465,9.75781955236954E-16));
#1220=CARTESIAN_POINT('',(-167.596414392621,-5.92646393148465,-5.86688900586219E-14));
#1221=CARTESIAN_POINT('',(-176.548675875984,-21.2670332711027,-5.86688900586219E-14));
#1222=CARTESIAN_POINT('',(-185.735393777764,-36.4690677062984,-7.80625564189563E-15));
#1223=CARTESIAN_POINT('',(-194.939869842541,-51.6596341889195,-7.80625564189563E-15));
#1224=CARTESIAN_POINT('',(-194.939869842541,-51.6596341889195,-1.62630325872826E-16));
#1225=CARTESIAN_POINT('',(-194.939869842541,-51.6596341889195,0.));
#1226=CARTESIAN_POINT('',(-195.360792410909,-52.3543018933961,7.79100904884505E-15));
#1227=CARTESIAN_POINT('',(-195.599104004773,-53.1425941079502,0.132808171159017));
#1228=CARTESIAN_POINT('',(-195.608609449291,-54.6697532154432,0.617445087351045));
#1229=CARTESIAN_POINT('',(-195.394215122845,-55.3969744809313,0.957741999443537));
#1230=CARTESIAN_POINT('',(-194.404473672947,-57.3051080905729,2.05859602248236));
#1231=CARTESIAN_POINT('',(-193.338203703027,-58.2459930070639,2.88427761883093));
#1232=CARTESIAN_POINT('',(-191.027750369261,-59.7044513000396,4.5119573924395));
#1233=CARTESIAN_POINT('',(-189.736361955977,-60.2275092665449,5.33969827130654));
#1234=CARTESIAN_POINT('',(-187.111087900234,-60.9218362946079,6.95246366312707));
#1235=CARTESIAN_POINT('',(-185.757111210268,-61.101727751216,7.74964109350552));
#1236=CARTESIAN_POINT('',(-184.369545326079,-61.1163072212816,8.54967844699125));
#1237=CARTESIAN_POINT('',(-184.369546790913,-61.1163009989173,8.54968110077611));
#1238=CARTESIAN_POINT('',(-184.369544300936,-61.1162961188923,8.54967687113863));
#1239=CARTESIAN_POINT('',(-177.947377427835,-61.183746934674,12.2525399791583));
#1240=CARTESIAN_POINT('',(-171.80438242598,-60.2416498159156,15.9497330337425));
#1241=CARTESIAN_POINT('',(-160.603975197871,-56.7374110225603,23.36606419227));
#1242=CARTESIAN_POINT('',(-155.55189064843,-54.177571086173,27.0806703714313));
#1243=CARTESIAN_POINT('',(-142.593115497465,-44.8562473279308,38.2048574443635));
#1244=CARTESIAN_POINT('',(-136.976150203277,-36.4816726173817,45.6058963356302));
#1245=CARTESIAN_POINT('',(-133.456361476165,-24.2164272432068,56.7156307939081));
#1246=CARTESIAN_POINT('',(-133.06448486028,-20.1736321933252,60.4179556144602));
#1247=CARTESIAN_POINT('',(-133.625296947222,-12.7084140594047,67.8146251556354));
#1248=CARTESIAN_POINT('',(-134.569368284781,-9.27760611960388,71.5116733734999));
#1249=CARTESIAN_POINT('',(-137.411032259133,-3.41230895927513,78.8972254087639));
#1250=CARTESIAN_POINT('',(-139.307567135479,-0.973875086668299,82.5909008364731));
#1251=CARTESIAN_POINT('',(-143.563985823716,2.70857539581785,89.9669228437514));
#1252=CARTESIAN_POINT('',(-145.924855124173,3.94523620922241,93.6522772226675));
#1253=CARTESIAN_POINT('',(-148.268510996003,4.58011304284852,97.3369741069542));
#1254=CARTESIAN_POINT('',(-148.268446828437,4.58014585512262,97.3370092716758));
#1255=CARTESIAN_POINT('',(-148.268387438194,4.58019057164182,97.3370393333103));
#1256=CARTESIAN_POINT('',(-149.238424017946,4.84291176218992,98.8619952421688));
#1257=CARTESIAN_POINT('',(-150.919932251999,4.46546046041133,99.9999999999998));
#1258=CARTESIAN_POINT('',(-152.572141782889,3.67930664744566,100.));
#1259=CARTESIAN_POINT('',(-152.572141782889,3.67930664744563,100.));
#1260=CARTESIAN_POINT('',(-152.572141782889,3.67930664744564,100.));
#1261=CARTESIAN_POINT('',(-154.725072125429,2.65490001729747,100.));
#1262=CARTESIAN_POINT('',(-156.885990782699,1.64724229641792,100.));
#1263=CARTESIAN_POINT('',(-159.054023053428,0.655183895652014,100.));
#1264=CARTESIAN_POINT('',(-159.054023053428,0.655183895652002,100.));
#1265=CARTESIAN_POINT('',(-159.054023053428,0.655183895651956,100.));
#1266=CARTESIAN_POINT('',(-158.817679653475,-0.768241823261658,85.644142735484));
#1267=CARTESIAN_POINT('',(-159.423312694071,-2.29985594252976,71.2911678239377));
#1268=CARTESIAN_POINT('',(-161.715183410617,-4.05355100774998,42.5831906288851));
#1269=CARTESIAN_POINT('',(-163.349609622809,-4.2382205097564,28.2305691777694));
#1270=CARTESIAN_POINT('',(-164.662804710538,-3.63800501574877,13.8750000000002));
#1271=CARTESIAN_POINT('',(-165.274530901297,-1.75027784714855,-1.37814731915555));
#1272=CARTESIAN_POINT('',(-165.192966085971,-1.89119217664318,0.750208723882372));
#1273=CARTESIAN_POINT('',(-165.09957150682,-2.02737562247204,2.87950685718504));
#1274=CARTESIAN_POINT('',(-164.993460070969,-2.1551920087097,5.00862568900471));
#1275=CARTESIAN_POINT('',(-164.887348635118,-2.28300839494737,7.13774452082437));
#1276=CARTESIAN_POINT('',(-164.769191673649,-2.40306667131579,9.2669603281099));
#1277=CARTESIAN_POINT('',(-164.640355071278,-2.51354617647575,11.3961628392007));
#1278=CARTESIAN_POINT('',(-164.382681866537,-2.73450518679566,15.6545678613824));
#1279=CARTESIAN_POINT('',(-164.082035054206,-2.91735242829751,19.9126055858203));
#1280=CARTESIAN_POINT('',(-163.753151394521,-3.04520436305679,24.17070433507));
#1281=CARTESIAN_POINT('',(-163.424267734836,-3.17305629781607,28.4288030843198));
#1282=CARTESIAN_POINT('',(-163.06705020672,-3.24495615858973,32.6870580700771));
#1283=CARTESIAN_POINT('',(-162.700116988653,-3.25607178334545,36.9453086422044));
#1284=CARTESIAN_POINT('',(-162.333183770585,-3.26718740810117,41.2035592143317));
#1285=CARTESIAN_POINT('',(-161.956458235038,-3.21747562276033,45.4615081206137));
#1286=CARTESIAN_POINT('',(-161.593543246127,-3.10270979215021,49.7196403633528));
#1287=CARTESIAN_POINT('',(-161.230628257215,-2.98794396154009,53.9777726060919));
#1288=CARTESIAN_POINT('',(-160.881783166818,-2.80773589728605,58.2359152269306));
#1289=CARTESIAN_POINT('',(-160.565846172142,-2.57052902212747,62.4940417215644));
#1290=CARTESIAN_POINT('',(-160.249909177467,-2.33332214696889,66.7521682161983));
#1291=CARTESIAN_POINT('',(-159.966890096163,-2.0390999217307,71.0100654905111));
#1292=CARTESIAN_POINT('',(-159.738975137719,-1.69993444590966,75.2681719143251));
#1293=CARTESIAN_POINT('',(-159.511060179275,-1.36076897008862,79.5262783381392));
#1294=CARTESIAN_POINT('',(-159.338006763121,-0.976740707705054,83.784378475798));
#1295=CARTESIAN_POINT('',(-159.230612933038,-0.567219383717692,88.0424605122282));
#1296=CARTESIAN_POINT('',(-159.123219102954,-0.157698059730329,92.3005425486585));
#1297=CARTESIAN_POINT('',(-159.082461193381,0.276771818041455,96.5586892813433));
#1298=CARTESIAN_POINT('',(-159.115320014586,0.713291974109124,100.816408445123));
#1299=CARTESIAN_POINT('',(-171.235868320648,-11.2930324786125,-1.09674139398166));
#1300=CARTESIAN_POINT('',(-170.534708203424,-11.5803624472046,1.02967007203074));
#1301=CARTESIAN_POINT('',(-169.824412162242,-11.8116625083058,3.15032499420951));
#1302=CARTESIAN_POINT('',(-169.113063206991,-11.9762524008673,5.27209362409762));
#1303=CARTESIAN_POINT('',(-168.40171425174,-12.1408422934288,7.39386225398572));
#1304=CARTESIAN_POINT('',(-167.690160756882,-12.2428928593701,9.51493255035443));
#1305=CARTESIAN_POINT('',(-166.989335985426,-12.2852719134865,11.6359374049941));
#1306=CARTESIAN_POINT('',(-165.587686442514,-12.3700300217192,15.8779471142736));
#1307=CARTESIAN_POINT('',(-164.230190121448,-12.2145488080464,20.1217949860998));
#1308=CARTESIAN_POINT('',(-162.987908530731,-11.8615823654526,24.366067349592));
#1309=CARTESIAN_POINT('',(-161.745626940014,-11.5086159228588,28.6103397130842));
#1310=CARTESIAN_POINT('',(-160.620068332381,-10.956789216333,32.8547409173819));
#1311=CARTESIAN_POINT('',(-159.657834956613,-10.2738720075154,37.0980446337043));
#1312=CARTESIAN_POINT('',(-158.695601580845,-9.5909547986977,41.3413483500267));
#1313=CARTESIAN_POINT('',(-157.897655632611,-8.77674344941007,45.5857873537867));
#1314=CARTESIAN_POINT('',(-157.28623714093,-7.90131052626816,49.8298576424222));
#1315=CARTESIAN_POINT('',(-156.67481864925,-7.02587760312626,54.0739279310577));
#1316=CARTESIAN_POINT('',(-156.250780765929,-6.08903063200094,58.3191444196949));
#1317=CARTESIAN_POINT('',(-156.004112351434,-5.1640983458883,62.5633262623451));
#1318=CARTESIAN_POINT('',(-155.75744393694,-4.23916605977566,66.8075081049954));
#1319=CARTESIAN_POINT('',(-155.688199440849,-3.32616360466083,71.0522781795009));
#1320=CARTESIAN_POINT('',(-155.768785958408,-2.48355750226144,75.2966185042469));
#1321=CARTESIAN_POINT('',(-155.849372475967,-1.64095139986204,79.5409588289929));
#1322=CARTESIAN_POINT('',(-156.079334970621,-0.868414260362691,83.7864370750565));
#1323=CARTESIAN_POINT('',(-156.407363636164,-0.207479933407258,88.0310662282846));
#1324=CARTESIAN_POINT('',(-156.735392301706,0.453454393548175,92.2756953815127));
#1325=CARTESIAN_POINT('',(-157.161974172322,1.0017900811289,96.5181112869319));
#1326=CARTESIAN_POINT('',(-157.631552231088,1.42418017704577,100.766898467994));
#1327=CARTESIAN_POINT('',(-177.096584539095,-20.8988824333529,-0.882829249980592));
#1328=CARTESIAN_POINT('',(-175.773641341665,-21.3264903533673,1.24328060115813));
#1329=CARTESIAN_POINT('',(-174.448159741454,-21.6448849672784,3.36027458260449));
#1330=CARTESIAN_POINT('',(-173.132592010202,-21.8394744033563,5.47784690691094));
#1331=CARTESIAN_POINT('',(-171.817024278949,-22.0340638394342,7.59541923121739));
#1332=CARTESIAN_POINT('',(-170.51373410614,-22.1116746082493,9.71122150128246));
#1333=CARTESIAN_POINT('',(-169.243262368239,-22.0799656012327,11.8267638096526));
#1334=CARTESIAN_POINT('',(-166.702318892436,-22.0165475871995,16.0578484263928));
#1335=CARTESIAN_POINT('',(-164.294361043082,-21.5127960991106,20.2918722632368));
#1336=CARTESIAN_POINT('',(-162.146191528247,-20.6713626715428,24.5267619361811));
#1337=CARTESIAN_POINT('',(-159.998022013413,-19.8299292439751,28.7616516091254));
#1338=CARTESIAN_POINT('',(-158.111975399451,-18.6489100859309,32.9960763759345));
#1339=CARTESIAN_POINT('',(-156.562546258902,-17.2686897625233,37.2278158864154));
#1340=CARTESIAN_POINT('',(-155.013117118354,-15.8884694391157,41.4595553968962));
#1341=CARTESIAN_POINT('',(-153.801451365967,-14.3083290293863,45.6931619438875));
#1342=CARTESIAN_POINT('',(-152.94842798044,-12.6724902722583,49.925667026897));
#1343=CARTESIAN_POINT('',(-152.095404594914,-11.0366515151303,54.1581721099064));
#1344=CARTESIAN_POINT('',(-151.601834792425,-9.34454082776463,58.3923567255255));
#1345=CARTESIAN_POINT('',(-151.429097595649,-7.73422735375804,62.6243460063396));
#1346=CARTESIAN_POINT('',(-151.256360398873,-6.12391387975144,66.8563352871536));
#1347=CARTESIAN_POINT('',(-151.404181286391,-4.59478534822915,71.0892514737878));
#1348=CARTESIAN_POINT('',(-151.795572512262,-3.25165736303732,75.3209450435782));
#1349=CARTESIAN_POINT('',(-152.186963738133,-1.90852937784548,79.5526386133686));
#1350=CARTESIAN_POINT('',(-152.821138510501,-0.750099554655148,83.7862925713959));
#1351=CARTESIAN_POINT('',(-153.585114087924,0.159898695117344,88.01815554746));
#1352=CARTESIAN_POINT('',(-154.349089665346,1.06989694488983,92.2500185235241));
#1353=CARTESIAN_POINT('',(-155.242731953102,1.73003040660109,96.477213981985));
#1354=CARTESIAN_POINT('',(-156.148907649738,2.1374224745414,100.717351331242));
#1355=CARTESIAN_POINT('',(-182.985985471104,-30.4867465901992,-0.769414040542002));
#1356=CARTESIAN_POINT('',(-181.041225932513,-31.0567958980327,1.35712974784217));
#1357=CARTESIAN_POINT('',(-179.097868978201,-31.4656237603493,3.47348871386937));
#1358=CARTESIAN_POINT('',(-177.176281139893,-31.6924788792947,5.58911210547015));
#1359=CARTESIAN_POINT('',(-175.254693301586,-31.91933399824,7.70473549707093));
#1360=CARTESIAN_POINT('',(-173.357736253967,-31.9743768567116,9.81764290334321));
#1361=CARTESIAN_POINT('',(-171.515585840941,-31.8700937277775,11.9303126197021));
#1362=CARTESIAN_POINT('',(-167.83128501489,-31.6615274699092,16.1556520524199));
#1363=CARTESIAN_POINT('',(-164.368976798126,-30.8110032842235,20.3851005274989));
#1364=CARTESIAN_POINT('',(-161.311288031692,-29.4815085528476,24.6161068986102));
#1365=CARTESIAN_POINT('',(-158.253599265258,-28.1520138214716,28.8471132697216));
#1366=CARTESIAN_POINT('',(-155.604137837074,-26.3411059574749,33.0767213668116));
#1367=CARTESIAN_POINT('',(-153.465430807557,-24.2624159731838,37.3024366090051));
#1368=CARTESIAN_POINT('',(-151.32672377804,-22.1837259888927,41.5281518511986));
#1369=CARTESIAN_POINT('',(-149.700299810857,-19.8361385593202,45.7559865695201));
#1370=CARTESIAN_POINT('',(-148.605326727052,-17.4385215425228,49.9821344019612));
#1371=CARTESIAN_POINT('',(-147.510353643247,-15.0409045257255,54.2082822344023));
#1372=CARTESIAN_POINT('',(-146.947747086467,-12.592432379663,58.435948696882));
#1373=CARTESIAN_POINT('',(-146.849748573405,-10.2961738587899,62.6602235470215));
#1374=CARTESIAN_POINT('',(-146.751750060342,-7.99991533791672,66.8844983971609));
#1375=CARTESIAN_POINT('',(-147.117780941705,-5.85465387246093,71.109216999713));
#1376=CARTESIAN_POINT('',(-147.820971206418,-4.0115614342231,75.3316669711598));
#1377=CARTESIAN_POINT('',(-148.524161471132,-2.16846899598527,79.5541169426065));
#1378=CARTESIAN_POINT('',(-149.563371242957,-0.625123502632065,83.7785118218546));
#1379=CARTESIAN_POINT('',(-150.763710299697,0.532763127071383,87.9997692619889));
#1380=CARTESIAN_POINT('',(-151.964049356437,1.69064975677483,92.2210267021233));
#1381=CARTESIAN_POINT('',(-153.324637908988,2.46110191297027,96.4346473639346));
#1382=CARTESIAN_POINT('',(-154.667351823946,2.8528264416393,100.666831387895));
#1383=CARTESIAN_POINT('',(-188.875386403113,-40.0746107470456,-0.655998831103412));
#1384=CARTESIAN_POINT('',(-186.30881052336,-40.7871014426982,1.47097889452622));
#1385=CARTESIAN_POINT('',(-183.747578214947,-41.2863625534203,3.58670284513426));
#1386=CARTESIAN_POINT('',(-181.219970269585,-41.545483355233,5.70037730402937));
#1387=CARTESIAN_POINT('',(-178.692362324223,-41.8046041570458,7.81405176292447));
#1388=CARTESIAN_POINT('',(-176.201738401793,-41.837079105174,9.92406430540397));
#1389=CARTESIAN_POINT('',(-173.787909313643,-41.6602218543223,12.0338614297516));
#1390=CARTESIAN_POINT('',(-168.960251137343,-41.3065073526189,16.2534556784469));
#1391=CARTESIAN_POINT('',(-164.443592553171,-40.1092104693365,20.4783287917609));
#1392=CARTESIAN_POINT('',(-160.476384535137,-38.2916544341523,24.7054518610394));
#1393=CARTESIAN_POINT('',(-156.509176517104,-36.4740983989682,28.9325749303179));
#1394=CARTESIAN_POINT('',(-153.096300274697,-34.0333018290189,33.1573663576887));
#1395=CARTESIAN_POINT('',(-150.368315356212,-31.2561421838443,37.3770573315948));
#1396=CARTESIAN_POINT('',(-147.640330437726,-28.4789825386696,41.5967483055009));
#1397=CARTESIAN_POINT('',(-145.599148255747,-25.3639480892541,45.8188111951526));
#1398=CARTESIAN_POINT('',(-144.262225473664,-22.2045528127874,50.0386017770254));
#1399=CARTESIAN_POINT('',(-142.92530269158,-19.0451575363206,54.2583923588982));
#1400=CARTESIAN_POINT('',(-142.29365938051,-15.8403239315614,58.4795406682386));
#1401=CARTESIAN_POINT('',(-142.27039955116,-12.8581203638217,62.6961010877034));
#1402=CARTESIAN_POINT('',(-142.247139721811,-9.87591679608199,66.9126615071681));
#1403=CARTESIAN_POINT('',(-142.831380597019,-7.11452239669271,71.1291825256383));
#1404=CARTESIAN_POINT('',(-143.846369900575,-4.77146550540888,75.3423888987414));
#1405=CARTESIAN_POINT('',(-144.86135920413,-2.42840861412506,79.5555952718444));
#1406=CARTESIAN_POINT('',(-146.305603975413,-0.500147450608981,83.7707310723133));
#1407=CARTESIAN_POINT('',(-147.94230651147,0.905627559025422,87.9813829765179));
#1408=CARTESIAN_POINT('',(-149.579009047528,2.31140256865983,92.1920348807225));
#1409=CARTESIAN_POINT('',(-151.406543864874,3.19217341933944,96.3920807458842));
#1410=CARTESIAN_POINT('',(-153.185795998153,3.5682304087372,100.616311444548));
#1411=CARTESIAN_POINT('',(-194.784566453261,-49.6500730335681,-0.608778059265719));
#1412=CARTESIAN_POINT('',(-191.596390698846,-50.5063467221606,1.5188229176213));
#1413=CARTESIAN_POINT('',(-188.416152270139,-51.0980003152583,3.63482644026615));
#1414=CARTESIAN_POINT('',(-185.281700532184,-51.3908603676058,5.74731635553872));
#1415=CARTESIAN_POINT('',(-182.14724879423,-51.6837204199532,7.85980627081129));
#1416=CARTESIAN_POINT('',(-179.061965889338,-51.6949350268483,9.9677974502838));
#1417=CARTESIAN_POINT('',(-176.075302838186,-51.4466223200965,12.0757594679818));
#1418=CARTESIAN_POINT('',(-170.101976735881,-50.949996906593,16.2916835033777));
#1419=CARTESIAN_POINT('',(-164.528383940216,-49.4073251528828,20.514371100932));
#1420=CARTESIAN_POINT('',(-159.649021653876,-47.1022782021657,24.7403830848817));
#1421=CARTESIAN_POINT('',(-154.769659367536,-44.7972312514487,28.9663950688314));
#1422=CARTESIAN_POINT('',(-150.59097574207,-41.7262963153302,33.1892202848683));
#1423=CARTESIAN_POINT('',(-147.271755720407,-38.2498579979026,37.4062934496406));
#1424=CARTESIAN_POINT('',(-143.952535698743,-34.7734196804749,41.6233666144129));
#1425=CARTESIAN_POINT('',(-141.49531940317,-30.8896902760561,45.843068540873));
#1426=CARTESIAN_POINT('',(-139.915760704553,-26.967208224846,50.0603031037154));
#1427=CARTESIAN_POINT('',(-138.336202005937,-23.044726173636,54.2775376665579));
#1428=CARTESIAN_POINT('',(-137.635598302352,-19.0823203644682,58.495746007961));
#1429=CARTESIAN_POINT('',(-137.687547530692,-15.4133753928946,62.708359560373));
#1430=CARTESIAN_POINT('',(-137.739496759031,-11.7444304213209,66.920973112785));
#1431=CARTESIAN_POINT('',(-138.542862538028,-8.36660611737358,71.1325970822251));
#1432=CARTESIAN_POINT('',(-139.870517635188,-5.52388125655781,75.3397449200081));
#1433=CARTESIAN_POINT('',(-141.198172732349,-2.68115639574204,79.5468927577911));
#1434=CARTESIAN_POINT('',(-143.048250024084,-0.368776454837307,83.7552924421041));
#1435=CARTESIAN_POINT('',(-145.121729878373,1.28382123877153,87.9574875179675));
#1436=CARTESIAN_POINT('',(-147.195209732663,2.93641893238036,92.1596825938309));
#1437=CARTESIAN_POINT('',(-149.489592448392,3.92606067118764,96.347826315361));
#1438=CARTESIAN_POINT('',(-151.70532636961,4.28578913696034,100.564806728854));
#1439=CARTESIAN_POINT('',(-200.711383847322,-59.2144759309404,-0.574844467294593));
#1440=CARTESIAN_POINT('',(-196.902205012859,-60.2154750745776,1.5531805018181));
#1441=CARTESIAN_POINT('',(-193.103388387601,-60.9005705041954,3.66879214255643));
#1442=CARTESIAN_POINT('',(-189.362393313767,-61.2282392918365,5.77963853534665));
#1443=CARTESIAN_POINT('',(-185.621398239934,-61.5559080794775,7.89048492813687));
#1444=CARTESIAN_POINT('',(-181.941611760186,-61.5469685568369,9.99600662595607));
#1445=CARTESIAN_POINT('',(-178.382096861287,-61.2283027875453,12.1016907970287));
#1446=CARTESIAN_POINT('',(-171.263067063489,-60.590971248962,16.3130591391741));
#1447=CARTESIAN_POINT('',(-164.631907518945,-58.7050807221466,20.5328071377731));
#1448=CARTESIAN_POINT('',(-158.839276745936,-55.9143434689426,24.7570203014885));
#1449=CARTESIAN_POINT('',(-153.046645972928,-53.1236062157386,28.981233465204));
#1450=CARTESIAN_POINT('',(-148.1006571724,-49.424003340661,33.2015396368843));
#1451=CARTESIAN_POINT('',(-144.188331445249,-45.249128496221,37.4157191949822));
#1452=CARTESIAN_POINT('',(-140.276005718099,-41.0742536517809,41.6298987530801));
#1453=CARTESIAN_POINT('',(-137.400746149828,-36.4221278450542,45.8472306216833));
#1454=CARTESIAN_POINT('',(-135.576608088132,-31.7361909750025,50.0622861480994));
#1455=CARTESIAN_POINT('',(-133.752470026436,-27.0502541049508,54.2773416745156));
#1456=CARTESIAN_POINT('',(-132.981241814574,-22.3294236463447,58.4933121578229));
#1457=CARTESIAN_POINT('',(-133.107143103804,-17.9725001267886,62.7031722212402));
#1458=CARTESIAN_POINT('',(-133.233044393033,-13.6155766072325,66.9130322846574));
#1459=CARTESIAN_POINT('',(-134.254849506578,-9.61996553556575,71.1212496677695));
#1460=CARTESIAN_POINT('',(-135.894917735495,-6.27638528922896,75.3242557173231));
#1461=CARTESIAN_POINT('',(-137.534985964413,-2.93280504289217,79.5272617668767));
#1462=CARTESIAN_POINT('',(-139.791117485017,-0.235513444888377,83.7309391333492));
#1463=CARTESIAN_POINT('',(-142.301625494756,1.6641928732966,87.9267349051769));
#1464=CARTESIAN_POINT('',(-144.812133504494,3.56389919148157,92.1225306770046));
#1465=CARTESIAN_POINT('',(-147.573511600237,4.66197250662582,96.3009141009399));
#1466=CARTESIAN_POINT('',(-150.225770607563,5.00504377492372,100.511561950956));
#1467=CARTESIAN_POINT('',(-164.756368028829,-7.29144507949608,6.));
#1468=CARTESIAN_POINT('',(-165.123850896885,-7.20292556744345,4.00008978663884));
#1469=CARTESIAN_POINT('',(-165.484436436899,-7.08663120043718,1.99993851001263));
#1470=CARTESIAN_POINT('',(-165.834261820166,-6.94384331150617,-5.45218167488648E-14));
#1471=CARTESIAN_POINT('',(-164.756368028829,-7.29144507949608,6.));
#1472=CARTESIAN_POINT('',(-165.834261820166,-6.94384331150617,-5.45218167488648E-14));
#1473=CARTESIAN_POINT('',(-164.756368028829,-7.29144507949608,6.));
#1474=CARTESIAN_POINT('',(-163.852243120211,-6.31030395124832,8.62257382062533));
#1475=CARTESIAN_POINT('',(-163.153238811549,-5.19892188888079,11.2412341166966));
#1476=CARTESIAN_POINT('',(-162.683966170733,-3.98749578290421,13.8750000000225));
#1477=CARTESIAN_POINT('',(-162.683966170734,-3.98749578291432,13.8750000000271));
#1478=CARTESIAN_POINT('',(-159.870639395076,2.49140566836242,100.));
#1479=CARTESIAN_POINT('',(-158.972176641239,1.36288052187527,85.6442641973478));
#1480=CARTESIAN_POINT('',(-158.756301744578,-0.270372713118587,71.2905639478651));
#1481=CARTESIAN_POINT('',(-159.906195143865,-2.91726717995153,42.5839690766028));
#1482=CARTESIAN_POINT('',(-161.244677120923,-3.87342317830334,28.2301706572504));
#1483=CARTESIAN_POINT('',(-162.683966170734,-3.98749578291432,13.8750000000271));
#1484=CARTESIAN_POINT('',(-159.870639395061,2.49140566836938,100.));
#1485=CARTESIAN_POINT('',(-153.750505767708,5.41916422024364,100.));
#1486=CARTESIAN_POINT('',(-154.47492942445,5.0611366560595,100.));
#1487=CARTESIAN_POINT('',(-155.201095770869,4.70661631925506,100.));
#1488=CARTESIAN_POINT('',(-155.928852991485,4.35541438445975,100.));
#1489=CARTESIAN_POINT('',(-157.237835423027,3.7237241043119,100.));
#1490=CARTESIAN_POINT('',(-158.552023480269,3.10273183775575,100.));
#1491=CARTESIAN_POINT('',(-159.870639395061,2.49140566836938,100.));
#1492=CARTESIAN_POINT('',(-153.750505767708,5.41916422024364,100.));
#1493=CARTESIAN_POINT('',(-153.750505767705,5.41916422023988,100.));
#1494=CARTESIAN_POINT('',(-152.151278071529,6.20954094428651,100.));
#1495=CARTESIAN_POINT('',(-150.511264515559,6.62689234037366,98.9206253489037));
#1496=CARTESIAN_POINT('',(-149.528528201684,6.42951988575461,97.4480060508446));
#1497=CARTESIAN_POINT('',(-149.528528201683,6.42951988575426,97.4480060508419));
#1498=CARTESIAN_POINT('',(-180.315580990568,-61.3647262473037,8.6151522424995));
#1499=CARTESIAN_POINT('',(-170.41591806284,-60.8436170144208,14.3805612113747));
#1500=CARTESIAN_POINT('',(-160.78016763293,-57.8537057772215,20.4561331941855));
#1501=CARTESIAN_POINT('',(-144.831158387911,-47.5202293026858,33.3497139830505));
#1502=CARTESIAN_POINT('',(-138.547463069284,-40.1634016740276,40.1492105601288));
#1503=CARTESIAN_POINT('',(-133.552717888989,-27.8374408168284,51.1007863568877));
#1504=CARTESIAN_POINT('',(-132.633122817717,-23.5153346401879,54.8934830514088));
#1505=CARTESIAN_POINT('',(-132.382687883276,-15.172140456975,62.6416029776362));
#1506=CARTESIAN_POINT('',(-133.04838718356,-11.1177129642504,66.6305023070837));
#1507=CARTESIAN_POINT('',(-135.873335197194,-3.79725254102548,74.9900651384292));
#1508=CARTESIAN_POINT('',(-137.981955327453,-0.665123391307919,79.213355072727));
#1509=CARTESIAN_POINT('',(-143.269727792814,4.19092678663036,88.1514997429898));
#1510=CARTESIAN_POINT('',(-146.367350724032,5.79462998757793,92.7110172040354));
#1511=CARTESIAN_POINT('',(-149.528528201683,6.42951988575426,97.4480060508419));
#1512=CARTESIAN_POINT('',(-180.315580990568,-61.3647262473037,8.61515224249952));
#1513=CARTESIAN_POINT('',(-180.315580990568,-61.3647262473048,8.61515224249211));
#1514=CARTESIAN_POINT('',(-181.695788235994,-61.4373790986326,7.8113411137918));
#1515=CARTESIAN_POINT('',(-183.052385106166,-61.341679269526,7.0095119535824));
#1516=CARTESIAN_POINT('',(-185.702630720056,-60.8087534995531,5.38508577110891));
#1517=CARTESIAN_POINT('',(-187.014823175675,-60.3652757957488,4.55163269554041));
#1518=CARTESIAN_POINT('',(-189.396063249577,-59.0407816237036,2.90428363996749));
#1519=CARTESIAN_POINT('',(-190.507194080102,-58.1569772832886,2.06728780465226));
#1520=CARTESIAN_POINT('',(-191.570591420943,-56.3068593967623,0.958724664314287));
#1521=CARTESIAN_POINT('',(-191.8112471751,-55.5959180409937,0.617926749980151));
#1522=CARTESIAN_POINT('',(-191.858060007607,-54.0707587757721,0.131405004118222));
#1523=CARTESIAN_POINT('',(-191.647330303884,-53.2726033203916,2.64281808725095E-14));
#1524=CARTESIAN_POINT('',(-191.257445223553,-52.5631091101822,2.91650384398601E-14));
#1525=CARTESIAN_POINT('',(-191.257445223553,-52.563109110182,0.));
#1526=CARTESIAN_POINT('',(-165.834261820166,-6.94384331150617,-2.71592644207619E-14));
#1527=CARTESIAN_POINT('',(-174.468377516953,-22.0604831161391,-2.71592644207619E-14));
#1528=CARTESIAN_POINT('',(-182.873457480433,-37.3063294530444,-1.78893358460108E-15));
#1529=CARTESIAN_POINT('',(-191.257445223553,-52.563109110182,-1.78893358460108E-15));
#1530=CARTESIAN_POINT('',(-198.02154996697,-60.1842092863231,-1.28638292283772));
#1531=CARTESIAN_POINT('',(-196.11690058423,-60.5913846503753,-0.23019299916237));
#1532=CARTESIAN_POINT('',(-194.205714497802,-60.9559184802318,0.830222755041414));
#1533=CARTESIAN_POINT('',(-192.309234008263,-61.2131980541013,1.8863924016673));
#1534=CARTESIAN_POINT('',(-190.412753518724,-61.4704776279709,2.94256204829318));
#1535=CARTESIAN_POINT('',(-188.527068029486,-61.6412224127521,3.99706957763327));
#1536=CARTESIAN_POINT('',(-186.659448979479,-61.7288012854051,5.05066379306397));
#1537=CARTESIAN_POINT('',(-182.924210879465,-61.9039590307113,7.15785222392538));
#1538=CARTESIAN_POINT('',(-179.26123818917,-61.746459354304,9.26138500621216));
#1539=CARTESIAN_POINT('',(-175.728678070916,-61.283183429604,11.3672874589916));
#1540=CARTESIAN_POINT('',(-168.66355783441,-60.3566315802039,15.5790923645504));
#1541=CARTESIAN_POINT('',(-162.12506631045,-58.2038221129092,19.8028340460333));
#1542=CARTESIAN_POINT('',(-156.460305977225,-55.1712953552072,24.0316161966705));
#1543=CARTESIAN_POINT('',(-150.795545644,-52.1387685975051,28.2603983473077));
#1544=CARTESIAN_POINT('',(-146.007826300139,-48.2279868519102,32.4831011072186));
#1545=CARTESIAN_POINT('',(-142.274284506183,-43.8712239899371,36.7093308840635));
#1546=CARTESIAN_POINT('',(-138.540742712228,-39.5144611279641,40.9355606609085));
#1547=CARTESIAN_POINT('',(-135.862314810885,-34.7130264076226,45.1662102176021));
#1548=CARTESIAN_POINT('',(-134.248349408523,-29.9090501258079,49.4021409526974));
#1549=CARTESIAN_POINT('',(-132.634384006161,-25.1050738439933,53.6380716877926));
#1550=CARTESIAN_POINT('',(-132.082313051411,-20.2995121300306,57.8761571615392));
#1551=CARTESIAN_POINT('',(-132.431973401314,-15.8890635211875,62.1184118583216));
#1552=CARTESIAN_POINT('',(-132.781633751218,-11.4786149123444,66.3606665551041));
#1553=CARTESIAN_POINT('',(-134.029569587913,-7.46148583664653,70.6039159501657));
#1554=CARTESIAN_POINT('',(-135.893192238328,-4.12714794926126,74.8549132223035));
#1555=CARTESIAN_POINT('',(-137.756814888742,-0.792810061875998,79.1059104944412));
#1556=CARTESIAN_POINT('',(-140.232172208159,1.86299301315958,83.3602703607789));
#1557=CARTESIAN_POINT('',(-142.95051312004,3.69067873588297,87.6215393906878));
#1558=CARTESIAN_POINT('',(-144.309683575981,4.60452159724466,89.7521739056423));
#1559=CARTESIAN_POINT('',(-145.729333104064,5.31338919613799,91.8832240306833));
#1560=CARTESIAN_POINT('',(-147.162161484082,5.81828654308842,94.0162661786648));
#1561=CARTESIAN_POINT('',(-147.87857567409,6.07073521656364,95.0827872526555));
#1562=CARTESIAN_POINT('',(-148.598281769307,6.27219058275982,96.1498136516568));
#1563=CARTESIAN_POINT('',(-149.315312965041,6.42280140075265,97.2175978578305));
#1564=CARTESIAN_POINT('',(-150.032344160776,6.57341221874547,98.2853820640042));
#1565=CARTESIAN_POINT('',(-150.742480060757,6.65655910477194,99.3493802313006));
#1566=CARTESIAN_POINT('',(-151.454194170864,6.73415520418349,100.391123443006));
#1567=CARTESIAN_POINT('',(-192.305017328863,-50.6371777980566,-1.25223768201401));
#1568=CARTESIAN_POINT('',(-190.706274945794,-50.9807143570047,-0.196176422860173));
#1569=CARTESIAN_POINT('',(-189.100204834767,-51.2894187384345,0.865471469888825));
#1570=CARTESIAN_POINT('',(-187.506754801396,-51.5077446298018,1.92282129689294));
#1571=CARTESIAN_POINT('',(-185.913304768026,-51.726070521169,2.98017112389706));
#1572=CARTESIAN_POINT('',(-184.32861979113,-51.8717576760769,4.03615304005262));
#1573=CARTESIAN_POINT('',(-182.758799374427,-51.9476041355576,5.09139926083103));
#1574=CARTESIAN_POINT('',(-179.619158541022,-52.0992970545189,7.20189170238785));
#1575=CARTESIAN_POINT('',(-176.538974960948,-51.9716321473563,9.30943986597698));
#1576=CARTESIAN_POINT('',(-173.567027235231,-51.586935612667,11.4191303940278));
#1577=CARTESIAN_POINT('',(-167.623131783796,-50.8175425432882,15.6385114501294));
#1578=CARTESIAN_POINT('',(-162.116812475967,-49.0173071633456,19.8678372933778));
#1579=CARTESIAN_POINT('',(-157.339989026903,-46.4741392391741,24.1018611481063));
#1580=CARTESIAN_POINT('',(-152.56316557784,-43.9309713150027,28.3358850028347));
#1581=CARTESIAN_POINT('',(-148.519057101191,-40.6461127212239,32.5647067993535));
#1582=CARTESIAN_POINT('',(-145.357977653688,-36.9810857093354,36.7972112082262));
#1583=CARTESIAN_POINT('',(-142.196898206185,-33.316058697447,41.0297156170988));
#1584=CARTESIAN_POINT('',(-139.919984377499,-29.2720923764987,45.2658219224436));
#1585=CARTESIAN_POINT('',(-138.537863520455,-25.2189562635503,49.5068928562893));
#1586=CARTESIAN_POINT('',(-137.155742663412,-21.1658201506019,53.7479637901349));
#1587=CARTESIAN_POINT('',(-136.666471051498,-17.1045438629139,57.9906558248046));
#1588=CARTESIAN_POINT('',(-136.937882254599,-13.3687811398852,62.2372307829097));
#1589=CARTESIAN_POINT('',(-137.2092934577,-9.63301841685644,66.4838057410147));
#1590=CARTESIAN_POINT('',(-138.23865313157,-6.22141072615144,70.7309457717375));
#1591=CARTESIAN_POINT('',(-139.791665615582,-3.37823044167324,74.9845104489514));
#1592=CARTESIAN_POINT('',(-141.344678099595,-0.535050157195055,79.2380751261653));
#1593=CARTESIAN_POINT('',(-143.417976807236,1.74323098288112,83.4938546566668));
#1594=CARTESIAN_POINT('',(-145.703372698914,3.32886099149443,87.7549023889735));
#1595=CARTESIAN_POINT('',(-146.846070644753,4.12167599580109,89.8854262551268));
#1596=CARTESIAN_POINT('',(-148.041580563318,4.74308645780659,92.0160357669958));
#1597=CARTESIAN_POINT('',(-149.250478397476,5.1935377675282,94.1480974534148));
#1598=CARTESIAN_POINT('',(-149.854927314555,5.418763422389,95.2141282966242));
#1599=CARTESIAN_POINT('',(-150.462720074241,5.60124817701494,96.2805275555481));
#1600=CARTESIAN_POINT('',(-151.068874412548,5.74107105711783,97.3475065099829));
#1601=CARTESIAN_POINT('',(-151.675028750855,5.88089393722072,98.4144854644178));
#1602=CARTESIAN_POINT('',(-152.276031399226,5.96444183957958,99.4780875445963));
#1603=CARTESIAN_POINT('',(-152.879485215766,6.04339004298632,100.522282174436));
#1604=CARTESIAN_POINT('',(-186.57071195342,-41.1006586041051,-1.20451809514494));
#1605=CARTESIAN_POINT('',(-185.277541648743,-41.3801174991995,-0.148815478452891));
#1606=CARTESIAN_POINT('',(-183.976401455451,-41.6324577858471,0.914586810549654));
#1607=CARTESIAN_POINT('',(-182.685785661635,-41.8113147909876,1.97334814430894));
#1608=CARTESIAN_POINT('',(-181.39516986782,-41.9901717961281,3.03210947806823));
#1609=CARTESIAN_POINT('',(-180.111322945386,-42.1102745666277,4.08979293767077));
#1610=CARTESIAN_POINT('',(-178.839175467639,-42.1738544135029,5.14691583160447));
#1611=CARTESIAN_POINT('',(-176.294880512146,-42.3010141072535,7.26116161947187));
#1612=CARTESIAN_POINT('',(-173.79738158457,-42.2020847680397,9.37316582285243));
#1613=CARTESIAN_POINT('',(-171.3861168993,-41.8948795995957,11.4870789451362));
#1614=CARTESIAN_POINT('',(-166.56358752876,-41.2804692627079,15.7149051897037));
#1615=CARTESIAN_POINT('',(-162.090119026335,-39.8307098865867,19.9505292181178));
#1616=CARTESIAN_POINT('',(-158.20240961415,-37.7751723372888,24.1904631794609));
#1617=CARTESIAN_POINT('',(-154.314700201964,-35.719634787991,28.4303971408039));
#1618=CARTESIAN_POINT('',(-151.015723590684,-33.0593082693897,32.665845052516));
#1619=CARTESIAN_POINT('',(-148.428995592975,-30.0852675309777,36.9048555398116));
#1620=CARTESIAN_POINT('',(-145.842267595265,-27.1112267925658,41.1438660271073));
#1621=CARTESIAN_POINT('',(-143.968850174882,-23.8245118726064,45.3853986951326));
#1622=CARTESIAN_POINT('',(-142.820471719297,-20.5226500296622,49.6311866574107));
#1623=CARTESIAN_POINT('',(-141.672093263712,-17.220788186718,53.8769746196888));
#1624=CARTESIAN_POINT('',(-141.247229291844,-13.9047076218571,58.1235201613218));
#1625=CARTESIAN_POINT('',(-141.441571277715,-10.8448695110925,62.3731940381452));
#1626=CARTESIAN_POINT('',(-141.635913263587,-7.7850314003279,66.6228679149686));
#1627=CARTESIAN_POINT('',(-142.44732189788,-4.98030493562022,70.8723527088697));
#1628=CARTESIAN_POINT('',(-143.689924729688,-2.62941375160435,75.1265784150591));
#1629=CARTESIAN_POINT('',(-144.932527561495,-0.278522567588485,79.3808041212485));
#1630=CARTESIAN_POINT('',(-146.603524117964,1.62149163528614,83.6359661391021));
#1631=CARTESIAN_POINT('',(-148.455725290088,2.96483790271791,87.8947871210718));
#1632=CARTESIAN_POINT('',(-149.381825876151,3.63651103643379,90.0241976120567));
#1633=CARTESIAN_POINT('',(-150.353072725997,4.17048608622539,92.1534458715528));
#1634=CARTESIAN_POINT('',(-151.337963660487,4.56660526582023,94.2836900315977));
#1635=CARTESIAN_POINT('',(-151.830409127732,4.76466485561766,95.3488121116202));
#1636=CARTESIAN_POINT('',(-152.32626187894,4.92825915249151,96.4141865604213));
#1637=CARTESIAN_POINT('',(-152.821528510223,5.05739232436101,97.4799849826433));
#1638=CARTESIAN_POINT('',(-153.316795141507,5.18652549623051,98.5457834048653));
#1639=CARTESIAN_POINT('',(-153.808656794737,5.27054342258098,99.6087493485898));
#1640=CARTESIAN_POINT('',(-154.303695498132,5.35075006403067,100.655778009394));
#1641=CARTESIAN_POINT('',(-180.817155802638,-31.5755254618194,-1.09152315131276));
#1642=CARTESIAN_POINT('',(-179.828666031116,-31.7907453092512,-0.0358125696027771));
#1643=CARTESIAN_POINT('',(-178.833466436183,-31.9854572869138,1.02862515452516));
#1644=CARTESIAN_POINT('',(-177.846034752542,-32.1240582810817,2.08845757934114));
#1645=CARTESIAN_POINT('',(-176.8586030689,-32.2626592752495,3.14829000415713));
#1646=CARTESIAN_POINT('',(-175.875984819984,-32.3564314270454,4.20731094951944));
#1647=CARTESIAN_POINT('',(-174.901942220598,-32.4070400198188,5.2659175587378));
#1648=CARTESIAN_POINT('',(-172.953857021828,-32.5082572053654,7.3831307771745));
#1649=CARTESIAN_POINT('',(-171.04007433238,-32.4368190687503,9.49869012899519));
#1650=CARTESIAN_POINT('',(-169.190682225308,-32.206052319173,11.615754294714));
#1651=CARTESIAN_POINT('',(-165.491898011163,-31.7445188200183,15.8498826261516));
#1652=CARTESIAN_POINT('',(-162.053790284921,-30.6439727173619,20.0894782815969));
#1653=CARTESIAN_POINT('',(-159.05782000768,-29.0756130563556,24.3325151902358));
#1654=CARTESIAN_POINT('',(-156.061849730439,-27.5072533953492,28.5755520988747));
#1655=CARTESIAN_POINT('',(-153.510283812482,-25.4717908312642,32.8148184744392));
#1656=CARTESIAN_POINT('',(-151.499784041463,-23.1896001486376,37.0569147006854));
#1657=CARTESIAN_POINT('',(-149.489284270443,-20.9074094660109,41.2990109269317));
#1658=CARTESIAN_POINT('',(-148.020541600745,-18.3792077176668,45.5425953471975));
#1659=CARTESIAN_POINT('',(-147.106506205035,-15.8299089640626,49.7893371670236));
#1660=CARTESIAN_POINT('',(-146.192470809325,-13.2806102104584,54.0360789868498));
#1661=CARTESIAN_POINT('',(-145.831878392179,-10.7108950413376,58.2829110798653));
#1662=CARTESIAN_POINT('',(-145.948641263268,-8.32771572025843,62.5320053281899));
#1663=CARTESIAN_POINT('',(-146.065404134357,-5.94453639917923,66.7810995765146));
#1664=CARTESIAN_POINT('',(-146.657941755756,-3.746920245311,71.0296374188047));
#1665=CARTESIAN_POINT('',(-147.589286217633,-1.88797644761914,75.2814468801855));
#1666=CARTESIAN_POINT('',(-148.52063067951,-0.0290326499272856,79.5332563415664));
#1667=CARTESIAN_POINT('',(-149.788567225631,1.49355256797963,83.7853074124888));
#1668=CARTESIAN_POINT('',(-151.207197101764,2.59567642605874,88.0398483780287));
#1669=CARTESIAN_POINT('',(-151.916512039831,3.1467383550983,90.1671188607986));
#1670=CARTESIAN_POINT('',(-152.663391503465,3.59382787367358,92.2941649943426));
#1671=CARTESIAN_POINT('',(-153.424252311028,3.93615031305898,94.4218792686327));
#1672=CARTESIAN_POINT('',(-153.80468271481,4.10731153275168,95.4857364057778));
#1673=CARTESIAN_POINT('',(-154.188604042535,4.25227973298579,96.5497625547577));
#1674=CARTESIAN_POINT('',(-154.573010720011,4.37098060891009,97.6140860298219));
#1675=CARTESIAN_POINT('',(-154.957417397488,4.48968148483439,98.6784095048862));
#1676=CARTESIAN_POINT('',(-155.340163335391,4.57432938458695,99.7405541975614));
#1677=CARTESIAN_POINT('',(-155.726549063323,4.65555881733005,100.790669791699));
#1678=CARTESIAN_POINT('',(-175.063599651856,-22.0503923195337,-0.978528207480579));
#1679=CARTESIAN_POINT('',(-174.37979041349,-22.2013731193029,0.0771903392473369));
#1680=CARTESIAN_POINT('',(-173.690531416916,-22.3384567879805,1.14266349850067));
#1681=CARTESIAN_POINT('',(-173.006283843448,-22.4368017711757,2.20356701437335));
#1682=CARTESIAN_POINT('',(-172.32203626998,-22.5351467543709,3.26447053024603));
#1683=CARTESIAN_POINT('',(-171.640646694582,-22.6025882874632,4.32482896136812));
#1684=CARTESIAN_POINT('',(-170.964708973558,-22.6402256261346,5.38491928587112));
#1685=CARTESIAN_POINT('',(-169.61283353151,-22.7155003034774,7.50509993487713));
#1686=CARTESIAN_POINT('',(-168.282767080191,-22.6715533694609,9.62421443513796));
#1687=CARTESIAN_POINT('',(-166.995247551316,-22.5172250387502,11.7444296442918));
#1688=CARTESIAN_POINT('',(-164.420208493566,-22.2085683773288,15.9848600625995));
#1689=CARTESIAN_POINT('',(-162.017461543506,-21.4572355481371,20.2284273450761));
#1690=CARTESIAN_POINT('',(-159.91323040121,-20.3760537754223,24.4745672010108));
#1691=CARTESIAN_POINT('',(-157.808999258914,-19.2948720027074,28.7207070569455));
#1692=CARTESIAN_POINT('',(-156.00484403428,-17.8842733931388,32.9637918963623));
#1693=CARTESIAN_POINT('',(-154.570572489951,-16.2939327662974,37.2089738615592));
#1694=CARTESIAN_POINT('',(-153.136300945621,-14.703592139456,41.4541558267561));
#1695=CARTESIAN_POINT('',(-152.072233026607,-12.9339035627272,45.6997919992623));
#1696=CARTESIAN_POINT('',(-151.392540690773,-11.1371678984629,49.9474876766365));
#1697=CARTESIAN_POINT('',(-150.712848354938,-9.34043223419869,54.1951833540108));
#1698=CARTESIAN_POINT('',(-150.416527492514,-7.51708246081815,58.4423019984087));
#1699=CARTESIAN_POINT('',(-150.455711248821,-5.81056192942436,62.6908166182346));
#1700=CARTESIAN_POINT('',(-150.494895005128,-4.10404139803056,66.9393312380605));
#1701=CARTESIAN_POINT('',(-150.868561613632,-2.51353555500179,71.1869221287397));
#1702=CARTESIAN_POINT('',(-151.488647705579,-1.14653914363394,75.436315345312));
#1703=CARTESIAN_POINT('',(-152.108733797526,0.220457267733913,79.6857085618842));
#1704=CARTESIAN_POINT('',(-152.973610333298,1.36561350067311,83.9346486858756));
#1705=CARTESIAN_POINT('',(-153.95866891344,2.22651494939958,88.1849096349855));
#1706=CARTESIAN_POINT('',(-154.451198203512,2.65696567376282,90.3100401095404));
#1707=CARTESIAN_POINT('',(-154.973710280932,3.01716966112178,92.4348841171325));
#1708=CARTESIAN_POINT('',(-155.510540961569,3.30569536029772,94.5600685056677));
#1709=CARTESIAN_POINT('',(-155.778956301888,3.4499582098857,95.6226606999354));
#1710=CARTESIAN_POINT('',(-156.050946206131,3.57630031348008,96.6853385490941));
#1711=CARTESIAN_POINT('',(-156.3244929298,3.68456889345917,97.7481870770006));
#1712=CARTESIAN_POINT('',(-156.598039653468,3.79283747343826,98.8110356049071));
#1713=CARTESIAN_POINT('',(-156.871669876045,3.87811534659291,99.8723590465329));
#1714=CARTESIAN_POINT('',(-157.149402628514,3.96036757062942,100.925561574004));
#1715=CARTESIAN_POINT('',(-169.282506391494,-12.5415462152847,-0.767540168378501));
#1716=CARTESIAN_POINT('',(-168.901772645671,-12.6282522591419,0.289327604021725));
#1717=CARTESIAN_POINT('',(-168.520713658396,-12.7054408239115,1.35348926993685));
#1718=CARTESIAN_POINT('',(-168.140496444963,-12.762262819224,2.414405574052));
#1719=CARTESIAN_POINT('',(-167.76027923153,-12.8190848145364,3.47532187816716));
#1720=CARTESIAN_POINT('',(-167.380996271758,-12.8590332805023,4.53593599587587));
#1721=CARTESIAN_POINT('',(-167.004072606377,-12.8826322535569,5.59639340595659));
#1722=CARTESIAN_POINT('',(-166.250225275616,-12.929830199666,7.71730822611801));
#1723=CARTESIAN_POINT('',(-165.505822721216,-12.9116190759865,9.83760336436798));
#1724=CARTESIAN_POINT('',(-164.782216995052,-12.8323255461325,11.9583690317994));
#1725=CARTESIAN_POINT('',(-163.335005542724,-12.6737384864244,16.1999003666623));
#1726=CARTESIAN_POINT('',(-161.971354773961,-12.2703042400793,20.4424287174387));
#1727=CARTESIAN_POINT('',(-160.762442338418,-11.6760400957218,24.6862022870427));
#1728=CARTESIAN_POINT('',(-159.553529902875,-11.0817759513642,28.9299758566467));
#1729=CARTESIAN_POINT('',(-158.499525922373,-10.2968151911089,33.1718897809203));
#1730=CARTESIAN_POINT('',(-157.643448679706,-9.39952850689932,37.4146800801924));
#1731=CARTESIAN_POINT('',(-156.787371437039,-8.50224182268975,41.6574703794646));
#1732=CARTESIAN_POINT('',(-156.12891038215,-7.49257458753781,45.9002174904695));
#1733=CARTESIAN_POINT('',(-155.683822357112,-6.44973456980355,50.1437693481132));
#1734=CARTESIAN_POINT('',(-155.238734332074,-5.40689455206929,54.3873212057569));
#1735=CARTESIAN_POINT('',(-155.006144925658,-4.33095135841877,58.6302715680708));
#1736=CARTESIAN_POINT('',(-154.96692218794,-3.30159099017357,62.873868896308));
#1737=CARTESIAN_POINT('',(-154.927699450223,-2.27223062192836,67.1174662245452));
#1738=CARTESIAN_POINT('',(-155.081362237505,-1.28877576080875,71.3604855860833));
#1739=CARTESIAN_POINT('',(-155.389227090108,-0.413137957533174,75.6041896605664));
#1740=CARTESIAN_POINT('',(-155.697091942711,0.462499845742402,79.8478937350496));
#1741=CARTESIAN_POINT('',(-156.158131194891,1.23123578167602,84.091193514677));
#1742=CARTESIAN_POINT('',(-156.709241312372,1.85207586212388,88.3351132543006));
#1743=CARTESIAN_POINT('',(-156.984796371112,2.1624959023478,90.4570731241123));
#1744=CARTESIAN_POINT('',(-157.282840889421,2.43639431398071,92.578879183294));
#1745=CARTESIAN_POINT('',(-157.595621958206,2.67167851408103,94.7008270032201));
#1746=CARTESIAN_POINT('',(-157.752012492599,2.78932061413119,95.7618009131832));
#1747=CARTESIAN_POINT('',(-157.912081409398,2.89730827727353,96.8228101162132));
#1748=CARTESIAN_POINT('',(-158.074797519351,2.995407462782,97.8838922803955));
#1749=CARTESIAN_POINT('',(-158.237513629304,3.09350664829046,98.9449744445777));
#1750=CARTESIAN_POINT('',(-158.402054540998,3.17957707336279,100.005293536209));
#1751=CARTESIAN_POINT('',(-158.570894132973,3.26261198207957,101.061831270545));
#1752=CARTESIAN_POINT('',(-163.60031798246,-2.97419811047108,-0.490766514612579));
#1753=CARTESIAN_POINT('',(-163.525840172795,-2.99829625999584,0.568896073005024));
#1754=CARTESIAN_POINT('',(-163.450936697146,-3.02031453300145,1.62780875554762));
#1755=CARTESIAN_POINT('',(-163.374468593989,-3.03905859626365,2.6870447640957));
#1756=CARTESIAN_POINT('',(-163.298000490832,-3.05780265952585,3.74628077264378));
#1757=CARTESIAN_POINT('',(-163.220392336249,-3.07362115171217,4.80554501143514));
#1758=CARTESIAN_POINT('',(-163.141892021665,-3.086458424444,5.86482690337485));
#1759=CARTESIAN_POINT('',(-162.984891392496,-3.11213296990766,7.98339068725428));
#1760=CARTESIAN_POINT('',(-162.824329597903,-3.12587099490944,10.1020266206499));
#1761=CARTESIAN_POINT('',(-162.662145655191,-3.12736883720875,12.2206312881703));
#1762=CARTESIAN_POINT('',(-162.337777769767,-3.13036452180737,16.457840623211));
#1763=CARTESIAN_POINT('',(-162.006943483068,-3.0842886091215,20.6950614465925));
#1764=CARTESIAN_POINT('',(-161.685785674964,-2.98415379136956,24.9319867997177));
#1765=CARTESIAN_POINT('',(-161.364627866859,-2.88401897361763,29.1689121528429));
#1766=CARTESIAN_POINT('',(-161.053120739768,-2.72982057314652,33.4059162363071));
#1767=CARTESIAN_POINT('',(-160.76725711887,-2.52853474410053,37.6429690403424));
#1768=CARTESIAN_POINT('',(-160.481393497972,-2.32724891505454,41.8800218443777));
#1769=CARTESIAN_POINT('',(-160.221255942479,-2.07881194396393,46.1172257172661));
#1770=CARTESIAN_POINT('',(-160.004093081202,-1.78944530204323,50.3541727165374));
#1771=CARTESIAN_POINT('',(-159.786930219924,-1.50007866012253,54.5911197158087));
#1772=CARTESIAN_POINT('',(-159.612600076912,-1.17004108708675,58.8280130101536));
#1773=CARTESIAN_POINT('',(-159.490524959387,-0.815487046921564,63.0649808429076));
#1774=CARTESIAN_POINT('',(-159.368449841863,-0.460933006756382,67.3019486756615));
#1775=CARTESIAN_POINT('',(-159.298963652392,-0.0818238804051406,71.539124866414));
#1776=CARTESIAN_POINT('',(-159.292451135032,0.305302080975856,75.776049805838));
#1777=CARTESIAN_POINT('',(-159.285938617672,0.692428042356853,80.012974745262));
#1778=CARTESIAN_POINT('',(-159.342041681453,1.08734514878625,84.2498346973769));
#1779=CARTESIAN_POINT('',(-159.458746373448,1.47038161352324,88.4867482623938));
#1780=CARTESIAN_POINT('',(-159.517098719446,1.66189984589173,90.6052050449022));
#1781=CARTESIAN_POINT('',(-159.590597239788,1.85045975849885,92.7237009516853));
#1782=CARTESIAN_POINT('',(-159.679345228888,2.03334672540534,94.8421767752788));
#1783=CARTESIAN_POINT('',(-159.723719223438,2.12479020885858,95.9014146870756));
#1784=CARTESIAN_POINT('',(-159.771899722963,2.21481443644836,96.9606470109597));
#1785=CARTESIAN_POINT('',(-159.823837112479,2.30310621278056,98.0198628043967));
#1786=CARTESIAN_POINT('',(-159.875774501996,2.39139798911275,99.0790785978337));
#1787=CARTESIAN_POINT('',(-159.931271054057,2.47847827500386,100.138324456624));
#1788=CARTESIAN_POINT('',(-159.990950314265,2.56198292041347,101.198221551153));
#1789=CARTESIAN_POINT('',(-155.500852387875,0.113071179188767,6.));
#1790=CARTESIAN_POINT('',(-156.67082907304,0.436347487253671,8.6211823894323));
#1791=CARTESIAN_POINT('',(-157.855940625737,0.527640778571664,11.2404514857844));
#1792=CARTESIAN_POINT('',(-159.017992886019,0.378971429198218,13.8750000000161));
#1793=CARTESIAN_POINT('',(-155.500852387875,0.113071179188767,6.));
#1794=CARTESIAN_POINT('',(-159.017992886019,0.378971429198252,13.8750000000161));
#1795=CARTESIAN_POINT('',(-155.500852387875,0.113071179188767,6.));
#1796=CARTESIAN_POINT('',(-155.495154029397,-0.264857411287253,4.00008764224689));
#1797=CARTESIAN_POINT('',(-155.518068117156,-0.643016508564892,1.99993424880637));
#1798=CARTESIAN_POINT('',(-155.56932447403,-1.01737958876032,6.09863722023096E-16));
#1799=CARTESIAN_POINT('',(-155.56932447403,-1.01737958876032,6.09863722023096E-16));
#1800=CARTESIAN_POINT('',(-155.56932447403,-1.01737958876032,4.06575814682064E-17));
#1801=CARTESIAN_POINT('',(-137.830251099045,-1.09987607861997,4.06575814682064E-17));
#1802=CARTESIAN_POINT('',(-120.093917444494,-1.45405692021548,1.62630325872826E-16));
#1803=CARTESIAN_POINT('',(-102.358635596846,-1.8294664862899,1.62630325872826E-16));
#1804=CARTESIAN_POINT('',(-102.358635596846,-1.8294664862899,0.));
#1805=CARTESIAN_POINT('',(-102.358635596846,-1.82946648629424,0.));
#1806=CARTESIAN_POINT('',(-101.54402585081,-1.84670964565911,6.03765084802865E-15));
#1807=CARTESIAN_POINT('',(-100.738895001757,-1.65942055501435,0.132718079090156));
#1808=CARTESIAN_POINT('',(-99.4099000009003,-0.897888647637132,0.621684903747569));
#1809=CARTESIAN_POINT('',(-98.8898561340428,-0.342019082667498,0.966285158905048));
#1810=CARTESIAN_POINT('',(-97.7524914918644,1.48276155692777,2.07656953054178));
#1811=CARTESIAN_POINT('',(-97.4920859441578,2.88466641758972,2.90850129658436));
#1812=CARTESIAN_POINT('',(-97.3981602445437,6.99430195453683,5.36598671922492));
#1813=CARTESIAN_POINT('',(-98.2538298166842,9.69623783562424,7.00674588278829));
#1814=CARTESIAN_POINT('',(-99.6684637831782,12.097109147435,8.61030796957672));
#1815=CARTESIAN_POINT('',(-99.6684979077894,12.09709006927,8.61030642815121));
#1816=CARTESIAN_POINT('',(-99.6685330401616,12.0970760144197,8.61029647802956));
#1817=CARTESIAN_POINT('',(-102.940893353156,17.6507037178377,12.319623230597));
#1818=CARTESIAN_POINT('',(-106.939363185233,22.4224520756892,16.0234508628616));
#1819=CARTESIAN_POINT('',(-115.751164957241,30.158416176181,23.4528517095095));
#1820=CARTESIAN_POINT('',(-120.559525159058,33.1185903461354,27.1735207463314));
#1821=CARTESIAN_POINT('',(-130.323724370225,37.1877189300808,34.602021958178));
#1822=CARTESIAN_POINT('',(-135.274406871103,38.3039511413914,38.3088749930121));
#1823=CARTESIAN_POINT('',(-144.706228260835,38.8696397721423,45.7279552177667));
#1824=CARTESIAN_POINT('',(-149.19059942858,38.3304016897261,49.4370323283536));
#1825=CARTESIAN_POINT('',(-157.196355864316,35.9491401922951,56.8521884252369));
#1826=CARTESIAN_POINT('',(-160.72860129285,34.1185885247084,60.558420987984));
#1827=CARTESIAN_POINT('',(-166.51319585261,29.6628578412493,67.9642774955632));
#1828=CARTESIAN_POINT('',(-168.778414798929,27.0411130317235,71.6663933836203));
#1829=CARTESIAN_POINT('',(-171.921561285989,21.5567064709805,79.0594188553236));
#1830=CARTESIAN_POINT('',(-172.805222963899,18.6930219118124,82.7558614886751));
#1831=CARTESIAN_POINT('',(-173.292292061641,13.2655742497317,90.1361916842435));
#1832=CARTESIAN_POINT('',(-172.88990897216,10.7042702873678,93.824344678745));
#1833=CARTESIAN_POINT('',(-171.987425908411,8.51285373493796,97.5107266030732));
#1834=CARTESIAN_POINT('',(-171.987530271367,8.51291819416318,97.510790483514));
#1835=CARTESIAN_POINT('',(-171.987642896649,8.51297201715664,97.5108500273257));
#1836=CARTESIAN_POINT('',(-171.631109310974,7.64740672634264,98.9667400524427));
#1837=CARTESIAN_POINT('',(-170.445256655098,6.51418015954603,100.));
#1838=CARTESIAN_POINT('',(-169.019567186696,5.52912897735013,100.));
#1839=CARTESIAN_POINT('',(-169.019567186696,5.52912897735014,100.));
#1840=CARTESIAN_POINT('',(-169.019567186696,5.52912897735013,100.));
#1841=CARTESIAN_POINT('',(-167.854258760007,4.72398278754307,100.));
#1842=CARTESIAN_POINT('',(-166.694650029599,3.91061726182019,100.));
#1843=CARTESIAN_POINT('',(-165.5404026854,3.0897174945316,100.));
#1844=CARTESIAN_POINT('',(-165.5404026854,3.08971749453157,100.));
#1845=CARTESIAN_POINT('',(-165.5404026854,3.08971749453155,100.));
#1846=CARTESIAN_POINT('',(-164.425760321896,4.00618977994839,85.6429902537036));
#1847=CARTESIAN_POINT('',(-162.796348141332,4.24745648537122,71.2888617888696));
#1848=CARTESIAN_POINT('',(-160.131552314838,3.13916685637299,42.5785817020417));
#1849=CARTESIAN_POINT('',(-159.154782750729,1.81627823508298,28.2299491493537));
#1850=CARTESIAN_POINT('',(-159.017992886012,0.378971429200727,13.8750000000158));
#1851=CARTESIAN_POINT('',(-160.734180320154,-1.08113039864308,-1.38757099146062));
#1852=CARTESIAN_POINT('',(-160.645016702176,-0.961063898356793,0.740994844015035));
#1853=CARTESIAN_POINT('',(-160.564343667375,-0.831927363504964,2.87078574879788));
#1854=CARTESIAN_POINT('',(-160.495803979452,-0.694333864022712,5.00033008133225));
#1855=CARTESIAN_POINT('',(-160.427264291529,-0.556740364540459,7.12987441386662));
#1856=CARTESIAN_POINT('',(-160.370088949777,-0.411041406576134,9.2595421774723));
#1857=CARTESIAN_POINT('',(-160.325541532277,-0.259140039316015,11.3891994869035));
#1858=CARTESIAN_POINT('',(-160.236446697277,0.0446626952042213,15.6485141057658));
#1859=CARTESIAN_POINT('',(-160.197796972374,0.373684639601652,19.9073791136335));
#1860=CARTESIAN_POINT('',(-160.220004565596,0.70706948049029,24.1662993630696));
#1861=CARTESIAN_POINT('',(-160.242212158817,1.04045432137893,28.4252196125057));
#1862=CARTESIAN_POINT('',(-160.326184524381,1.37786400687375,32.6842808184761));
#1863=CARTESIAN_POINT('',(-160.469698157108,1.69988764307057,36.943378225713));
#1864=CARTESIAN_POINT('',(-160.613211789836,2.02191127926738,41.2024756329498));
#1865=CARTESIAN_POINT('',(-160.816371758738,2.32862050009587,45.4612357466045));
#1866=CARTESIAN_POINT('',(-161.073280499961,2.59560104911002,49.7202129728703));
#1867=CARTESIAN_POINT('',(-161.330189241184,2.86258159812416,53.9791901991361));
#1868=CARTESIAN_POINT('',(-161.641075254332,3.08942212409851,58.2381402651195));
#1869=CARTESIAN_POINT('',(-161.990467074514,3.26151950205149,62.4970804669773));
#1870=CARTESIAN_POINT('',(-162.339858894696,3.43361688000448,66.7560206688352));
#1871=CARTESIAN_POINT('',(-162.727768247898,3.55095400324559,71.0146588740278));
#1872=CARTESIAN_POINT('',(-163.13279267058,3.59760015613118,75.2735614767925));
#1873=CARTESIAN_POINT('',(-163.537817093263,3.64424630901677,79.5324640795573));
#1874=CARTESIAN_POINT('',(-163.960000029303,3.62047941498836,83.7913373632385));
#1875=CARTESIAN_POINT('',(-164.376169280947,3.52407632827601,88.0502110381721));
#1876=CARTESIAN_POINT('',(-164.792338532591,3.42767324156366,92.3090847131057));
#1877=CARTESIAN_POINT('',(-165.201207232792,3.25781998177033,96.5681378751653));
#1878=CARTESIAN_POINT('',(-165.578526256245,3.01895894779873,100.82646175835));
#1879=CARTESIAN_POINT('',(-149.417071731812,-1.47755816685104,-1.1039076332438));
#1880=CARTESIAN_POINT('',(-149.522846133397,-0.743462763048413,1.02262578422083));
#1881=CARTESIAN_POINT('',(-149.680447504932,-0.0298667683599297,3.14326421542696));
#1882=CARTESIAN_POINT('',(-149.894870937296,0.650787430549953,5.26512585367802));
#1883=CARTESIAN_POINT('',(-150.109294369661,1.33144162945984,7.38698749192908));
#1884=CARTESIAN_POINT('',(-150.376533306649,1.98060869062014,9.50818114589272));
#1885=CARTESIAN_POINT('',(-150.688534671953,2.59049798530793,11.6293066231529));
#1886=CARTESIAN_POINT('',(-151.31253740256,3.8102765746835,15.8715575776732));
#1887=CARTESIAN_POINT('',(-152.11625433514,4.87104747874706,20.1156276424041));
#1888=CARTESIAN_POINT('',(-153.026962141764,5.73490318824066,24.3600671653624));
#1889=CARTESIAN_POINT('',(-153.937669948389,6.59875889773425,28.6045066883207));
#1890=CARTESIAN_POINT('',(-154.955774538278,7.26368944866583,32.8491669373825));
#1891=CARTESIAN_POINT('',(-155.999909797145,7.7255050855339,37.0927457149939));
#1892=CARTESIAN_POINT('',(-157.044045056011,8.18732072240197,41.3363244926053));
#1893=CARTESIAN_POINT('',(-158.113852411213,8.44509174997611,45.580922189783));
#1894=CARTESIAN_POINT('',(-159.138972631629,8.51661749995242,49.8250835438368));
#1895=CARTESIAN_POINT('',(-160.164092852045,8.58814324992873,54.0692448978907));
#1896=CARTESIAN_POINT('',(-161.144242299694,8.47259757797935,58.3145146278249));
#1897=CARTESIAN_POINT('',(-162.023058452508,8.21678001023487,62.5589418290094));
#1898=CARTESIAN_POINT('',(-162.901874605322,7.96096244249038,66.8033690301939));
#1899=CARTESIAN_POINT('',(-163.679311097251,7.56484166156748,71.0486175763762));
#1900=CARTESIAN_POINT('',(-164.321079934228,7.08231448635423,75.2932680383682));
#1901=CARTESIAN_POINT('',(-164.962848771205,6.59978731114098,79.5379185003601));
#1902=CARTESIAN_POINT('',(-165.469484708072,6.03110220939953,83.7835840711502));
#1903=CARTESIAN_POINT('',(-165.833472512435,5.44122078421215,88.0284837175801));
#1904=CARTESIAN_POINT('',(-166.197460316799,4.85133935902476,92.27338336401));
#1905=CARTESIAN_POINT('',(-166.417288424358,4.24017970635454,96.5159552345927));
#1906=CARTESIAN_POINT('',(-166.513158849064,3.66196594359558,100.765045411155));
#1907=CARTESIAN_POINT('',(-138.095510740933,-1.75195294803365,-0.885837167917861));
#1908=CARTESIAN_POINT('',(-138.40281471594,-0.405113499305376,1.24032013467602));
#1909=CARTESIAN_POINT('',(-138.804928273214,0.886882622150427,3.35694060776111));
#1910=CARTESIAN_POINT('',(-139.307752908935,2.10596953983444,5.47434276526311));
#1911=CARTESIAN_POINT('',(-139.810577544657,3.32505645751846,7.5917449227651));
#1912=CARTESIAN_POINT('',(-140.406998411864,4.47269370049718,9.7073936815462));
#1913=CARTESIAN_POINT('',(-141.079539988526,5.53521760208683,11.8227606330566));
#1914=CARTESIAN_POINT('',(-142.424623141851,7.66026540526615,16.0534945360776));
#1915=CARTESIAN_POINT('',(-144.075899768774,9.44175024699356,20.2871596701652));
#1916=CARTESIAN_POINT('',(-145.87764405237,10.8253460753693,24.5215489256089));
#1917=CARTESIAN_POINT('',(-147.679388335966,12.2089419037449,28.7559381810526));
#1918=CARTESIAN_POINT('',(-149.632016931921,13.1916335621815,32.9900012647041));
#1919=CARTESIAN_POINT('',(-151.575151380652,13.7845188419317,37.2213666562694));
#1920=CARTESIAN_POINT('',(-153.518285829382,14.3774041216819,41.4527320478348));
#1921=CARTESIAN_POINT('',(-155.451866655524,14.5791303244184,45.6857466498786));
#1922=CARTESIAN_POINT('',(-157.241247535004,14.4495551468717,49.9174594570598));
#1923=CARTESIAN_POINT('',(-159.030628414484,14.319979969325,54.149172264241));
#1924=CARTESIAN_POINT('',(-160.675860448459,13.85813439107,58.3825141380015));
#1925=CARTESIAN_POINT('',(-162.079706142278,13.1718465872972,62.614016710371));
#1926=CARTESIAN_POINT('',(-163.483551836097,12.4855587835243,66.8455192827404));
#1927=CARTESIAN_POINT('',(-164.646674935183,11.5747774085382,71.0785178299622));
#1928=CARTESIAN_POINT('',(-165.521721463336,10.5627823118889,75.3099091311925));
#1929=CARTESIAN_POINT('',(-166.396767991489,9.55078721523961,79.5413004324229));
#1930=CARTESIAN_POINT('',(-166.985293637852,8.43762513710199,83.7744447683978));
#1931=CARTESIAN_POINT('',(-167.29514667992,7.35502369083987,88.005940858851));
#1932=CARTESIAN_POINT('',(-167.604999721988,6.27242224457775,92.2374369493043));
#1933=CARTESIAN_POINT('',(-167.634536120295,5.22108528818728,96.4638873039451));
#1934=CARTESIAN_POINT('',(-167.448543216319,4.30393735915723,100.703998140755));
#1935=CARTESIAN_POINT('',(-126.775179746751,-2.06008776870995,-0.770952582340973));
#1936=CARTESIAN_POINT('',(-127.282159765753,-0.0993397328990383,1.35564063656826));
#1937=CARTESIAN_POINT('',(-127.927261466043,1.77533710147073,3.47163986597641));
#1938=CARTESIAN_POINT('',(-128.717476746861,3.53570212447742,5.58708183094203));
#1939=CARTESIAN_POINT('',(-129.50769202768,5.29606714748412,7.70252379590764));
#1940=CARTESIAN_POINT('',(-130.432712376872,6.94490820136706,9.81525435871202));
#1941=CARTESIAN_POINT('',(-131.465584869088,8.46268355643576,11.9277169930269));
#1942=CARTESIAN_POINT('',(-133.53132985352,11.4982342665732,16.1526422616565));
#1943=CARTESIAN_POINT('',(-136.031025760898,14.0046207008246,20.3816489663299));
#1944=CARTESIAN_POINT('',(-138.725445311506,15.911278988531,24.611990567563));
#1945=CARTESIAN_POINT('',(-141.419864862115,17.8179372762374,28.8423321687961));
#1946=CARTESIAN_POINT('',(-144.309208145882,19.1204408056131,33.071418836788));
#1947=CARTESIAN_POINT('',(-147.153419168241,19.8454426534254,37.2965214334301));
#1948=CARTESIAN_POINT('',(-149.9976301906,20.5704445012376,41.5216240300722));
#1949=CARTESIAN_POINT('',(-152.796752207519,20.7160579699505,45.7484408589148));
#1950=CARTESIAN_POINT('',(-155.351577573209,20.3848251320368,49.9731695146131));
#1951=CARTESIAN_POINT('',(-157.906402938899,20.0535922941231,54.1978981703114));
#1952=CARTESIAN_POINT('',(-160.217165921307,19.2443514429534,58.4239737349112));
#1953=CARTESIAN_POINT('',(-162.145824209177,18.1265947315136,62.6470690289589));
#1954=CARTESIAN_POINT('',(-164.074482497046,17.0088380200738,66.8701643230066));
#1955=CARTESIAN_POINT('',(-165.622447259733,15.5824839807985,71.0944943832161));
#1956=CARTESIAN_POINT('',(-166.72957911034,14.0405852177225,75.3158439713749));
#1957=CARTESIAN_POINT('',(-167.836710960947,12.4986864546465,79.5371935595338));
#1958=CARTESIAN_POINT('',(-168.505757679656,10.8410233739167,83.760110031174));
#1959=CARTESIAN_POINT('',(-168.760251465188,9.26608692837348,87.9800082111717));
#1960=CARTESIAN_POINT('',(-169.014745250721,7.69115048283025,92.1999063911694));
#1961=CARTESIAN_POINT('',(-168.852908501777,6.2005459740089,96.4113617080965));
#1962=CARTESIAN_POINT('',(-168.384690105177,4.9448121812247,100.642994010037));
#1963=CARTESIAN_POINT('',(-115.45484875257,-2.36822258938625,-0.656067996764084));
#1964=CARTESIAN_POINT('',(-116.161504815565,0.206434033507299,1.47096113846051));
#1965=CARTESIAN_POINT('',(-117.049594658871,2.66379158079102,3.58633912419171));
#1966=CARTESIAN_POINT('',(-118.127200584787,4.96543470912041,5.69982089662095));
#1967=CARTESIAN_POINT('',(-119.204806510703,7.26707783744979,7.81330266905019));
#1968=CARTESIAN_POINT('',(-120.458426341881,9.41712270223694,9.92311503587785));
#1969=CARTESIAN_POINT('',(-121.85162974965,11.3901495107847,12.0326733529971));
#1970=CARTESIAN_POINT('',(-124.638036565188,15.3362031278802,16.2517899872355));
#1971=CARTESIAN_POINT('',(-127.986151753021,18.5674911546556,20.4761382624946));
#1972=CARTESIAN_POINT('',(-131.573246570643,20.9972119016928,24.702432209517));
#1973=CARTESIAN_POINT('',(-135.160341388264,23.4269326487299,28.9287261565395));
#1974=CARTESIAN_POINT('',(-138.986399359843,25.0492480490447,33.1528364088719));
#1975=CARTESIAN_POINT('',(-142.731686955831,25.906366464919,37.3716762105907));
#1976=CARTESIAN_POINT('',(-146.476974551819,26.7634848807933,41.5905160123095));
#1977=CARTESIAN_POINT('',(-150.141637759513,26.8529856154825,45.8111350679511));
#1978=CARTESIAN_POINT('',(-153.461907611413,26.3200951172018,50.0288795721664));
#1979=CARTESIAN_POINT('',(-156.782177463314,25.7872046189211,54.2466240763817));
#1980=CARTESIAN_POINT('',(-159.758471394156,24.6305684948367,58.4654333318209));
#1981=CARTESIAN_POINT('',(-162.211942276076,23.08134287573,62.6801213475469));
#1982=CARTESIAN_POINT('',(-164.665413157996,21.5321172566234,66.8948093632729));
#1983=CARTESIAN_POINT('',(-166.598219584283,19.5901905530587,71.11047093647));
#1984=CARTESIAN_POINT('',(-167.937436757344,17.518388123556,75.3217788115573));
#1985=CARTESIAN_POINT('',(-169.276653930406,15.4465856940533,79.5330866866447));
#1986=CARTESIAN_POINT('',(-170.02622172146,13.2444216107315,83.7457752939503));
#1987=CARTESIAN_POINT('',(-170.225356250457,11.1771501659071,87.9540755634924));
#1988=CARTESIAN_POINT('',(-170.424490779454,9.10987872108274,92.1623758330345));
#1989=CARTESIAN_POINT('',(-170.071280883259,7.18000665983053,96.3588361122479));
#1990=CARTESIAN_POINT('',(-169.320836994034,5.58568700329217,100.581989879319));
#1991=CARTESIAN_POINT('',(-104.135375164488,-2.69987587949056,-0.608596120271978));
#1992=CARTESIAN_POINT('',(-105.040426341382,0.489199104720457,1.51907532997128));
#1993=CARTESIAN_POINT('',(-106.170371056158,3.53134800291525,3.63484503545753));
#1994=CARTESIAN_POINT('',(-107.534520366861,6.37581588712846,5.74721040491688));
#1995=CARTESIAN_POINT('',(-108.898669677564,9.22028377134167,7.85957577437624));
#1996=CARTESIAN_POINT('',(-110.480285153105,11.8731378787085,9.96743298646994));
#1997=CARTESIAN_POINT('',(-112.233475073493,14.3030622391535,12.0752300129819));
#1998=CARTESIAN_POINT('',(-115.739854914268,19.1629109600436,16.2908240660058));
#1999=CARTESIAN_POINT('',(-119.936614648441,23.1221593389738,20.5131469394611));
#2000=CARTESIAN_POINT('',(-124.417364291339,26.0775695830142,24.7384604461963));
#2001=CARTESIAN_POINT('',(-128.898113934237,29.0329798270546,28.9637739529316));
#2002=CARTESIAN_POINT('',(-133.662456727993,30.977036235174,33.1860804531405));
#2003=CARTESIAN_POINT('',(-138.310597980541,31.9674839994524,37.4024043219038));
#2004=CARTESIAN_POINT('',(-142.958739233088,32.9579317637309,41.6187281906671));
#2005=CARTESIAN_POINT('',(-147.49069735974,32.9916609819133,45.83688582742));
#2006=CARTESIAN_POINT('',(-151.577809862353,32.2569140903189,50.0517574760896));
#2007=CARTESIAN_POINT('',(-155.664922364966,31.5221671987245,54.2666291247591));
#2008=CARTESIAN_POINT('',(-159.307581617814,30.0173344359604,58.481996483515));
#2009=CARTESIAN_POINT('',(-162.286053897644,28.0357924086013,62.6922004837394));
#2010=CARTESIAN_POINT('',(-165.264526177474,26.0542503812422,66.9024044839638));
#2011=CARTESIAN_POINT('',(-167.581679065163,23.5958597459688,71.1127343577831));
#2012=CARTESIAN_POINT('',(-169.15203796184,20.9936877611061,75.3170869355861));
#2013=CARTESIAN_POINT('',(-170.722396858517,18.3915157762434,79.521439513389));
#2014=CARTESIAN_POINT('',(-171.551229556748,15.6447686404464,83.7262003923956));
#2015=CARTESIAN_POINT('',(-171.693836444718,13.0855140315331,87.9247185451721));
#2016=CARTESIAN_POINT('',(-171.836443332688,10.5262594226198,92.1232366979486));
#2017=CARTESIAN_POINT('',(-171.290777293109,8.15802285251107,96.3058470178131));
#2018=CARTESIAN_POINT('',(-170.257746616715,6.22546456807606,100.521026329991));
#2019=CARTESIAN_POINT('',(-92.8166715675567,-3.05263902798467,-0.574485543688247));
#2020=CARTESIAN_POINT('',(-93.918987063094,0.750808996569238,1.55361920498296));
#2021=CARTESIAN_POINT('',(-95.2896472714052,4.37791576179375,3.66905516150328));
#2022=CARTESIAN_POINT('',(-96.9392505715891,7.76549971383485,5.77981066312771));
#2023=CARTESIAN_POINT('',(-98.588853871773,11.153083665876,7.89056616475213));
#2024=CARTESIAN_POINT('',(-100.497419457345,14.3091888733906,9.99598679938536));
#2025=CARTESIAN_POINT('',(-102.609647374207,17.1966084916406,12.1015484525264));
#2026=CARTESIAN_POINT('',(-106.83410320793,22.9714477281407,16.3126717588084));
#2027=CARTESIAN_POINT('',(-111.87797679436,27.6603665369536,20.5321673399006));
#2028=CARTESIAN_POINT('',(-117.251448809661,31.1434232389304,24.7557927049786));
#2029=CARTESIAN_POINT('',(-122.624920824962,34.6264799409073,28.9794180700565));
#2030=CARTESIAN_POINT('',(-128.327141384896,36.8944013976407,33.199381057323));
#2031=CARTESIAN_POINT('',(-133.878500830057,38.0202754123336,37.4129806883406));
#2032=CARTESIAN_POINT('',(-139.429860275218,39.1461494270264,41.6265803193583));
#2033=CARTESIAN_POINT('',(-144.830047551971,39.1260062106892,45.8423826372902));
#2034=CARTESIAN_POINT('',(-149.685472681175,38.1908540502836,50.0549577184681));
#2035=CARTESIAN_POINT('',(-154.540897810378,37.255701889878,54.267532799646));
#2036=CARTESIAN_POINT('',(-158.851638858247,35.4035699345953,58.4804151493274));
#2037=CARTESIAN_POINT('',(-162.356849528546,32.9900489112475,62.6876486898448));
#2038=CARTESIAN_POINT('',(-165.862060198844,30.5765278878998,66.8948822303622));
#2039=CARTESIAN_POINT('',(-168.564992331555,27.6014434808685,71.1016949279562));
#2040=CARTESIAN_POINT('',(-170.367434291842,24.468488055501,75.3012771830869));
#2041=CARTESIAN_POINT('',(-172.16987625213,21.3355326301335,79.5008594382175));
#2042=CARTESIAN_POINT('',(-173.078233954032,18.0436846005714,83.6998739963217));
#2043=CARTESIAN_POINT('',(-173.164147936103,14.9922908834078,87.8906245062752));
#2044=CARTESIAN_POINT('',(-173.250061918175,11.9408971662441,92.0813750162287));
#2045=CARTESIAN_POINT('',(-172.511252357438,9.13474191704197,96.2518513342645));
#2046=CARTESIAN_POINT('',(-171.195376303806,6.86415801729626,100.4597553067));
#2047=CARTESIAN_POINT('',(-155.807237055384,2.12465555386117,6.));
#2048=CARTESIAN_POINT('',(-155.700156161839,1.76214621357635,4.00009027578065));
#2049=CARTESIAN_POINT('',(-155.62057894163,1.39172915668487,1.99993825962186));
#2050=CARTESIAN_POINT('',(-155.5693243694,1.01737882463035,0.));
#2051=CARTESIAN_POINT('',(-155.807237055384,2.12465555386117,6.));
#2052=CARTESIAN_POINT('',(-155.5693243694,1.01737882463035,0.));
#2053=CARTESIAN_POINT('',(-155.807237055384,2.12465555386118,6.));
#2054=CARTESIAN_POINT('',(-157.108992785896,2.41708289182764,8.62257390409841));
#2055=CARTESIAN_POINT('',(-158.420981619113,2.46675172054332,11.2412337829482));
#2056=CARTESIAN_POINT('',(-159.704744299028,2.26744125948404,13.875));
#2057=CARTESIAN_POINT('',(-159.704744299028,2.26744125948411,13.875));
#2058=CARTESIAN_POINT('',(-166.722303298575,1.46439685653137,100.));
#2059=CARTESIAN_POINT('',(-166.194279405798,2.80656381697177,85.644346960257));
#2060=CARTESIAN_POINT('',(-164.887810659181,3.81029771595587,71.2916978789043));
#2061=CARTESIAN_POINT('',(-162.020508428033,4.13796979563429,42.5842633973487));
#2062=CARTESIAN_POINT('',(-160.523143709721,3.45681510212631,28.2295495248802));
#2063=CARTESIAN_POINT('',(-159.704744299028,2.26744125948406,13.875));
#2064=CARTESIAN_POINT('',(-166.722303298575,1.46439685653133,100.));
#2065=CARTESIAN_POINT('',(-169.960048533994,3.6971569755815,100.));
#2066=CARTESIAN_POINT('',(-169.666070438784,3.49881722824408,100.));
#2067=CARTESIAN_POINT('',(-169.372678389983,3.29960638719068,100.));
#2068=CARTESIAN_POINT('',(-169.079845053082,3.0995803572943,100.));
#2069=CARTESIAN_POINT('',(-168.290125156064,2.56014540974973,100.));
#2070=CARTESIAN_POINT('',(-167.504433121373,2.01477901346332,100.));
#2071=CARTESIAN_POINT('',(-166.722303298575,1.46439685653133,100.));
#2072=CARTESIAN_POINT('',(-169.960048533994,3.6971569755815,100.));
#2073=CARTESIAN_POINT('',(-169.960048533992,3.6971569755848,100.));
#2074=CARTESIAN_POINT('',(-171.361351615398,4.64258149407138,100.));
#2075=CARTESIAN_POINT('',(-172.54869688148,5.72735110549407,99.019914005187));
#2076=CARTESIAN_POINT('',(-172.954515680758,6.57286500784253,97.6153616653499));
#2077=CARTESIAN_POINT('',(-172.954515680758,6.57286500784289,97.6153616653493));
#2078=CARTESIAN_POINT('',(-101.53599897246,15.707835765037,8.677721042828));
#2079=CARTESIAN_POINT('',(-107.068182026132,23.8667391365959,14.4023948858594));
#2080=CARTESIAN_POINT('',(-114.571268594125,30.5239565064043,20.446030474665));
#2081=CARTESIAN_POINT('',(-131.567726292915,38.7068767382244,33.3082006185193));
#2082=CARTESIAN_POINT('',(-141.050315737394,40.1953762356885,40.1019445131159));
#2083=CARTESIAN_POINT('',(-154.004135965924,37.9182928579162,51.0885028089527));
#2084=CARTESIAN_POINT('',(-158.093150074517,36.4035790707682,54.8925073142233));
#2085=CARTESIAN_POINT('',(-163.372000714997,33.2376902070126,60.7238293667596));
#2086=CARTESIAN_POINT('',(-164.992486658055,32.0350402282187,62.692231651805));
#2087=CARTESIAN_POINT('',(-167.919237753031,29.3591926971579,66.7220132381044));
#2088=CARTESIAN_POINT('',(-169.236478605469,27.8715440391992,68.8023968002449));
#2089=CARTESIAN_POINT('',(-172.550793770011,23.177455227546,75.0892628007931));
#2090=CARTESIAN_POINT('',(-173.92797181319,19.7357546975493,79.3435918923171));
#2091=CARTESIAN_POINT('',(-174.834823310056,12.7516921373991,88.371158518893));
#2092=CARTESIAN_POINT('',(-174.322644468526,9.42332908766859,92.8802225010847));
#2093=CARTESIAN_POINT('',(-172.954515680758,6.57286500784289,97.6153616653493));
#2094=CARTESIAN_POINT('',(-101.53599897246,15.707835765037,8.67772104282801));
#2095=CARTESIAN_POINT('',(-101.535998972458,15.707835765038,8.67772104281805));
#2096=CARTESIAN_POINT('',(-100.756646780597,14.5584415450499,7.87125150557198));
#2097=CARTESIAN_POINT('',(-100.1351868422,13.3420115509096,7.06604061196296));
#2098=CARTESIAN_POINT('',(-99.219806570766,10.7864572363442,5.43311370032198));
#2099=CARTESIAN_POINT('',(-98.9216981122755,9.42826550071606,4.59458810090835));
#2100=CARTESIAN_POINT('',(-98.8299748806018,6.69620794559178,2.93488790000942));
#2101=CARTESIAN_POINT('',(-99.0168924839408,5.28282884447096,2.08957650959542));
#2102=CARTESIAN_POINT('',(-100.067825790181,3.42115446104986,0.968699193658889));
#2103=CARTESIAN_POINT('',(-100.559746618836,2.85132674996956,0.623559878660269));
#2104=CARTESIAN_POINT('',(-101.861420287196,2.04040743683773,0.131276921811846));
#2105=CARTESIAN_POINT('',(-102.661671304172,1.82441380057651,-1.29189465115226E-14));
#2106=CARTESIAN_POINT('',(-103.474540824292,1.80725472869698,-3.14418630020794E-15));
#2107=CARTESIAN_POINT('',(-103.474540824293,1.80725472869698,3.25260651745651E-16));
#2108=CARTESIAN_POINT('',(-155.5693243694,1.01737882463035,2.84603070277445E-16));
#2109=CARTESIAN_POINT('',(-138.202298581789,1.09814181474845,2.84603070277445E-16));
#2110=CARTESIAN_POINT('',(-120.837881113896,1.44072751033819,-3.25260651745651E-16));
#2111=CARTESIAN_POINT('',(-103.474540824293,1.80725472869698,-3.25260651745651E-16));
#2112=CARTESIAN_POINT('',(-93.3540585701359,-0.236038748967821,-1.28557006137508));
#2113=CARTESIAN_POINT('',(-93.9849316032392,1.61449273749239,-0.230848236216754));
#2114=CARTESIAN_POINT('',(-94.6559532646607,3.4485937233314,0.828416911565357));
#2115=CARTESIAN_POINT('',(-95.4120412494578,5.21320218079101,1.88332924148462));
#2116=CARTESIAN_POINT('',(-96.168129234255,6.97781063825062,2.93824157140389));
#2117=CARTESIAN_POINT('',(-96.9933378317168,8.6874000961388,3.991501321522));
#2118=CARTESIAN_POINT('',(-97.8808381043289,10.3374399846772,5.04385818793753));
#2119=CARTESIAN_POINT('',(-99.6558386495533,13.6375197617539,7.14857192076859));
#2120=CARTESIAN_POINT('',(-101.680000081237,16.6994042679448,9.24967061900776));
#2121=CARTESIAN_POINT('',(-103.898769403645,19.4868407662688,11.3531983040346));
#2122=CARTESIAN_POINT('',(-108.336308048463,25.0617137629169,15.5602536740884));
#2123=CARTESIAN_POINT('',(-113.552459236687,29.5324187232452,19.7793105934782));
#2124=CARTESIAN_POINT('',(-119.05924357521,32.7839168193169,24.003685600978));
#2125=CARTESIAN_POINT('',(-124.566027913732,36.0354149153885,28.2280606084779));
#2126=CARTESIAN_POINT('',(-130.360489548669,38.0649926077527,32.4471982610362));
#2127=CARTESIAN_POINT('',(-135.971055892679,38.9527427106412,36.6699182936291));
#2128=CARTESIAN_POINT('',(-141.581622236689,39.8404928135297,40.892638326222));
#2129=CARTESIAN_POINT('',(-147.006346797733,39.5857176870072,45.1191376316321));
#2130=CARTESIAN_POINT('',(-151.856817624327,38.4214566213269,49.3513287738144));
#2131=CARTESIAN_POINT('',(-156.707288450922,37.2571955556466,53.5835199159967));
#2132=CARTESIAN_POINT('',(-160.983387627358,35.1854976567138,57.8178581182841));
#2133=CARTESIAN_POINT('',(-164.428889724135,32.5629901319047,62.0587838478486));
#2134=CARTESIAN_POINT('',(-167.874391820912,29.9404826070955,66.2997095774131));
#2135=CARTESIAN_POINT('',(-170.491712149555,26.7688652794397,70.5430591813088));
#2136=CARTESIAN_POINT('',(-172.185831530788,23.454255344786,74.7941202050671));
#2137=CARTESIAN_POINT('',(-173.879950912021,20.1396454101323,79.0451812288254));
#2138=CARTESIAN_POINT('',(-174.655758469436,16.6829345815079,83.2990097090285));
#2139=CARTESIAN_POINT('',(-174.58895024996,13.4888995551199,87.5614810078465));
#2140=CARTESIAN_POINT('',(-174.555546140222,11.8918820419259,89.6927166572554));
#2141=CARTESIAN_POINT('',(-174.313209849968,10.3597531311136,91.8244503040905));
#2142=CARTESIAN_POINT('',(-173.889446371547,8.93321835788238,93.9579837643206));
#2143=CARTESIAN_POINT('',(-173.677564632336,8.21995097126676,95.0247504944357));
#2144=CARTESIAN_POINT('',(-173.420324697717,7.53308535013139,96.0919743199516));
#2145=CARTESIAN_POINT('',(-173.121225459361,6.87776197387547,97.1598864218887));
#2146=CARTESIAN_POINT('',(-172.822126221005,6.22243859761956,98.2277985238258));
#2147=CARTESIAN_POINT('',(-172.470889264422,5.61180388714684,99.2954424162993));
#2148=CARTESIAN_POINT('',(-172.106844503556,5.00288556226264,100.332189829872));
#2149=CARTESIAN_POINT('',(-104.53639309899,-0.0582522917868602,-1.25125366199746));
#2150=CARTESIAN_POINT('',(-105.06363678546,1.49447852652955,-0.196679740005314));
#2151=CARTESIAN_POINT('',(-105.624640855484,3.03563289116158,0.863864788856384));
#2152=CARTESIAN_POINT('',(-106.257153385785,4.51807963341644,1.91998071492347));
#2153=CARTESIAN_POINT('',(-106.889665916086,6.0005263756713,2.97609664099055));
#2154=CARTESIAN_POINT('',(-107.580299472474,7.43711164669239,4.03085504613845));
#2155=CARTESIAN_POINT('',(-108.323357767346,8.82402402647348,5.08488882644566));
#2156=CARTESIAN_POINT('',(-109.80947435709,11.5978487860357,7.19295638706009));
#2157=CARTESIAN_POINT('',(-111.505285698428,14.1729849947267,9.29812284098006));
#2158=CARTESIAN_POINT('',(-113.365284790916,16.5189320316127,11.4054922610233));
#2159=CARTESIAN_POINT('',(-117.085282975892,21.2108261053847,15.6202311011098));
#2160=CARTESIAN_POINT('',(-121.462010183769,24.9801677044802,19.8449709509792));
#2161=CARTESIAN_POINT('',(-126.088663550901,27.7283963617466,24.0746930799787));
#2162=CARTESIAN_POINT('',(-130.715316918033,30.4766250190131,28.3044152089783));
#2163=CARTESIAN_POINT('',(-135.589174053317,32.2010721903884,32.5296522226022));
#2164=CARTESIAN_POINT('',(-140.315160912392,32.9666830106754,36.7586659174247));
#2165=CARTESIAN_POINT('',(-145.041147771466,33.7322938309624,40.9876796122472));
#2166=CARTESIAN_POINT('',(-149.617328869304,33.5382353571659,45.2197487067334));
#2167=CARTESIAN_POINT('',(-153.71772795649,32.5767099537884,49.4571622226086));
#2168=CARTESIAN_POINT('',(-157.818127043676,31.615184550411,53.6945757384838));
#2169=CARTESIAN_POINT('',(-161.442340583028,29.8878333133616,57.933559736209));
#2170=CARTESIAN_POINT('',(-164.373696523233,27.6920007995022,62.178394490221));
#2171=CARTESIAN_POINT('',(-167.305052463437,25.4961682856429,66.4232292442329));
#2172=CARTESIAN_POINT('',(-169.545408454513,22.8332162058383,70.6696977127338));
#2173=CARTESIAN_POINT('',(-171.012440186615,20.0417402665266,74.9224054283318));
#2174=CARTESIAN_POINT('',(-172.479471918717,17.2502643272148,79.1751131439298));
#2175=CARTESIAN_POINT('',(-173.177306743653,14.3310599638994,83.4293330594343));
#2176=CARTESIAN_POINT('',(-173.166805318329,11.6233177669213,87.6900207919073));
#2177=CARTESIAN_POINT('',(-173.161554605667,10.2694466684323,89.8203646581438));
#2178=CARTESIAN_POINT('',(-172.980707595082,8.9677490823702,91.9508147906472));
#2179=CARTESIAN_POINT('',(-172.646808273546,7.75227065434058,94.0825176079073));
#2180=CARTESIAN_POINT('',(-172.479858612779,7.14453144032578,95.1483690165373));
#2181=CARTESIAN_POINT('',(-172.274644241465,6.55835050049726,96.2145387933001));
#2182=CARTESIAN_POINT('',(-172.034042707009,5.99803408039125,97.2812218817305));
#2183=CARTESIAN_POINT('',(-171.793441172554,5.43771766028524,98.347904970161));
#2184=CARTESIAN_POINT('',(-171.509178257565,4.91429906109325,99.4142775590712));
#2185=CARTESIAN_POINT('',(-171.21341441677,4.39084074620849,100.454419417941));
#2186=CARTESIAN_POINT('',(-115.718507878421,0.140434051673051,-1.20328043662673));
#2187=CARTESIAN_POINT('',(-116.142675468578,1.39543883567685,-0.149100518994569));
#2188=CARTESIAN_POINT('',(-116.594224192515,2.64353180040653,0.913282324401593));
#2189=CARTESIAN_POINT('',(-117.103710907384,3.84372342007064,1.97084946702295));
#2190=CARTESIAN_POINT('',(-117.613197622253,5.04391503973475,3.0284166096443));
#2191=CARTESIAN_POINT('',(-118.169798375248,6.2073663206921,4.08491681831348));
#2192=CARTESIAN_POINT('',(-118.768944144782,7.33098437077921,5.14086785958396));
#2193=CARTESIAN_POINT('',(-119.96723568385,9.57822047095344,7.25276994212492));
#2194=CARTESIAN_POINT('',(-121.335705775115,11.6661262914387,9.36247505275271));
#2195=CARTESIAN_POINT('',(-122.837839218646,13.5699487602373,11.4741487977203));
#2196=CARTESIAN_POINT('',(-125.842106105708,17.3775936978344,15.6974962876554));
#2197=CARTESIAN_POINT('',(-129.380858679999,20.4438593316877,19.9286732833697));
#2198=CARTESIAN_POINT('',(-133.128213001823,22.6868514055758,24.164423592012));
#2199=CARTESIAN_POINT('',(-136.875567323648,24.929843479464,28.4001739006542));
#2200=CARTESIAN_POINT('',(-140.829147044846,26.3470702710105,32.6319975667912));
#2201=CARTESIAN_POINT('',(-144.670103132204,26.988486315257,36.8674633803409));
#2202=CARTESIAN_POINT('',(-148.511059219562,27.6299023595035,41.1029291938906));
#2203=CARTESIAN_POINT('',(-152.237717510374,27.4947381629994,45.3404188781813));
#2204=CARTESIAN_POINT('',(-155.586553481798,26.7345757716552,49.5824317285633));
#2205=CARTESIAN_POINT('',(-158.935389453223,25.974413380311,53.8244445789453));
#2206=CARTESIAN_POINT('',(-161.906000658473,24.5905900444644,58.0670688953663));
#2207=CARTESIAN_POINT('',(-164.32152647325,22.8211558389111,62.3142831191835));
#2208=CARTESIAN_POINT('',(-166.737052288028,21.0517216333577,66.5614973430006));
#2209=CARTESIAN_POINT('',(-168.599056834905,18.8977031844771,70.8092326008108));
#2210=CARTESIAN_POINT('',(-169.83813388809,16.6297785472209,75.0614333561963));
#2211=CARTESIAN_POINT('',(-171.077210941276,14.3618539099648,79.3136341115817));
#2212=CARTESIAN_POINT('',(-171.696862614052,11.9806515712311,83.5660701855414));
#2213=CARTESIAN_POINT('',(-171.742863018786,9.75932920550049,87.8230279778089));
#2214=CARTESIAN_POINT('',(-171.765863221153,8.64866802263519,89.9515068739426));
#2215=CARTESIAN_POINT('',(-171.646696235317,7.57737937123689,92.0798328484502));
#2216=CARTESIAN_POINT('',(-171.40287164856,6.57285440327076,94.2089921526609));
#2217=CARTESIAN_POINT('',(-171.280959355182,6.0705919192877,95.2735718047663));
#2218=CARTESIAN_POINT('',(-171.127881191071,5.58502438881042,96.3383630014069));
#2219=CARTESIAN_POINT('',(-170.945885761513,5.11962653394158,97.4035246181155));
#2220=CARTESIAN_POINT('',(-170.763890331955,4.65422867907273,98.468686234824));
#2221=CARTESIAN_POINT('',(-170.546688250635,4.2179139345859,99.5335358415497));
#2222=CARTESIAN_POINT('',(-170.319117012656,3.7801837296511,100.577297408765));
#2223=CARTESIAN_POINT('',(-126.900386819616,0.361590358613479,-1.089048884785));
#2224=CARTESIAN_POINT('',(-127.222065165923,1.31960598397561,-0.0348662648430949));
#2225=CARTESIAN_POINT('',(-127.564749449557,2.27302662105493,1.02856889864691));
#2226=CARTESIAN_POINT('',(-127.951713150525,3.19022047985076,2.0872136565448));
#2227=CARTESIAN_POINT('',(-128.338676851492,4.10741433864659,3.14585841444269));
#2228=CARTESIAN_POINT('',(-128.761688212146,4.99697503182116,4.20370105851321));
#2229=CARTESIAN_POINT('',(-129.217304741903,5.85652823372284,5.26113855241868));
#2230=CARTESIAN_POINT('',(-130.128537801418,7.57563463752621,7.37601354022962));
#2231=CARTESIAN_POINT('',(-131.170192716007,9.17471038389552,9.48927072229565));
#2232=CARTESIAN_POINT('',(-132.314729221729,10.6347737986908,11.6040758310362));
#2233=CARTESIAN_POINT('',(-134.603802233174,13.5549006282813,15.8336860485174));
#2234=CARTESIAN_POINT('',(-137.304280347331,15.9151830270741,20.0687483348546));
#2235=CARTESIAN_POINT('',(-140.171268359678,17.6503913787192,24.307437203448));
#2236=CARTESIAN_POINT('',(-143.038256372025,19.3855997303643,28.5461260720414));
#2237=CARTESIAN_POINT('',(-146.069991912178,20.493826710636,32.7814325744853));
#2238=CARTESIAN_POINT('',(-149.02414695635,21.0099319836053,37.0196073149904));
#2239=CARTESIAN_POINT('',(-151.978302000521,21.5260372565745,41.2577820554955));
#2240=CARTESIAN_POINT('',(-154.853738493847,21.4495126430262,45.4970222802785));
#2241=CARTESIAN_POINT('',(-157.449680692756,20.8909639983009,49.7395825522442));
#2242=CARTESIAN_POINT('',(-160.045622891666,20.3324153535756,53.9821428242098));
#2243=CARTESIAN_POINT('',(-162.361869941265,19.2929365482128,58.2246258083578));
#2244=CARTESIAN_POINT('',(-164.261439982327,17.950736894836,62.4704056974233));
#2245=CARTESIAN_POINT('',(-166.161010023389,16.6085372414592,66.7161855864888));
#2246=CARTESIAN_POINT('',(-167.645205258655,14.9643036557117,70.9618872927487));
#2247=CARTESIAN_POINT('',(-168.657280137751,13.2203574246325,75.21061012788));
#2248=CARTESIAN_POINT('',(-169.669355016847,11.4764111935533,79.4593329630113));
#2249=CARTESIAN_POINT('',(-170.212076115796,9.63324581170765,83.7077321764244));
#2250=CARTESIAN_POINT('',(-170.315710184123,7.89797557963974,87.9592301205981));
#2251=CARTESIAN_POINT('',(-170.367527218286,7.03034046360578,90.084979092685));
#2252=CARTESIAN_POINT('',(-170.310545055718,6.18921031606443,92.2105118283808));
#2253=CARTESIAN_POINT('',(-170.157220139247,5.39535500155625,94.3365909165099));
#2254=CARTESIAN_POINT('',(-170.080557681012,4.99842734430216,95.3996304605744));
#2255=CARTESIAN_POINT('',(-169.979808516426,4.61332289859333,96.4628084306067));
#2256=CARTESIAN_POINT('',(-169.856590811557,4.24268934843004,97.526243335139));
#2257=CARTESIAN_POINT('',(-169.733373106688,3.87205579826674,98.5896782396713));
#2258=CARTESIAN_POINT('',(-169.583360784624,3.52268075510379,99.652840820956));
#2259=CARTESIAN_POINT('',(-169.423849864747,3.17099007921466,100.70030501293));
#2260=CARTESIAN_POINT('',(-138.082265760811,0.582746665553907,-0.974817332943277));
#2261=CARTESIAN_POINT('',(-138.301454863268,1.24377313227437,0.0793679893083789));
#2262=CARTESIAN_POINT('',(-138.535274706599,1.90252144170332,1.14385547289223));
#2263=CARTESIAN_POINT('',(-138.799715393665,2.53671753963088,2.20357784606666));
#2264=CARTESIAN_POINT('',(-139.064156080731,3.17091363755844,3.26330021924108));
#2265=CARTESIAN_POINT('',(-139.353578049044,3.78658374295023,4.32248529871294));
#2266=CARTESIAN_POINT('',(-139.665665339025,4.38207209666648,5.3814092452534));
#2267=CARTESIAN_POINT('',(-140.289839918987,5.57304880409898,7.49925713833433));
#2268=CARTESIAN_POINT('',(-141.004679656899,6.68329447635235,9.61606639183858));
#2269=CARTESIAN_POINT('',(-141.791619224813,7.69959883714426,11.7340028643522));
#2270=CARTESIAN_POINT('',(-143.365498360641,9.73220755872809,15.9698758093794));
#2271=CARTESIAN_POINT('',(-145.227702014663,11.3865067224605,20.2088233863394));
#2272=CARTESIAN_POINT('',(-147.214323717532,12.6139313518626,24.450450814884));
#2273=CARTESIAN_POINT('',(-149.200945420401,13.8413559812646,28.6920782434286));
#2274=CARTESIAN_POINT('',(-151.310836779511,14.6405831502614,32.9308675821793));
#2275=CARTESIAN_POINT('',(-153.378190780495,15.0313776519535,37.1717512496398));
#2276=CARTESIAN_POINT('',(-155.44554478148,15.4221721536456,41.4126349171003));
#2277=CARTESIAN_POINT('',(-157.469759477319,15.4042871230531,45.6536256823758));
#2278=CARTESIAN_POINT('',(-159.312807903714,15.0473522249466,49.8967333759251));
#2279=CARTESIAN_POINT('',(-161.155856330108,14.6904173268402,54.1398410694743));
#2280=CARTESIAN_POINT('',(-162.817739224058,13.9952830519612,58.3821827213493));
#2281=CARTESIAN_POINT('',(-164.201353491404,13.080317950761,62.6265282756631));
#2282=CARTESIAN_POINT('',(-165.584967758751,12.1653528495607,66.870873829977));
#2283=CARTESIAN_POINT('',(-166.691353682405,11.0309041269463,71.1145419846866));
#2284=CARTESIAN_POINT('',(-167.476426387412,9.81093630204402,75.3597868995637));
#2285=CARTESIAN_POINT('',(-168.261499092418,8.59096847714178,79.6050318144408));
#2286=CARTESIAN_POINT('',(-168.727289617541,7.28584005218422,83.8493941673073));
#2287=CARTESIAN_POINT('',(-168.888557349459,6.03662195377899,88.0954322633873));
#2288=CARTESIAN_POINT('',(-168.969191215419,5.41201290457638,90.2184513114273));
#2289=CARTESIAN_POINT('',(-168.97439387612,4.80104126089198,92.3411908083114));
#2290=CARTESIAN_POINT('',(-168.911568629935,4.21785559984174,94.4641896803588));
#2291=CARTESIAN_POINT('',(-168.880156006842,3.92626276931662,95.5256891163825));
#2292=CARTESIAN_POINT('',(-168.831735841781,3.64162140837624,96.5872538598064));
#2293=CARTESIAN_POINT('',(-168.767295861601,3.3657521629185,97.6489620521625));
#2294=CARTESIAN_POINT('',(-168.702855881422,3.08988291746075,98.7106702445185));
#2295=CARTESIAN_POINT('',(-168.620033318612,2.82744757562168,99.7721458003623));
#2296=CARTESIAN_POINT('',(-168.528582716839,2.56179642877822,100.823312617095));
#2297=CARTESIAN_POINT('',(-149.263810716145,0.835728993131237,-0.760488750376315));
#2298=CARTESIAN_POINT('',(-149.381337319316,1.20122249142755,0.294951475160682));
#2299=CARTESIAN_POINT('',(-149.507119027731,1.56201359971333,1.35789562579743));
#2300=CARTESIAN_POINT('',(-149.649694584933,1.91176506387138,2.41752499519381));
#2301=CARTESIAN_POINT('',(-149.792270142135,2.26151652802943,3.47715436459019));
#2302=CARTESIAN_POINT('',(-149.948648245976,2.60188028040969,4.53648788871928));
#2303=CARTESIAN_POINT('',(-150.117648898909,2.93191466467961,5.59566864350646));
#2304=CARTESIAN_POINT('',(-150.455650204773,3.59198343321947,7.71403015308083));
#2305=CARTESIAN_POINT('',(-150.844148233649,4.21072210983396,9.83178752745157));
#2306=CARTESIAN_POINT('',(-151.273602787433,4.78070928150038,11.9500142677767));
#2307=CARTESIAN_POINT('',(-152.132511895002,5.92068362483321,16.1864677484268));
#2308=CARTESIAN_POINT('',(-153.155515794721,6.86505377127099,20.423849501028));
#2309=CARTESIAN_POINT('',(-154.260050646233,7.58149664869326,24.6624851221609));
#2310=CARTESIAN_POINT('',(-155.364585497744,8.29793952611553,28.9011207432938));
#2311=CARTESIAN_POINT('',(-156.550489457527,8.7863133720331,33.1379977150605));
#2312=CARTESIAN_POINT('',(-157.72900339961,9.0508568436635,37.375737599461));
#2313=CARTESIAN_POINT('',(-158.907517341692,9.31540031529391,41.6134774838616));
#2314=CARTESIAN_POINT('',(-160.078816159455,9.35629366124231,45.8509986837129));
#2315=CARTESIAN_POINT('',(-161.167862066354,9.20156160797266,50.0893266603978));
#2316=CARTESIAN_POINT('',(-162.256907973253,9.046829554703,54.3276546370827));
#2317=CARTESIAN_POINT('',(-163.264046445083,8.69712649363058,58.5652877737311));
#2318=CARTESIAN_POINT('',(-164.131967131424,8.21036643127756,62.8038378063857));
#2319=CARTESIAN_POINT('',(-164.999887817765,7.72360636892454,67.0423878390403));
#2320=CARTESIAN_POINT('',(-165.729340758313,7.09980472698079,71.2804961735682));
#2321=CARTESIAN_POINT('',(-166.288593846192,6.40421028492934,75.5191763575722));
#2322=CARTESIAN_POINT('',(-166.84784693407,5.7086158428779,79.7578565415761));
#2323=CARTESIAN_POINT('',(-167.238062919562,4.94150327882756,83.9959377687291));
#2324=CARTESIAN_POINT('',(-167.458145937293,4.17793915053369,88.2347968303399));
#2325=CARTESIAN_POINT('',(-167.568187446159,3.79615708638676,90.3542263611454));
#2326=CARTESIAN_POINT('',(-167.636090124265,3.41508448569955,92.4735111966141));
#2327=CARTESIAN_POINT('',(-167.664195330581,3.04227941888059,94.5928988377692));
#2328=CARTESIAN_POINT('',(-167.678247933739,2.85587688547111,95.6525926583467));
#2329=CARTESIAN_POINT('',(-167.682351216067,2.67154658956227,96.7123119956846));
#2330=CARTESIAN_POINT('',(-167.676861612488,2.49028630616076,97.7720902326972));
#2331=CARTESIAN_POINT('',(-167.671372008909,2.30902602275925,98.8318684697097));
#2332=CARTESIAN_POINT('',(-167.655868508864,2.13336585452327,99.8914946826776));
#2333=CARTESIAN_POINT('',(-167.632345608101,1.95406566697832,100.946444437562));
#2334=CARTESIAN_POINT('',(-160.446592374645,0.971200267869786,-0.481970973536449));
#2335=CARTESIAN_POINT('',(-160.459360434888,1.03907443573055,0.576415949091841));
#2336=CARTESIAN_POINT('',(-160.473970552406,1.10641808017607,1.63376337764287));
#2337=CARTESIAN_POINT('',(-160.491793777659,1.17385685480664,2.69155917293433));
#2338=CARTESIAN_POINT('',(-160.509617002911,1.24129562943721,3.74935496822579));
#2339=CARTESIAN_POINT('',(-160.530222894706,1.30857025218739,4.80718870443876));
#2340=CARTESIAN_POINT('',(-160.553574531915,1.37545867818706,5.86504508450915));
#2341=CARTESIAN_POINT('',(-160.600277806333,1.50923553018639,7.98075784464994));
#2342=CARTESIAN_POINT('',(-160.657971106178,1.64145498937418,10.0965625565398));
#2343=CARTESIAN_POINT('',(-160.726251526166,1.77045063531193,12.2123195522321));
#2344=CARTESIAN_POINT('',(-160.862812366143,2.02844192718743,16.4438335436167));
#2345=CARTESIAN_POINT('',(-161.041805323042,2.27348704493382,20.6753360380401));
#2346=CARTESIAN_POINT('',(-161.262125145883,2.489431944557,24.9064942010167));
#2347=CARTESIAN_POINT('',(-161.482444968724,2.70537684418018,29.1376523639932));
#2348=CARTESIAN_POINT('',(-161.744136651186,2.8922397008286,33.3689356157137));
#2349=CARTESIAN_POINT('',(-162.035623068323,3.03894009140656,37.6002420257862));
#2350=CARTESIAN_POINT('',(-162.327109485461,3.18564048198452,41.8315484358587));
#2351=CARTESIAN_POINT('',(-162.648398607359,3.29208533350396,46.0630381610325));
#2352=CARTESIAN_POINT('',(-162.987386617887,3.34491917904733,50.29423874264));
#2353=CARTESIAN_POINT('',(-163.326374628415,3.39775302459069,54.5254393242475));
#2354=CARTESIAN_POINT('',(-163.682917940826,3.39716934938188,58.7566147348313));
#2355=CARTESIAN_POINT('',(-164.039414897975,3.3409893340996,62.9878051712864));
#2356=CARTESIAN_POINT('',(-164.395911855124,3.28480931881732,67.2189956077415));
#2357=CARTESIAN_POINT('',(-164.752213823608,3.17272905554018,71.4503999315135));
#2358=CARTESIAN_POINT('',(-165.088974857385,3.00173246519156,75.6815424488715));
#2359=CARTESIAN_POINT('',(-165.425735891161,2.83073587484295,79.9126849662295));
#2360=CARTESIAN_POINT('',(-165.742871486524,2.60114940446086,84.1437982723678));
#2361=CARTESIAN_POINT('',(-166.023623966981,2.3224831686515,88.3749227816621));
#2362=CARTESIAN_POINT('',(-166.164000207209,2.18315005074681,90.4904850363092));
#2363=CARTESIAN_POINT('',(-166.295312745109,2.03157485178148,92.606091224793));
#2364=CARTESIAN_POINT('',(-166.414906110654,1.86875776892782,94.7216787627778));
#2365=CARTESIAN_POINT('',(-166.474702793427,1.78734922750099,95.7794725317701));
#2366=CARTESIAN_POINT('',(-166.53156968837,1.70313571946053,96.8372610702751));
#2367=CARTESIAN_POINT('',(-166.585236769492,1.61629612692864,97.8950325979227));
#2368=CARTESIAN_POINT('',(-166.638903850615,1.52945653439674,98.9528041255704));
#2369=CARTESIAN_POINT('',(-166.69086890447,1.44038814478869,100.01052483476));
#2370=CARTESIAN_POINT('',(-166.735126797011,1.34773945449328,101.069189379577));
#2371=CARTESIAN_POINT('',(-163.,0.,13.875));
#2372=CARTESIAN_POINT('',(-163.,0.,100.));
#2373=CARTESIAN_POINT('',(-163.,0.,100.));
#2374=CARTESIAN_POINT('',(-163.,0.,13.875));
#2375=CARTESIAN_POINT('',(-163.,0.,100.));
#2376=CARTESIAN_POINT('',(-163.,0.,100.));
#2377=CARTESIAN_POINT('',(-163.,0.,13.875));
#2378=CARTESIAN_POINT('',(-163.,0.,100.));
#2379=CARTESIAN_POINT('',(-163.,0.,100.));
#2380=CARTESIAN_POINT('',(-163.,0.,100.));
#2381=CARTESIAN_POINT('',(-164.6,0.,100.));
#2382=CARTESIAN_POINT('',(-169.019567186696,5.52912897735014,100.));
#2383=CARTESIAN_POINT('',(-169.111945123684,5.35396784270658,100.));
#2384=CARTESIAN_POINT('',(-169.203749532906,5.17850309451986,100.));
#2385=CARTESIAN_POINT('',(-169.294992086563,5.00274785922407,100.));
#2386=CARTESIAN_POINT('',(-169.44887570617,4.70633077434545,100.));
#2387=CARTESIAN_POINT('',(-169.60116474826,4.40908086954637,100.));
#2388=CARTESIAN_POINT('',(-169.751914412635,4.11105772399899,100.));
#2389=CARTESIAN_POINT('',(-169.821619156665,3.97325557922113,100.));
#2390=CARTESIAN_POINT('',(-169.890995404645,3.83528679775617,100.));
#2391=CARTESIAN_POINT('',(-169.960048533992,3.6971569755848,100.));
#2392=CARTESIAN_POINT('',(-165.027556083555,-10.8704434468033,100.));
#2393=CARTESIAN_POINT('',(-164.83461135676,-10.8592487379446,100.));
#2394=CARTESIAN_POINT('',(-164.641708814906,-10.8473027159347,100.));
#2395=CARTESIAN_POINT('',(-164.448856077463,-10.8346215974911,100.));
#2396=CARTESIAN_POINT('',(-164.121311956864,-10.8130837866004,100.));
#2397=CARTESIAN_POINT('',(-163.79390090053,-10.7894248632326,100.));
#2398=CARTESIAN_POINT('',(-163.466657199728,-10.7637229465259,100.));
#2399=CARTESIAN_POINT('',(-163.28826080427,-10.7497115865346,100.));
#2400=CARTESIAN_POINT('',(-163.109911115218,-10.7350928221735,100.));
#2401=CARTESIAN_POINT('',(-162.93161323414,-10.7198790874451,100.));
#2402=CARTESIAN_POINT('',(-152.572141782889,3.67930664744563,100.));
#2403=CARTESIAN_POINT('',(-152.678309048546,3.84080432794671,100.));
#2404=CARTESIAN_POINT('',(-152.785105878008,4.00188981864187,100.));
#2405=CARTESIAN_POINT('',(-152.89251441745,4.16256462923525,100.));
#2406=CARTESIAN_POINT('',(-153.074938769122,4.43545725308869,100.));
#2407=CARTESIAN_POINT('',(-153.259133525952,4.70717408366979,100.));
#2408=CARTESIAN_POINT('',(-153.445013889147,4.97772448343918,100.));
#2409=CARTESIAN_POINT('',(-153.54634628057,5.12521461385388,100.));
#2410=CARTESIAN_POINT('',(-153.648181346405,5.2723605931496,100.));
#2411=CARTESIAN_POINT('',(-153.750505767705,5.41916422023988,100.));
#2412=CARTESIAN_POINT('',(-163.,0.,100.));
#2413=CARTESIAN_POINT('',(-163.,0.,0.));
#2414=CARTESIAN_POINT('',(-159.75,0.,0.));
#2415=CARTESIAN_POINT('',(-163.,0.,0.));
#2416=CARTESIAN_POINT('',(-103.474540824293,1.80725472869698,3.25260651745651E-16));
#2417=CARTESIAN_POINT('',(-103.067168608166,0.606448676731612,3.25260651745651E-16));
#2418=CARTESIAN_POINT('',(-102.694957317138,-0.606856574106745,0.));
#2419=CARTESIAN_POINT('',(-102.358635596846,-1.8294664862899,0.));
#2420=CARTESIAN_POINT('',(-163.,0.,0.));
#2421=CARTESIAN_POINT('',(-191.257445223553,-52.563109110182,0.));
#2422=CARTESIAN_POINT('',(-192.493203918051,-52.297983972298,0.));
#2423=CARTESIAN_POINT('',(-193.72170857825,-51.996493245418,-1.62630325872826E-16));
#2424=CARTESIAN_POINT('',(-194.939869842541,-51.6596341889195,-1.62630325872826E-16));
#2425=CARTESIAN_POINT('',(-163.,0.,0.));
#2426=CARTESIAN_POINT('',(-194.392265179534,50.7532199647354,0.));
#2427=CARTESIAN_POINT('',(-193.544780727696,51.6908558181758,0.));
#2428=CARTESIAN_POINT('',(-192.669429769113,52.604026699136,-1.62630325872826E-16));
#2429=CARTESIAN_POINT('',(-191.768620636545,53.490555771669,-1.62630325872826E-16));
#2430=CARTESIAN_POINT('',(-163.,0.,0.));
#2431=CARTESIAN_POINT('',(-164.167608343959,-14.8813967465841,97.4480060508451));
#2432=CARTESIAN_POINT('',(-164.380812282497,-14.9003825497619,97.4377702589775));
#2433=CARTESIAN_POINT('',(-164.594088580837,-14.9185181770903,97.4274268907241));
#2434=CARTESIAN_POINT('',(-164.807428364764,-14.9357825899354,97.4169756606857));
#2435=CARTESIAN_POINT('',(-165.016026080506,-14.9526632533391,97.4067567382109));
#2436=CARTESIAN_POINT('',(-165.224687892205,-14.9687112752268,97.3964345289872));
#2437=CARTESIAN_POINT('',(-165.433404912419,-14.9839067498518,97.3860089253964));
#2438=CARTESIAN_POINT('',(-165.642409184354,-14.9991231376072,97.3755689733228));
#2439=CARTESIAN_POINT('',(-165.851472352103,-15.0134848853867,97.3650251648607));
#2440=CARTESIAN_POINT('',(-166.060584878577,-15.0269717874166,97.3543775600576));
#2441=CARTESIAN_POINT('',(-166.173461114445,-15.0342518426113,97.3486301207653));
#2442=CARTESIAN_POINT('',(-166.286352545212,-15.0412770449967,97.3428523995051));
#2443=CARTESIAN_POINT('',(-166.399257594066,-15.0480441925306,97.3370444271131));
#2444=CARTESIAN_POINT('',(-205.243498836217,49.0647254840818,8.54968533045663));
#2445=CARTESIAN_POINT('',(-205.423983591364,48.8083865705125,8.5546234222996));
#2446=CARTESIAN_POINT('',(-205.602774112378,48.5508468199973,8.55958667209843));
#2447=CARTESIAN_POINT('',(-205.779844552235,48.2921386106583,8.56457585551192));
#2448=CARTESIAN_POINT('',(-206.043574831082,47.9068163160715,8.57200678940425));
#2449=CARTESIAN_POINT('',(-206.30351070367,47.5188703773676,8.57949585865632));
#2450=CARTESIAN_POINT('',(-206.559568443715,47.1284096450439,8.58704567596834));
#2451=CARTESIAN_POINT('',(-206.815664721197,46.7378901472399,8.5945966295499));
#2452=CARTESIAN_POINT('',(-207.067906782007,46.3448168361667,8.60220909073723));
#2453=CARTESIAN_POINT('',(-207.316212973924,45.9493008404244,8.60988571585228));
#2454=CARTESIAN_POINT('',(-207.37288698302,45.8590273077062,8.61163784743722));
#2455=CARTESIAN_POINT('',(-207.429356753669,45.7686252959944,8.61339334572368));
#2456=CARTESIAN_POINT('',(-207.48562133116,45.6780961427708,8.61515224249211));
#2457=CARTESIAN_POINT('',(-176.132637081224,80.2909571667643,-14.8636196934524));
#2458=CARTESIAN_POINT('',(-181.231745508771,75.4012829073745,-11.0513925147044));
#2459=CARTESIAN_POINT('',(-188.255640222491,68.6658785380925,-5.8001446330839));
#2460=CARTESIAN_POINT('',(-200.854054550275,56.5849151455708,3.61876029744168));
#2461=CARTESIAN_POINT('',(-206.166126447598,48.2536914218649,9.1593143625438));
#2462=CARTESIAN_POINT('',(-211.552509930897,35.5714455785326,17.4051357268513));
#2463=CARTESIAN_POINT('',(-212.992550955837,29.0790241735202,21.5386125602924));
#2464=CARTESIAN_POINT('',(-213.599912229295,16.680104523423,29.8077781058859));
#2465=CARTESIAN_POINT('',(-212.768718899844,10.771618708756,33.9374377152241));
#2466=CARTESIAN_POINT('',(-209.365367223614,0.242077789216342,42.1873410252047));
#2467=CARTESIAN_POINT('',(-206.793532256867,-4.38399143452603,46.3158043032615));
#2468=CARTESIAN_POINT('',(-200.613402049334,-11.921811740984,54.566972138805));
#2469=CARTESIAN_POINT('',(-197.004238136887,-14.8376079196575,58.6936868004549));
#2470=CARTESIAN_POINT('',(-189.537393520155,-18.8418466796763,66.9346245684178));
#2471=CARTESIAN_POINT('',(-185.677623785978,-19.9340721105081,71.0538142000953));
#2472=CARTESIAN_POINT('',(-178.434409085474,-20.4747580715447,79.2812861160882));
#2473=CARTESIAN_POINT('',(-175.047555742408,-19.9264456847793,83.3962755622769));
#2474=CARTESIAN_POINT('',(-169.327386411524,-17.6340074601299,91.6095727404119));
#2475=CARTESIAN_POINT('',(-166.202308833522,-15.3048098938439,97.100254529689));
#2476=CARTESIAN_POINT('',(-163.006453677954,-10.4780477969405,106.370651959613));
#2477=CARTESIAN_POINT('',(-161.224693723966,-7.78702114114483,111.539103624084));
#2478=CARTESIAN_POINT('',(-159.919590375381,-5.81589821196098,115.324890569849));
#2479=CARTESIAN_POINT('',(-177.121255146049,80.1771350630173,-16.6819201714149));
#2480=CARTESIAN_POINT('',(-182.194471231002,75.1920792043976,-12.8584043297052));
#2481=CARTESIAN_POINT('',(-189.182699888419,68.325289060497,-7.59160659633545));
#2482=CARTESIAN_POINT('',(-201.717141766009,56.0086654690562,1.85518933812133));
#2483=CARTESIAN_POINT('',(-206.959365102029,47.5399593003904,7.41408935641739));
#2484=CARTESIAN_POINT('',(-212.213467789166,34.6582490052852,15.6981916286691));
#2485=CARTESIAN_POINT('',(-213.568134021888,28.073884241555,19.8517365515384));
#2486=CARTESIAN_POINT('',(-213.97254657795,15.5134141474933,28.168531319529));
#2487=CARTESIAN_POINT('',(-213.021677561237,9.54107207728711,32.321109723847));
#2488=CARTESIAN_POINT('',(-209.354045028981,-1.08985200210117,40.632804402538));
#2489=CARTESIAN_POINT('',(-206.63645879789,-5.74433060013463,44.7926560567101));
#2490=CARTESIAN_POINT('',(-200.148074563927,-13.2984783389273,53.1235613492484));
#2491=CARTESIAN_POINT('',(-196.378145524212,-16.1940924897836,57.2906073205905));
#2492=CARTESIAN_POINT('',(-188.587006141954,-20.109372682272,65.6343107449298));
#2493=CARTESIAN_POINT('',(-184.567888373063,-21.1252461925132,69.8060040044929));
#2494=CARTESIAN_POINT('',(-177.023014420952,-21.4609674732883,78.1664790559036));
#2495=CARTESIAN_POINT('',(-173.500667305611,-20.7775836593182,82.3485545839007));
#2496=CARTESIAN_POINT('',(-167.551140784931,-18.1685022336985,90.7296376591879));
#2497=CARTESIAN_POINT('',(-164.311086773048,-15.590869587065,96.3330793980179));
#2498=CARTESIAN_POINT('',(-161.022718028641,-10.3033560861104,105.845404251914));
#2499=CARTESIAN_POINT('',(-159.189379702113,-7.35545032894104,111.148735807626));
#2500=CARTESIAN_POINT('',(-157.846496232494,-5.19616862189621,115.033319562311));
#2501=CARTESIAN_POINT('',(-191.565109974892,53.6899654006734,-1.11889664200504E-13));
#2502=CARTESIAN_POINT('',(-197.438203574942,59.7101399156005,-1.11130722679764E-13));
#2503=CARTESIAN_POINT('',(-196.768238168557,59.0233964478365,8.35555260822731));
#2504=CARTESIAN_POINT('',(-195.256073093541,50.0891774496848,-1.11889664200504E-13));
#2505=CARTESIAN_POINT('',(-201.695919669072,55.6855161302673,3.78343133431192E-9));
#2506=CARTESIAN_POINT('',(-200.87497288616,55.0040304094565,8.43637104683613));
#2507=CARTESIAN_POINT('',(-198.51626993402,46.0496489673449,-3.90312782094782E-14));
#2508=CARTESIAN_POINT('',(-205.465796614516,51.1618991613707,-4.3598934069353E-10));
#2509=CARTESIAN_POINT('',(-204.504627129469,50.4901921335635,8.52162552038501));
#2510=CARTESIAN_POINT('',(-201.244764666757,41.6696619601588,-3.90312782094782E-14));
#2511=CARTESIAN_POINT('',(-208.641043863603,46.2771433977548,-3.8597597340484E-14));
#2512=CARTESIAN_POINT('',(-207.539645079676,45.591031595147,8.61684411304824));
#2513=CARTESIAN_POINT('',(-162.909934033879,-10.7180262996492,100.));
#2514=CARTESIAN_POINT('',(-162.67342239658,-13.4810117425625,100.));
#2515=CARTESIAN_POINT('',(-162.56710252744,-14.7230658506897,97.5229000847283));
#2516=CARTESIAN_POINT('',(-164.128762854958,-10.8223580837153,100.));
#2517=CARTESIAN_POINT('',(-163.936044958093,-13.634424327902,100.000000000051));
#2518=CARTESIAN_POINT('',(-163.844297062891,-14.8618007618701,97.4646785834926));
#2519=CARTESIAN_POINT('',(-165.350046857055,-10.8989352386938,100.));
#2520=CARTESIAN_POINT('',(-165.20118535601,-13.7619278980954,100.000000000101));
#2521=CARTESIAN_POINT('',(-165.129517929887,-14.9723392547862,97.4024068978576));
#2522=CARTESIAN_POINT('',(-166.572550739777,-10.9436881786388,100.));
#2523=CARTESIAN_POINT('',(-166.465800559913,-13.8597538075957,100.));
#2524=CARTESIAN_POINT('',(-166.42224977745,-15.0494186870179,97.3358612728874));
#2525=CARTESIAN_POINT('',(-149.528528201684,6.42951988575325,97.4480060508451));
#2526=CARTESIAN_POINT('',(-149.405484044551,6.25437276038059,97.4377702589775));
#2527=CARTESIAN_POINT('',(-149.283139981401,6.0787378816574,97.4274268907241));
#2528=CARTESIAN_POINT('',(-149.161518669333,5.90261241556181,97.4169756606857));
#2529=CARTESIAN_POINT('',(-149.042600728121,5.73040182625978,97.4067567382109));
#2530=CARTESIAN_POINT('',(-148.924371827637,5.55771940747235,97.3964345289872));
#2531=CARTESIAN_POINT('',(-148.806853650482,5.3845629030775,97.3860089253964));
#2532=CARTESIAN_POINT('',(-148.689173736164,5.21116808795995,97.3755689733228));
#2533=CARTESIAN_POINT('',(-148.57220451387,5.03729494758286,97.3650251648607));
#2534=CARTESIAN_POINT('',(-148.455968250857,4.86294163842182,97.3543775600576));
#2535=CARTESIAN_POINT('',(-148.393225420183,4.76882797827427,97.3486301207653));
#2536=CARTESIAN_POINT('',(-148.330695701067,4.67457373255298,97.3428523995051));
#2537=CARTESIAN_POINT('',(-148.268382654965,4.58017866579714,97.3370444271131));
#2538=CARTESIAN_POINT('',(-184.369549280816,-61.1163058789431,8.54968533045663));
#2539=CARTESIAN_POINT('',(-184.057310892113,-61.1444408051119,8.5546234222996));
#2540=CARTESIAN_POINT('',(-183.744879665175,-61.1705080630083,8.55958667209843));
#2541=CARTESIAN_POINT('',(-183.432296563792,-61.194501457514,8.56457585551192));
#2542=CARTESIAN_POINT('',(-182.966732528612,-61.2302374314495,8.57200678940425));
#2543=CARTESIAN_POINT('',(-182.500793554105,-61.2613755311132,8.57949585865633));
#2544=CARTESIAN_POINT('',(-182.03461577071,-61.2878976726659,8.58704567596834));
#2545=CARTESIAN_POINT('',(-181.568367826198,-61.3144238058784,8.5945966295499));
#2546=CARTESIAN_POINT('',(-181.101835322854,-61.3363351829063,8.60220909073723));
#2547=CARTESIAN_POINT('',(-180.635155326979,-61.3536166551522,8.60988571585228));
#2548=CARTESIAN_POINT('',(-180.528639149808,-61.3575610204042,8.61163784743722));
#2549=CARTESIAN_POINT('',(-180.422113825788,-61.361264270476,8.61339334572368));
#2550=CARTESIAN_POINT('',(-180.315580990568,-61.3647262473048,8.61515224249211));
#2551=CARTESIAN_POINT('',(-225.967690059974,-51.5186759144034,-14.8636196934524));
#2552=CARTESIAN_POINT('',(-219.183553721338,-53.4897962196154,-11.0513925147044));
#2553=CARTESIAN_POINT('',(-209.838575075919,-56.2049652905635,-5.8001446330839));
#2554=CARTESIAN_POINT('',(-193.076946711914,-61.0750304495653,3.61876029744168));
#2555=CARTESIAN_POINT('',(-183.205859373911,-61.5098077975234,9.1593143625438));
#2556=CARTESIAN_POINT('',(-169.529520554896,-59.8334298069194,17.4051357268513));
#2557=CARTESIAN_POINT('',(-163.186898173612,-57.8343312145027,21.5386125602924));
#2558=CARTESIAN_POINT('',(-152.145438140416,-52.1608616815441,29.8077781058859));
#2559=CARTESIAN_POINT('',(-147.44413599174,-48.4867842354497,33.9374377152241));
#2560=CARTESIAN_POINT('',(-140.026961903346,-40.2746247660522,42.1873410252047));
#2561=CARTESIAN_POINT('',(-137.306585919294,-35.7343157386369,46.3158043032615));
#2562=CARTESIAN_POINT('',(-133.868707148505,-26.6132558269891,54.566972138805));
#2563=CARTESIAN_POINT('',(-133.14813554174,-22.0297301030514,58.6936868004549));
#2564=CARTESIAN_POINT('',(-133.413785361111,-13.5611335988407,66.9346245684178));
#2565=CARTESIAN_POINT('',(-134.39777525844,-9.67236224086907,71.0538142000953));
#2566=CARTESIAN_POINT('',(-137.551134830965,-3.12921132464976,79.2812861160882));
#2567=CARTESIAN_POINT('',(-139.719413958646,-0.470266484044871,83.3962755622769));
#2568=CARTESIAN_POINT('',(-144.564808363241,3.33732635812505,91.6095727404119));
#2569=CARTESIAN_POINT('',(-148.144491415079,4.87912414632876,97.100254529689));
#2570=CARTESIAN_POINT('',(-153.922517586805,5.23343484941386,106.370651959613));
#2571=CARTESIAN_POINT('',(-157.143895009979,5.43097090511617,111.539103624084));
#2572=CARTESIAN_POINT('',(-159.503489214927,5.57566209496253,115.324890569849));
#2573=CARTESIAN_POINT('',(-225.374808194205,-52.3179332213083,-16.6819201714149));
#2574=CARTESIAN_POINT('',(-218.521015138879,-54.2189393004556,-12.8584043297052));
#2575=CARTESIAN_POINT('',(-209.080086103096,-56.8375277732831,-7.59160659633545));
#2576=CARTESIAN_POINT('',(-192.146356245263,-61.5343610658151,1.85518933812133));
#2577=CARTESIAN_POINT('',(-182.191129898002,-61.8399065627872,7.41408935641739));
#2578=CARTESIAN_POINT('',(-168.408190194681,-59.9492378163874,15.6981916286691));
#2579=CARTESIAN_POINT('',(-162.028629925146,-57.8302308057089,19.8517365515384));
#2580=CARTESIAN_POINT('',(-150.948737462183,-51.9002273058372,28.168531319529));
#2581=CARTESIAN_POINT('',(-146.251972017651,-48.0905795465886,32.321109723847));
#2582=CARTESIAN_POINT('',(-138.879137965325,-39.5988545622144,40.632804402538));
#2583=CARTESIAN_POINT('',(-136.207034373602,-34.9181165500984,44.7926560567101));
#2584=CARTESIAN_POINT('',(-132.909142644848,-25.521937104576,53.1235613492484));
#2585=CARTESIAN_POINT('',(-132.286431750507,-20.8092757102894,57.2906073205905));
#2586=CARTESIAN_POINT('',(-132.791269332006,-12.1043109845849,65.6343107449298));
#2587=CARTESIAN_POINT('',(-133.921055949551,-8.11571614080334,69.8060040044929));
#2588=CARTESIAN_POINT('',(-137.402749767865,-1.41380298953591,78.1664790559036));
#2589=CARTESIAN_POINT('',(-139.755751068969,1.29494718631134,82.3485545839007));
#2590=CARTESIAN_POINT('',(-144.990045124437,5.14284758089917,90.7296376591879));
#2591=CARTESIAN_POINT('',(-148.842367483987,6.66000034150701,96.3330793980179));
#2592=CARTESIAN_POINT('',(-155.065672870871,6.86405446069716,105.845404251914));
#2593=CARTESIAN_POINT('',(-158.535303307806,6.97781914661734,111.148735807626));
#2594=CARTESIAN_POINT('',(-161.076737854843,7.06114949210675,115.033319562311));
#2595=CARTESIAN_POINT('',(-195.214318977845,-51.5830936004892,-6.50521303491303E-14));
#2596=CARTESIAN_POINT('',(-197.491396242962,-59.6794291143997,-6.51605505663788E-14));
#2597=CARTESIAN_POINT('',(-197.231641657188,-58.7558503189317,8.35555260822731));
#2598=CARTESIAN_POINT('',(-190.250463578573,-52.979167449136,-6.50521303491303E-14));
#2599=CARTESIAN_POINT('',(-191.877111757506,-61.3544075222303,9.62343397425411E-10));
#2600=CARTESIAN_POINT('',(-191.697401202038,-60.3027038918871,8.43637104602757));
#2601=CARTESIAN_POINT('',(-185.122030874594,-53.7828164939051,-1.56125112837913E-14));
#2602=CARTESIAN_POINT('',(-186.074606072079,-62.3574082404282,2.74325960840907E-10));
#2603=CARTESIAN_POINT('',(-185.973475464893,-61.1891575353859,8.52162552115928));
#2604=CARTESIAN_POINT('',(-179.964603491229,-53.9557687432487,-1.56125112837913E-14));
#2605=CARTESIAN_POINT('',(-180.256659865229,-62.6648751399977,-1.75640751942652E-14));
#2606=CARTESIAN_POINT('',(-180.213169006299,-61.3679799121151,8.61684411304818));
#2607=CARTESIAN_POINT('',(-153.762949929135,5.43701256450181,100.));
#2608=CARTESIAN_POINT('',(-151.488390163935,7.02333037215005,100.));
#2609=CARTESIAN_POINT('',(-150.465899687992,7.73643313381621,97.5229000847283));
#2610=CARTESIAN_POINT('',(-153.063181543214,4.43364173458604,100.));
#2611=CARTESIAN_POINT('',(-150.724219687019,6.00657345114549,99.9999999999489));
#2612=CARTESIAN_POINT('',(-149.707154462782,6.69971767614352,97.4646785834618));
#2613=CARTESIAN_POINT('',(-152.386221780534,3.4142673410739,100.));
#2614=CARTESIAN_POINT('',(-149.981228157264,4.9746815122647,99.9999999996624));
#2615=CARTESIAN_POINT('',(-148.96881488631,5.64195300231226,97.4024068977962));
#2616=CARTESIAN_POINT('',(-151.736212656315,2.37792439236388,100.));
#2617=CARTESIAN_POINT('',(-149.264200832468,3.92840557446298,100.));
#2618=CARTESIAN_POINT('',(-148.25569621613,4.56095409814218,97.3358612728875));
#2619=CARTESIAN_POINT('',(-172.954515680758,6.57286500784276,97.61536166535));
#2620=CARTESIAN_POINT('',(-172.911963920482,6.6606743012685,97.6108551568208));
#2621=CARTESIAN_POINT('',(-172.86928537509,6.74842093396834,97.6063224911303));
#2622=CARTESIAN_POINT('',(-172.826478652303,6.83610350250621,97.6017634789027));
#2623=CARTESIAN_POINT('',(-172.735389577614,7.02268457002023,97.5920622876347));
#2624=CARTESIAN_POINT('',(-172.643719440474,7.20897698709534,97.5822417186599));
#2625=CARTESIAN_POINT('',(-172.55145469441,7.39496678975819,97.5723000219529));
#2626=CARTESIAN_POINT('',(-172.459069010202,7.58120038284541,97.5623452939376));
#2627=CARTESIAN_POINT('',(-172.366086170522,7.76713255577103,97.552269013247));
#2628=CARTESIAN_POINT('',(-172.272492409069,7.95274866753589,97.5420695367389));
#2629=CARTESIAN_POINT('',(-172.17816616715,8.13981744210469,97.5317902374181));
#2630=CARTESIAN_POINT('',(-172.083218326074,8.32656732580095,97.5213856879067));
#2631=CARTESIAN_POINT('',(-171.987634640642,8.51298266872954,97.5108543381512));
#2632=CARTESIAN_POINT('',(-99.6684627757018,12.0971041246031,8.61031637859527));
#2633=CARTESIAN_POINT('',(-99.78681562021,12.3429718354606,8.61473490670794));
#2634=CARTESIAN_POINT('',(-99.9065882371201,12.5881607990052,8.61917360798146));
#2635=CARTESIAN_POINT('',(-100.027770292394,12.8326457141175,8.62363300236354));
#2636=CARTESIAN_POINT('',(-100.2355335548,13.2518082993507,8.63127850996841));
#2637=CARTESIAN_POINT('',(-100.447456165971,13.6689338134219,8.63898543615836));
#2638=CARTESIAN_POINT('',(-100.663483662763,14.0838952958481,8.64675644533103));
#2639=CARTESIAN_POINT('',(-100.879541804907,14.4989156441167,8.65452855688794));
#2640=CARTESIAN_POINT('',(-101.099727256626,14.911812166222,8.66236553574126));
#2641=CARTESIAN_POINT('',(-101.323982474996,15.3224586457145,8.67027008481419));
#2642=CARTESIAN_POINT('',(-101.394254246556,15.451137281639,8.67274702457405));
#2643=CARTESIAN_POINT('',(-101.46492702339,15.5795976098409,8.67523064938608));
#2644=CARTESIAN_POINT('',(-101.535998972458,15.707835765038,8.67772104281805));
#2645=CARTESIAN_POINT('',(-86.4150302125822,-28.8090211579568,-14.861703144834));
#2646=CARTESIAN_POINT('',(-88.2245405569239,-21.9136080880135,-11.0360898620045));
#2647=CARTESIAN_POINT('',(-90.708059176401,-12.4497844620593,-5.78550820684291));
#2648=CARTESIAN_POINT('',(-95.1626243192726,4.52501029560458,3.63220174606604));
#2649=CARTESIAN_POINT('',(-99.8777402282047,13.2145374332676,9.15846543915233));
#2650=CARTESIAN_POINT('',(-108.379705873518,24.066216876663,17.4032246376004));
#2651=CARTESIAN_POINT('',(-113.369629442865,28.446352255974,21.5361549602403));
#2652=CARTESIAN_POINT('',(-123.909993607336,34.8956255402953,29.8035205000869));
#2653=CARTESIAN_POINT('',(-129.461546860291,36.9671669615979,33.9327158913975));
#2654=CARTESIAN_POINT('',(-140.23250089494,38.9433292976939,42.1806859972749));
#2655=CARTESIAN_POINT('',(-145.456137684848,38.8508270325413,46.3073068438759));
#2656=CARTESIAN_POINT('',(-154.844901860227,36.9356405657147,54.5529087153418));
#2657=CARTESIAN_POINT('',(-159.014231290582,35.1143258678,58.6763363901947));
#2658=CARTESIAN_POINT('',(-165.815488305608,30.4070464152584,66.9115121540896));
#2659=CARTESIAN_POINT('',(-168.452148168044,27.5211886081762,71.0290052387007));
#2660=CARTESIAN_POINT('',(-172.012904826893,21.4375875964368,79.249184526096));
#2661=CARTESIAN_POINT('',(-172.941693158853,18.2385075568608,83.3594139769868));
#2662=CARTESIAN_POINT('',(-173.227039064602,12.2718101328649,91.5620981524904));
#2663=CARTESIAN_POINT('',(-172.380022282947,8.60320720842338,96.9947738803543));
#2664=CARTESIAN_POINT('',(-169.192668902459,3.87211883288045,106.248988074393));
#2665=CARTESIAN_POINT('',(-167.41564887617,1.23443239341845,111.408417226822));
#2666=CARTESIAN_POINT('',(-166.096172580156,-0.724107567695652,115.239406392324));
#2667=CARTESIAN_POINT('',(-86.0196848268365,-27.901216283654,-16.6830752716364));
#2668=CARTESIAN_POINT('',(-87.9249893804194,-20.9791710535139,-12.8453866711216));
#2669=CARTESIAN_POINT('',(-90.5399837347727,-11.4787952929271,-7.57823187151723));
#2670=CARTESIAN_POINT('',(-95.2303704338509,5.56156123003017,1.86920451507477));
#2671=CARTESIAN_POINT('',(-100.099654270542,14.2612545189933,7.41494324947016));
#2672=CARTESIAN_POINT('',(-108.842593410836,25.1012874259028,15.7005513831143));
#2673=CARTESIAN_POINT('',(-113.95637161932,29.4548126052293,19.8549542620709));
#2674=CARTESIAN_POINT('',(-124.74266568767,35.8114744442869,28.1739277789242));
#2675=CARTESIAN_POINT('',(-130.412216448309,37.8120636772646,32.3283290980101));
#2676=CARTESIAN_POINT('',(-141.409747789652,39.6100821454944,40.6440629148749));
#2677=CARTESIAN_POINT('',(-146.734420278188,39.4046989691605,44.805337970387));
#2678=CARTESIAN_POINT('',(-156.299180474652,37.2271549060491,53.1398325997177));
#2679=CARTESIAN_POINT('',(-160.535057173765,35.2536196494284,57.3086079984181));
#2680=CARTESIAN_POINT('',(-167.427968711084,30.2132767144746,65.6603705460993));
#2681=CARTESIAN_POINT('',(-170.080260682872,27.1463602846859,69.837615078239));
#2682=CARTESIAN_POINT('',(-173.615610094501,20.6886754898049,78.2094135757436));
#2683=CARTESIAN_POINT('',(-174.493971960589,17.2992420716766,82.3964251601032));
#2684=CARTESIAN_POINT('',(-174.613693623315,10.9674232740771,90.790800123944));
#2685=CARTESIAN_POINT('',(-173.60375819863,7.07358109741652,96.3505732064578));
#2686=CARTESIAN_POINT('',(-170.049493664502,2.03524505475896,105.875330966494));
#2687=CARTESIAN_POINT('',(-168.067912552555,-0.773738756634209,111.185594142443));
#2688=CARTESIAN_POINT('',(-166.596545169429,-2.85947076876005,115.128580874502));
#2689=CARTESIAN_POINT('',(-102.28009015533,-2.11757939922895,-2.94902990916057E-14));
#2690=CARTESIAN_POINT('',(-94.0997295251271,0.0924196228465355,-2.94902990916057E-14));
#2691=CARTESIAN_POINT('',(-95.0932619375569,-0.175992218529159,8.41090031724407));
#2692=CARTESIAN_POINT('',(-103.627031201994,2.86815290178375,-2.94902990916057E-14));
#2693=CARTESIAN_POINT('',(-95.5392682825169,5.78717586596695,-2.02315820469368E-10));
#2694=CARTESIAN_POINT('',(-96.6038618939063,5.37669158323279,8.49367853419257));
#2695=CARTESIAN_POINT('',(-105.568817803945,7.69149886479002,5.98479599211998E-14));
#2696=CARTESIAN_POINT('',(-97.6548102125828,11.2994221505668,-5.37654205984229E-10));
#2697=CARTESIAN_POINT('',(-98.7808610537356,10.7537775152829,8.58131083068511));
#2698=CARTESIAN_POINT('',(-108.068576941893,12.2152969438071,5.98479599211998E-14));
#2699=CARTESIAN_POINT('',(-100.376063310075,16.4660240776765,6.09321620936853E-14));
#2700=CARTESIAN_POINT('',(-101.585803426749,15.7975462062033,8.67946503695849));
#2701=CARTESIAN_POINT('',(-169.968791396515,3.67966395233671,100.));
#2702=CARTESIAN_POINT('',(-172.346719326686,4.86783876688813,100.));
#2703=CARTESIAN_POINT('',(-173.49438157334,5.44128902153401,97.6718404685094));
#2704=CARTESIAN_POINT('',(-169.477347013596,4.66320552389667,100.));
#2705=CARTESIAN_POINT('',(-171.874925146326,5.89891839138286,99.9999999998698));
#2706=CARTESIAN_POINT('',(-173.008165003395,6.47629101573528,97.6216134382871));
#2707=CARTESIAN_POINT('',(-168.969553050122,5.63862210760186,99.9999999999999));
#2708=CARTESIAN_POINT('',(-171.388692680287,6.92268686726399,100.000000000251));
#2709=CARTESIAN_POINT('',(-172.50383378694,7.50680688932137,97.5677489689193));
#2710=CARTESIAN_POINT('',(-168.443258331296,6.60398770976425,99.9999999999999));
#2711=CARTESIAN_POINT('',(-170.886893981507,7.93620064036072,99.9999999999999));
#2712=CARTESIAN_POINT('',(-171.978289264647,8.53120379005884,97.5098244898754));
#2713=CARTESIAN_POINT('',(-163.,0.,6.));
#2714=CARTESIAN_POINT('',(-163.,0.,15.));
#2715=CARTESIAN_POINT('',(-163.,0.,15.));
#2716=CARTESIAN_POINT('',(-163.,0.,6.));
#2717=CARTESIAN_POINT('',(-163.,0.,15.));
#2718=CARTESIAN_POINT('',(-163.,0.,15.));
#2719=CARTESIAN_POINT('',(-163.,0.,6.));
#2720=CARTESIAN_POINT('',(-163.,0.,15.));
#2721=CARTESIAN_POINT('',(-163.,0.,15.));
#2722=CARTESIAN_POINT('',(-163.,0.,6.00000000000001));
#2723=CARTESIAN_POINT('',(-161.4,0.,6.00000000000001));
#2724=CARTESIAN_POINT('',(-163.,0.,6.));
#2725=CARTESIAN_POINT('',(-159.75,0.,6.));
#2726=CARTESIAN_POINT('',(-163.,0.,6.));
#2727=CARTESIAN_POINT('',(-163.,0.,0.));
#2728=CARTESIAN_POINT('',(-163.,0.,100.));
#2729=MECHANICAL_DESIGN_GEOMETRIC_PRESENTATION_REPRESENTATION('',(#523,
#524),#2730);
#2730=(
GEOMETRIC_REPRESENTATION_CONTEXT(3)
GLOBAL_UNCERTAINTY_ASSIGNED_CONTEXT((#2731))
GLOBAL_UNIT_ASSIGNED_CONTEXT((#2737,#2733,#2732))
REPRESENTATION_CONTEXT('Spiral Wind Turbine','TOP_LEVEL_ASSEMBLY_PART')
);
#2731=UNCERTAINTY_MEASURE_WITH_UNIT(LENGTH_MEASURE(0.0508),#2737,
'DISTANCE_ACCURACY_VALUE','Maximum Tolerance applied to model');
#2732=(
NAMED_UNIT(*)
SI_UNIT($,.STERADIAN.)
SOLID_ANGLE_UNIT()
);
#2733=(
CONVERSION_BASED_UNIT('DEGREE',#2735)
NAMED_UNIT(#2734)
PLANE_ANGLE_UNIT()
);
#2734=DIMENSIONAL_EXPONENTS(0.,0.,0.,0.,0.,0.,0.);
#2735=PLANE_ANGLE_MEASURE_WITH_UNIT(PLANE_ANGLE_MEASURE(0.0174532925),#2736);
#2736=(
NAMED_UNIT(*)
PLANE_ANGLE_UNIT()
SI_UNIT($,.RADIAN.)
);
#2737=(
LENGTH_UNIT()
NAMED_UNIT(*)
SI_UNIT(.MILLI.,.METRE.)
);
ENDSEC;
END-ISO-10303-21;
