                                                                        S      1
,,,11Hbellow pipe,22HAutodesk Inventor 2024,7Hunknown,32,38,7,99,15,,1.,G      1
2,2HMM,1,0.08,15H20250713.105947,0.01,10000.,4HASUS,,11,0,15H20250712.00G      2
0000;                                                                   G      3
     186       1                                                00000000D      1
     186           -2789       1       0                               0D      2
     514       2                                                00010000D      3
     514                      22       1                               0D      4
     510      24                                                00010000D      5
     510           -2789       1       1                               0D      6
     510      25                                                00010000D      7
     510           -2789       1       1                               0D      8
     510      26                                                00010000D      9
     510           -2789       1       1                               0D     10
     510      27                                                00010000D     11
     510           -2789       1       1                               0D     12
     510      28                                                00010000D     13
     510           -2789       1       1                               0D     14
     510      29                                                00010000D     15
     510           -2789       1       1                               0D     16
     510      30                                                00010000D     17
     510           -2789       1       1                               0D     18
     510      31                                                00010000D     19
     510           -2789       1       1                               0D     20
     510      32                                                00010000D     21
     510           -2789       1       1                               0D     22
     510      33                                                00010000D     23
     510           -2789       1       1                               0D     24
     510      34                                                00010000D     25
     510           -2789       1       1                               0D     26
     510      35                                                00010000D     27
     510           -2789       1       1                               0D     28
     510      36                                                00010000D     29
     510           -2789       1       1                               0D     30
     510      37                                                00010000D     31
     510           -2789       1       1                               0D     32
     510      38                                                00010000D     33
     510           -2789       1       1                               0D     34
     510      39                                                00010000D     35
     510           -2789       1       1                               0D     36
     510      40                                                00010000D     37
     510           -2789       1       1                               0D     38
     510      41                                                00010000D     39
     510           -2789       1       1                               0D     40
     510      42                                                00010000D     41
     510           -2789       1       1                               0D     42
     510      43                                                00010000D     43
     510           -2789       1       1                               0D     44
     510      44                                                00010000D     45
     510           -2789       1       1                               0D     46
     510      45                                                00010000D     47
     510           -2789       1       1                               0D     48
     510      46                                                00010000D     49
     510           -2789       1       1                               0D     50
     510      47                                                00010000D     51
     510           -2789       1       1                               0D     52
     510      48                                                00010000D     53
     510           -2789       1       1                               0D     54
     510      49                                                00010000D     55
     510           -2789       1       1                               0D     56
     510      50                                                00010000D     57
     510           -2789       1       1                               0D     58
     510      51                                                00010000D     59
     510           -2789       1       1                               0D     60
     510      52                                                00010000D     61
     510           -2789       1       1                               0D     62
     510      53                                                00010000D     63
     510           -2789       1       1                               0D     64
     510      54                                                00010000D     65
     510           -2789       1       1                               0D     66
     510      55                                                00010000D     67
     510           -2789       1       1                               0D     68
     510      56                                                00010000D     69
     510           -2789       1       1                               0D     70
     510      57                                                00010000D     71
     510           -2789       1       1                               0D     72
     510      58                                                00010000D     73
     510           -2789       1       1                               0D     74
     510      59                                                00010000D     75
     510           -2789       1       1                               0D     76
     510      60                                                00010000D     77
     510           -2789       1       1                               0D     78
     510      61                                                00010000D     79
     510           -2789       1       1                               0D     80
     510      62                                                00010000D     81
     510           -2789       1       1                               0D     82
     510      63                                                00010000D     83
     510           -2789       1       1                               0D     84
     510      64                                                00010000D     85
     510           -2789       1       1                               0D     86
     510      65                                                00010000D     87
     510           -2789       1       1                               0D     88
     510      66                                                00010000D     89
     510           -2789       1       1                               0D     90
     510      67                                                00010000D     91
     510           -2789       1       1                               0D     92
     510      68                                                00010000D     93
     510           -2789       1       1                               0D     94
     510      69                                                00010000D     95
     510           -2789       1       1                               0D     96
     510      70                                                00010000D     97
     510           -2789       1       1                               0D     98
     510      71                                                00010000D     99
     510           -2789       1       1                               0D    100
     510      72                                                00010000D    101
     510           -2789       1       1                               0D    102
     510      73                                                00010000D    103
     510           -2789       1       1                               0D    104
     510      74                                                00010000D    105
     510           -2789       1       1                               0D    106
     510      75                                                00010000D    107
     510           -2789       1       1                               0D    108
     510      76                                                00010000D    109
     510           -2789       1       1                               0D    110
     510      77                                                00010000D    111
     510           -2789       1       1                               0D    112
     510      78                                                00010000D    113
     510           -2789       1       1                               0D    114
     510      79                                                00010000D    115
     510           -2789       1       1                               0D    116
     510      80                                                00010000D    117
     510           -2789       1       1                               0D    118
     510      81                                                00010000D    119
     510           -2789       1       1                               0D    120
     510      82                                                00010000D    121
     510           -2789       1       1                               0D    122
     510      83                                                00010000D    123
     510           -2789       1       1                               0D    124
     510      84                                                00010000D    125
     510           -2789       1       1                               0D    126
     510      85                                                00010000D    127
     510           -2789       1       1                               0D    128
     510      86                                                00010000D    129
     510           -2789       1       1                               0D    130
     510      87                                                00010000D    131
     510           -2789       1       1                               0D    132
     510      88                                                00010000D    133
     510           -2789       1       1                               0D    134
     510      89                                                00010000D    135
     510           -2789       1       1                               0D    136
     510      90                                                00010000D    137
     510           -2789       1       1                               0D    138
     510      91                                                00010000D    139
     510           -2789       1       1                               0D    140
     510      92                                                00010000D    141
     510           -2789       1       1                               0D    142
     510      93                                                00010000D    143
     510           -2789       1       1                               0D    144
     510      94                                                00010000D    145
     510           -2789       1       1                               0D    146
     510      95                                                00010000D    147
     510           -2789       1       1                               0D    148
     510      96                                                00010000D    149
     510           -2789       1       1                               0D    150
     510      97                                                00010000D    151
     510           -2789       1       1                               0D    152
     510      98                                                00010000D    153
     510           -2789       1       1                               0D    154
     510      99                                                00010000D    155
     510           -2789       1       1                               0D    156
     510     100                                                00010000D    157
     510           -2789       1       1                               0D    158
     510     101                                                00010000D    159
     510           -2789       1       1                               0D    160
     510     102                                                00010000D    161
     510           -2789       1       1                               0D    162
     510     103                                                00010000D    163
     510           -2789       1       1                               0D    164
     510     104                                                00010000D    165
     510           -2789       1       1                               0D    166
     510     105                                                00010000D    167
     510           -2789       1       1                               0D    168
     510     106                                                00010000D    169
     510           -2789       1       1                               0D    170
     510     107                                                00010000D    171
     510           -2789       1       1                               0D    172
     510     108                                                00010000D    173
     510           -2789       1       1                               0D    174
     510     109                                                00010000D    175
     510           -2789       1       1                               0D    176
     510     110                                                00010000D    177
     510           -2789       1       1                               0D    178
     510     111                                                00010000D    179
     510           -2789       1       1                               0D    180
     510     112                                                00010000D    181
     510           -2789       1       1                               0D    182
     510     113                                                00010000D    183
     510           -2789       1       1                               0D    184
     510     114                                                00010000D    185
     510           -2789       1       1                               0D    186
     510     115                                                00010000D    187
     510           -2789       1       1                               0D    188
     510     116                                                00010000D    189
     510           -2789       1       1                               0D    190
     510     117                                                00010000D    191
     510           -2789       1       1                               0D    192
     510     118                                                00010000D    193
     510           -2789       1       1                               0D    194
     510     119                                                00010000D    195
     510           -2789       1       1                               0D    196
     510     120                                                00010000D    197
     510           -2789       1       1                               0D    198
     510     121                                                00010000D    199
     510           -2789       1       1                               0D    200
     510     122                                                00010000D    201
     510           -2789       1       1                               0D    202
     510     123                                                00010000D    203
     510           -2789       1       1                               0D    204
     510     124                                                00010000D    205
     510           -2789       1       1                               0D    206
     510     125                                                00010000D    207
     510           -2789       1       1                               0D    208
     510     126                                                00010000D    209
     510           -2789       1       1                               0D    210
     510     127                                                00010000D    211
     510           -2789       1       1                               0D    212
     510     128                                                00010000D    213
     510           -2789       1       1                               0D    214
     510     129                                                00010000D    215
     510           -2789       1       1                               0D    216
     510     130                                                00010000D    217
     510           -2789       1       1                               0D    218
     510     131                                                00010000D    219
     510           -2789       1       1                               0D    220
     510     132                                                00010000D    221
     510           -2789       1       1                               0D    222
     510     133                                                00010000D    223
     510           -2789       1       1                               0D    224
     510     134                                                00010000D    225
     510           -2789       1       1                               0D    226
     510     135                                                00010000D    227
     510           -2789       1       1                               0D    228
     510     136                                                00010000D    229
     510           -2789       1       1                               0D    230
     510     137                                                00010000D    231
     510           -2789       1       1                               0D    232
     510     138                                                00010000D    233
     510           -2789       1       1                               0D    234
     510     139                                                00010000D    235
     510           -2789       1       1                               0D    236
     510     140                                                00010000D    237
     510           -2789       1       1                               0D    238
     510     141                                                00010000D    239
     510           -2789       1       1                               0D    240
     510     142                                                00010000D    241
     510           -2789       1       1                               0D    242
     510     143                                                00010000D    243
     510           -2789       1       1                               0D    244
     510     144                                                00010000D    245
     510           -2789       1       1                               0D    246
     510     145                                                00010000D    247
     510           -2789       1       1                               0D    248
     510     146                                                00010000D    249
     510           -2789       1       1                               0D    250
     510     147                                                00010000D    251
     510           -2789       1       1                               0D    252
     510     148                                                00010000D    253
     510           -2789       1       1                               0D    254
     510     149                                                00010000D    255
     510           -2789       1       1                               0D    256
     510     150                                                00010000D    257
     510           -2789       1       1                               0D    258
     510     151                                                00010000D    259
     510           -2789       1       1                               0D    260
     510     152                                                00010000D    261
     510           -2789       1       1                               0D    262
     510     153                                                00010000D    263
     510           -2789       1       1                               0D    264
     510     154                                                00010000D    265
     510           -2789       1       1                               0D    266
     510     155                                                00010000D    267
     510           -2789       1       1                               0D    268
     510     156                                                00010000D    269
     510           -2789       1       1                               0D    270
     510     157                                                00010000D    271
     510           -2789       1       1                               0D    272
     510     158                                                00010000D    273
     510           -2789       1       1                               0D    274
     510     159                                                00010000D    275
     510           -2789       1       1                               0D    276
     510     160                                                00010000D    277
     510           -2789       1       1                               0D    278
     510     161                                                00010000D    279
     510           -2789       1       1                               0D    280
     510     162                                                00010000D    281
     510           -2789       1       1                               0D    282
     510     163                                                00010000D    283
     510           -2789       1       1                               0D    284
     510     164                                                00010000D    285
     510           -2789       1       1                               0D    286
     510     165                                                00010000D    287
     510           -2789       1       1                               0D    288
     510     166                                                00010000D    289
     510           -2789       1       1                               0D    290
     510     167                                                00010000D    291
     510           -2789       1       1                               0D    292
     510     168                                                00010000D    293
     510           -2789       1       1                               0D    294
     510     169                                                00010000D    295
     510           -2789       1       1                               0D    296
     510     170                                                00010000D    297
     510           -2789       1       1                               0D    298
     510     171                                                00010000D    299
     510           -2789       1       1                               0D    300
     510     172                                                00010000D    301
     510           -2789       1       1                               0D    302
     510     173                                                00010000D    303
     510           -2789       1       1                               0D    304
     510     174                                                00010000D    305
     510           -2789       1       1                               0D    306
     510     175                                                00010000D    307
     510           -2789       1       1                               0D    308
     510     176                                                00010000D    309
     510           -2789       1       1                               0D    310
     510     177                                                00010000D    311
     510           -2789       1       1                               0D    312
     510     178                                                00010000D    313
     510           -2789       1       1                               0D    314
     510     179                                                00010000D    315
     510           -2789       1       1                               0D    316
     510     180                                                00010000D    317
     510           -2789       1       1                               0D    318
     510     181                                                00010000D    319
     510           -2789       1       1                               0D    320
     510     182                                                00010000D    321
     510           -2789       1       1                               0D    322
     510     183                                                00010000D    323
     510           -2789       1       1                               0D    324
     510     184                                                00010000D    325
     510           -2789       1       1                               0D    326
     510     185                                                00010000D    327
     510           -2789       1       1                               0D    328
     510     186                                                00010000D    329
     510           -2789       1       1                               0D    330
     510     187                                                00010000D    331
     510           -2789       1       1                               0D    332
     510     188                                                00010000D    333
     510           -2789       1       1                               0D    334
     510     189                                                00010000D    335
     510           -2789       1       1                               0D    336
     510     190                                                00010000D    337
     510           -2789       1       1                               0D    338
     510     191                                                00010000D    339
     510           -2789       1       1                               0D    340
     510     192                                                00010000D    341
     510           -2789       1       1                               0D    342
     510     193                                                00010000D    343
     510           -2789       1       1                               0D    344
     510     194                                                00010000D    345
     510           -2789       1       1                               0D    346
     510     195                                                00010000D    347
     510           -2789       1       1                               0D    348
     510     196                                                00010000D    349
     510           -2789       1       1                               0D    350
     510     197                                                00010000D    351
     510           -2789       1       1                               0D    352
     510     198                                                00010000D    353
     510           -2789       1       1                               0D    354
     510     199                                                00010000D    355
     510           -2789       1       1                               0D    356
     510     200                                                00010000D    357
     510           -2789       1       1                               0D    358
     510     201                                                00010000D    359
     510           -2789       1       1                               0D    360
     510     202                                                00010000D    361
     510           -2789       1       1                               0D    362
     510     203                                                00010000D    363
     510           -2789       1       1                               0D    364
     510     204                                                00010000D    365
     510           -2789       1       1                               0D    366
     510     205                                                00010000D    367
     510           -2789       1       1                               0D    368
     510     206                                                00010000D    369
     510           -2789       1       1                               0D    370
     510     207                                                00010000D    371
     510           -2789       1       1                               0D    372
     510     208                                                00010000D    373
     510           -2789       1       1                               0D    374
     510     209                                                00010000D    375
     510           -2789       1       1                               0D    376
     510     210                                                00010000D    377
     510           -2789       1       1                               0D    378
     510     211                                                00010000D    379
     510           -2789       1       1                               0D    380
     510     212                                                00010000D    381
     510           -2789       1       1                               0D    382
     510     213                                                00010000D    383
     510           -2789       1       1                               0D    384
     510     214                                                00010000D    385
     510           -2789       1       1                               0D    386
     510     215                                                00010000D    387
     510           -2789       1       1                               0D    388
     510     216                                                00010000D    389
     510           -2789       1       1                               0D    390
     510     217                                                00010000D    391
     510           -2789       1       1                               0D    392
     510     218                                                00010000D    393
     510           -2789       1       1                               0D    394
     510     219                                                00010000D    395
     510           -2789       1       1                               0D    396
     510     220                                                00010000D    397
     510           -2789       1       1                               0D    398
     510     221                                                00010000D    399
     510           -2789       1       1                               0D    400
     510     222                                                00010000D    401
     510           -2789       1       1                               0D    402
     510     223                                                00010000D    403
     510           -2789       1       1                               0D    404
     510     224                                                00010000D    405
     510           -2789       1       1                               0D    406
     510     225                                                00010000D    407
     510           -2789       1       1                               0D    408
     510     226                                                00010000D    409
     510           -2789       1       1                               0D    410
     510     227                                                00010000D    411
     510           -2789       1       1                               0D    412
     510     228                                                00010000D    413
     510           -2789       1       1                               0D    414
     510     229                                                00010000D    415
     510           -2789       1       1                               0D    416
     510     230                                                00010000D    417
     510           -2789       1       1                               0D    418
     510     231                                                00010000D    419
     510           -2789       1       1                               0D    420
     510     232                                                00010000D    421
     510           -2789       1       1                               0D    422
     510     233                                                00010000D    423
     510           -2789       1       1                               0D    424
     510     234                                                00010000D    425
     510           -2789       1       1                               0D    426
     510     235                                                00010000D    427
     510           -2789       1       1                               0D    428
     510     236                                                00010000D    429
     510           -2789       1       1                               0D    430
     510     237                                                00010000D    431
     510           -2789       1       1                               0D    432
     510     238                                                00010000D    433
     510           -2789       1       1                               0D    434
     510     239                                                00010000D    435
     510           -2789       1       1                               0D    436
     510     240                                                00010000D    437
     510           -2789       1       1                               0D    438
     510     241                                                00010000D    439
     510           -2789       1       1                               0D    440
     510     242                                                00010000D    441
     510           -2789       1       1                               0D    442
     510     243                                                00010000D    443
     510           -2789       1       1                               0D    444
     510     244                                                00010000D    445
     510           -2789       1       1                               0D    446
     510     245                                                00010000D    447
     510           -2789       1       1                               0D    448
     510     246                                                00010000D    449
     510           -2789       1       1                               0D    450
     510     247                                                00010000D    451
     510           -2789       1       1                               0D    452
     510     248                                                00010000D    453
     510           -2789       1       1                               0D    454
     510     249                                                00010000D    455
     510           -2789       1       1                               0D    456
     510     250                                                00010000D    457
     510           -2789       1       1                               0D    458
     510     251                                                00010000D    459
     510           -2789       1       1                               0D    460
     510     252                                                00010000D    461
     510           -2789       1       1                               0D    462
     510     253                                                00010000D    463
     510           -2789       1       1                               0D    464
     510     254                                                00010000D    465
     510           -2789       1       1                               0D    466
     510     255                                                00010000D    467
     510           -2789       1       1                               0D    468
     510     256                                                00010000D    469
     510           -2789       1       1                               0D    470
     510     257                                                00010000D    471
     510           -2789       1       1                               0D    472
     510     258                                                00010000D    473
     510           -2789       1       1                               0D    474
     510     259                                                00010000D    475
     510           -2789       1       1                               0D    476
     508     260                                                00010000D    477
     508                       2       1                               0D    478
     508     262                                                00010000D    479
     508                       2       1                               0D    480
     508     264                                                00010000D    481
     508                       1       1                               0D    482
     508     265                                                00010000D    483
     508                       1       1                               0D    484
     508     266                                                00010000D    485
     508                       2       1                               0D    486
     508     268                                                00010000D    487
     508                       1       1                               0D    488
     508     269                                                00010000D    489
     508                       1       1                               0D    490
     508     270                                                00010000D    491
     508                       2       1                               0D    492
     508     272                                                00010000D    493
     508                       2       1                               0D    494
     508     274                                                00010000D    495
     508                       2       1                               0D    496
     508     276                                                00010000D    497
     508                       1       1                               0D    498
     508     277                                                00010000D    499
     508                       1       1                               0D    500
     508     278                                                00010000D    501
     508                       2       1                               0D    502
     508     280                                                00010000D    503
     508                       1       1                               0D    504
     508     281                                                00010000D    505
     508                       1       1                               0D    506
     508     282                                                00010000D    507
     508                       2       1                               0D    508
     508     284                                                00010000D    509
     508                       2       1                               0D    510
     508     286                                                00010000D    511
     508                       1       1                               0D    512
     508     287                                                00010000D    513
     508                       1       1                               0D    514
     508     288                                                00010000D    515
     508                       2       1                               0D    516
     508     290                                                00010000D    517
     508                       1       1                               0D    518
     508     291                                                00010000D    519
     508                       1       1                               0D    520
     508     292                                                00010000D    521
     508                       2       1                               0D    522
     508     294                                                00010000D    523
     508                       2       1                               0D    524
     508     296                                                00010000D    525
     508                       1       1                               0D    526
     508     297                                                00010000D    527
     508                       1       1                               0D    528
     508     298                                                00010000D    529
     508                       2       1                               0D    530
     508     300                                                00010000D    531
     508                       1       1                               0D    532
     508     301                                                00010000D    533
     508                       1       1                               0D    534
     508     302                                                00010000D    535
     508                       2       1                               0D    536
     508     304                                                00010000D    537
     508                       2       1                               0D    538
     508     306                                                00010000D    539
     508                       1       1                               0D    540
     508     307                                                00010000D    541
     508                       1       1                               0D    542
     508     308                                                00010000D    543
     508                       2       1                               0D    544
     508     310                                                00010000D    545
     508                       1       1                               0D    546
     508     311                                                00010000D    547
     508                       1       1                               0D    548
     508     312                                                00010000D    549
     508                       2       1                               0D    550
     508     314                                                00010000D    551
     508                       2       1                               0D    552
     508     316                                                00010000D    553
     508                       1       1                               0D    554
     508     317                                                00010000D    555
     508                       1       1                               0D    556
     508     318                                                00010000D    557
     508                       2       1                               0D    558
     508     320                                                00010000D    559
     508                       1       1                               0D    560
     508     321                                                00010000D    561
     508                       1       1                               0D    562
     508     322                                                00010000D    563
     508                       2       1                               0D    564
     508     324                                                00010000D    565
     508                       2       1                               0D    566
     508     326                                                00010000D    567
     508                       1       1                               0D    568
     508     327                                                00010000D    569
     508                       1       1                               0D    570
     508     328                                                00010000D    571
     508                       2       1                               0D    572
     508     330                                                00010000D    573
     508                       1       1                               0D    574
     508     331                                                00010000D    575
     508                       1       1                               0D    576
     508     332                                                00010000D    577
     508                       2       1                               0D    578
     508     334                                                00010000D    579
     508                       2       1                               0D    580
     508     336                                                00010000D    581
     508                       1       1                               0D    582
     508     337                                                00010000D    583
     508                       1       1                               0D    584
     508     338                                                00010000D    585
     508                       2       1                               0D    586
     508     340                                                00010000D    587
     508                       1       1                               0D    588
     508     341                                                00010000D    589
     508                       1       1                               0D    590
     508     342                                                00010000D    591
     508                       2       1                               0D    592
     508     344                                                00010000D    593
     508                       2       1                               0D    594
     508     346                                                00010000D    595
     508                       1       1                               0D    596
     508     347                                                00010000D    597
     508                       1       1                               0D    598
     508     348                                                00010000D    599
     508                       2       1                               0D    600
     508     350                                                00010000D    601
     508                       1       1                               0D    602
     508     351                                                00010000D    603
     508                       1       1                               0D    604
     508     352                                                00010000D    605
     508                       2       1                               0D    606
     508     354                                                00010000D    607
     508                       2       1                               0D    608
     508     356                                                00010000D    609
     508                       1       1                               0D    610
     508     357                                                00010000D    611
     508                       1       1                               0D    612
     508     358                                                00010000D    613
     508                       2       1                               0D    614
     508     360                                                00010000D    615
     508                       1       1                               0D    616
     508     361                                                00010000D    617
     508                       1       1                               0D    618
     508     362                                                00010000D    619
     508                       2       1                               0D    620
     508     364                                                00010000D    621
     508                       2       1                               0D    622
     508     366                                                00010000D    623
     508                       1       1                               0D    624
     508     367                                                00010000D    625
     508                       1       1                               0D    626
     508     368                                                00010000D    627
     508                       2       1                               0D    628
     508     370                                                00010000D    629
     508                       1       1                               0D    630
     508     371                                                00010000D    631
     508                       1       1                               0D    632
     508     372                                                00010000D    633
     508                       2       1                               0D    634
     508     374                                                00010000D    635
     508                       2       1                               0D    636
     508     376                                                00010000D    637
     508                       1       1                               0D    638
     508     377                                                00010000D    639
     508                       1       1                               0D    640
     508     378                                                00010000D    641
     508                       2       1                               0D    642
     508     380                                                00010000D    643
     508                       1       1                               0D    644
     508     381                                                00010000D    645
     508                       1       1                               0D    646
     508     382                                                00010000D    647
     508                       2       1                               0D    648
     508     384                                                00010000D    649
     508                       2       1                               0D    650
     508     386                                                00010000D    651
     508                       1       1                               0D    652
     508     387                                                00010000D    653
     508                       1       1                               0D    654
     508     388                                                00010000D    655
     508                       2       1                               0D    656
     508     390                                                00010000D    657
     508                       1       1                               0D    658
     508     391                                                00010000D    659
     508                       1       1                               0D    660
     508     392                                                00010000D    661
     508                       2       1                               0D    662
     508     394                                                00010000D    663
     508                       2       1                               0D    664
     508     396                                                00010000D    665
     508                       1       1                               0D    666
     508     397                                                00010000D    667
     508                       1       1                               0D    668
     508     398                                                00010000D    669
     508                       2       1                               0D    670
     508     400                                                00010000D    671
     508                       1       1                               0D    672
     508     401                                                00010000D    673
     508                       1       1                               0D    674
     508     402                                                00010000D    675
     508                       2       1                               0D    676
     508     404                                                00010000D    677
     508                       2       1                               0D    678
     508     406                                                00010000D    679
     508                       1       1                               0D    680
     508     407                                                00010000D    681
     508                       1       1                               0D    682
     508     408                                                00010000D    683
     508                       2       1                               0D    684
     508     410                                                00010000D    685
     508                       1       1                               0D    686
     508     411                                                00010000D    687
     508                       1       1                               0D    688
     508     412                                                00010000D    689
     508                       2       1                               0D    690
     508     414                                                00010000D    691
     508                       2       1                               0D    692
     508     416                                                00010000D    693
     508                       1       1                               0D    694
     508     417                                                00010000D    695
     508                       1       1                               0D    696
     508     418                                                00010000D    697
     508                       2       1                               0D    698
     508     420                                                00010000D    699
     508                       1       1                               0D    700
     508     421                                                00010000D    701
     508                       1       1                               0D    702
     508     422                                                00010000D    703
     508                       2       1                               0D    704
     508     424                                                00010000D    705
     508                       2       1                               0D    706
     508     426                                                00010000D    707
     508                       1       1                               0D    708
     508     427                                                00010000D    709
     508                       1       1                               0D    710
     508     428                                                00010000D    711
     508                       2       1                               0D    712
     508     430                                                00010000D    713
     508                       1       1                               0D    714
     508     431                                                00010000D    715
     508                       1       1                               0D    716
     508     432                                                00010000D    717
     508                       2       1                               0D    718
     508     434                                                00010000D    719
     508                       2       1                               0D    720
     508     436                                                00010000D    721
     508                       1       1                               0D    722
     508     437                                                00010000D    723
     508                       1       1                               0D    724
     508     438                                                00010000D    725
     508                       2       1                               0D    726
     508     440                                                00010000D    727
     508                       1       1                               0D    728
     508     441                                                00010000D    729
     508                       1       1                               0D    730
     508     442                                                00010000D    731
     508                       2       1                               0D    732
     508     444                                                00010000D    733
     508                       2       1                               0D    734
     508     446                                                00010000D    735
     508                       1       1                               0D    736
     508     447                                                00010000D    737
     508                       1       1                               0D    738
     508     448                                                00010000D    739
     508                       2       1                               0D    740
     508     450                                                00010000D    741
     508                       1       1                               0D    742
     508     451                                                00010000D    743
     508                       1       1                               0D    744
     508     452                                                00010000D    745
     508                       2       1                               0D    746
     508     454                                                00010000D    747
     508                       1       1                               0D    748
     508     455                                                00010000D    749
     508                       1       1                               0D    750
     508     456                                                00010000D    751
     508                       2       1                               0D    752
     508     458                                                00010000D    753
     508                       2       1                               0D    754
     508     460                                                00010000D    755
     508                       1       1                               0D    756
     508     461                                                00010000D    757
     508                       1       1                               0D    758
     508     462                                                00010000D    759
     508                       1       1                               0D    760
     508     463                                                00010000D    761
     508                       1       1                               0D    762
     508     464                                                00010000D    763
     508                       2       1                               0D    764
     508     466                                                00010000D    765
     508                       1       1                               0D    766
     508     467                                                00010000D    767
     508                       1       1                               0D    768
     508     468                                                00010000D    769
     508                       1       1                               0D    770
     508     469                                                00010000D    771
     508                       1       1                               0D    772
     508     470                                                00010000D    773
     508                       2       1                               0D    774
     508     472                                                00010000D    775
     508                       1       1                               0D    776
     508     473                                                00010000D    777
     508                       1       1                               0D    778
     508     474                                                00010000D    779
     508                       1       1                               0D    780
     508     475                                                00010000D    781
     508                       1       1                               0D    782
     508     476                                                00010000D    783
     508                       2       1                               0D    784
     508     478                                                00010000D    785
     508                       1       1                               0D    786
     508     479                                                00010000D    787
     508                       1       1                               0D    788
     508     480                                                00010000D    789
     508                       1       1                               0D    790
     508     481                                                00010000D    791
     508                       1       1                               0D    792
     508     482                                                00010000D    793
     508                       2       1                               0D    794
     508     484                                                00010000D    795
     508                       1       1                               0D    796
     508     485                                                00010000D    797
     508                       1       1                               0D    798
     508     486                                                00010000D    799
     508                       1       1                               0D    800
     508     487                                                00010000D    801
     508                       1       1                               0D    802
     508     488                                                00010000D    803
     508                       2       1                               0D    804
     508     490                                                00010000D    805
     508                       1       1                               0D    806
     508     491                                                00010000D    807
     508                       1       1                               0D    808
     508     492                                                00010000D    809
     508                       1       1                               0D    810
     508     493                                                00010000D    811
     508                       1       1                               0D    812
     508     494                                                00010000D    813
     508                       2       1                               0D    814
     508     496                                                00010000D    815
     508                       1       1                               0D    816
     508     497                                                00010000D    817
     508                       1       1                               0D    818
     508     498                                                00010000D    819
     508                       1       1                               0D    820
     508     499                                                00010000D    821
     508                       1       1                               0D    822
     508     500                                                00010000D    823
     508                       2       1                               0D    824
     508     502                                                00010000D    825
     508                       1       1                               0D    826
     508     503                                                00010000D    827
     508                       1       1                               0D    828
     508     504                                                00010000D    829
     508                       1       1                               0D    830
     508     505                                                00010000D    831
     508                       1       1                               0D    832
     508     506                                                00010000D    833
     508                       2       1                               0D    834
     508     508                                                00010000D    835
     508                       1       1                               0D    836
     508     509                                                00010000D    837
     508                       1       1                               0D    838
     508     510                                                00010000D    839
     508                       1       1                               0D    840
     508     511                                                00010000D    841
     508                       1       1                               0D    842
     508     512                                                00010000D    843
     508                       2       1                               0D    844
     508     514                                                00010000D    845
     508                       1       1                               0D    846
     508     515                                                00010000D    847
     508                       1       1                               0D    848
     508     516                                                00010000D    849
     508                       1       1                               0D    850
     508     517                                                00010000D    851
     508                       1       1                               0D    852
     508     518                                                00010000D    853
     508                       2       1                               0D    854
     508     520                                                00010000D    855
     508                       1       1                               0D    856
     508     521                                                00010000D    857
     508                       1       1                               0D    858
     508     522                                                00010000D    859
     508                       1       1                               0D    860
     508     523                                                00010000D    861
     508                       1       1                               0D    862
     508     524                                                00010000D    863
     508                       2       1                               0D    864
     508     526                                                00010000D    865
     508                       1       1                               0D    866
     508     527                                                00010000D    867
     508                       1       1                               0D    868
     508     528                                                00010000D    869
     508                       1       1                               0D    870
     508     529                                                00010000D    871
     508                       1       1                               0D    872
     508     530                                                00010000D    873
     508                       2       1                               0D    874
     508     532                                                00010000D    875
     508                       1       1                               0D    876
     508     533                                                00010000D    877
     508                       1       1                               0D    878
     508     534                                                00010000D    879
     508                       1       1                               0D    880
     508     535                                                00010000D    881
     508                       1       1                               0D    882
     508     536                                                00010000D    883
     508                       2       1                               0D    884
     508     538                                                00010000D    885
     508                       1       1                               0D    886
     508     539                                                00010000D    887
     508                       1       1                               0D    888
     508     540                                                00010000D    889
     508                       1       1                               0D    890
     508     541                                                00010000D    891
     508                       1       1                               0D    892
     508     542                                                00010000D    893
     508                       2       1                               0D    894
     508     544                                                00010000D    895
     508                       1       1                               0D    896
     508     545                                                00010000D    897
     508                       1       1                               0D    898
     508     546                                                00010000D    899
     508                       1       1                               0D    900
     508     547                                                00010000D    901
     508                       1       1                               0D    902
     508     548                                                00010000D    903
     508                       2       1                               0D    904
     508     550                                                00010000D    905
     508                       1       1                               0D    906
     508     551                                                00010000D    907
     508                       1       1                               0D    908
     508     552                                                00010000D    909
     508                       1       1                               0D    910
     508     553                                                00010000D    911
     508                       1       1                               0D    912
     508     554                                                00010000D    913
     508                       2       1                               0D    914
     508     556                                                00010000D    915
     508                       1       1                               0D    916
     508     557                                                00010000D    917
     508                       1       1                               0D    918
     508     558                                                00010000D    919
     508                       1       1                               0D    920
     508     559                                                00010000D    921
     508                       1       1                               0D    922
     508     560                                                00010000D    923
     508                       2       1                               0D    924
     508     562                                                00010000D    925
     508                       1       1                               0D    926
     508     563                                                00010000D    927
     508                       1       1                               0D    928
     508     564                                                00010000D    929
     508                       1       1                               0D    930
     508     565                                                00010000D    931
     508                       1       1                               0D    932
     508     566                                                00010000D    933
     508                       2       1                               0D    934
     508     568                                                00010000D    935
     508                       1       1                               0D    936
     508     569                                                00010000D    937
     508                       1       1                               0D    938
     508     570                                                00010000D    939
     508                       1       1                               0D    940
     508     571                                                00010000D    941
     508                       1       1                               0D    942
     508     572                                                00010000D    943
     508                       2       1                               0D    944
     508     574                                                00010000D    945
     508                       1       1                               0D    946
     508     575                                                00010000D    947
     508                       1       1                               0D    948
     508     576                                                00010000D    949
     508                       1       1                               0D    950
     508     577                                                00010000D    951
     508                       1       1                               0D    952
     508     578                                                00010000D    953
     508                       2       1                               0D    954
     508     580                                                00010000D    955
     508                       1       1                               0D    956
     508     581                                                00010000D    957
     508                       1       1                               0D    958
     508     582                                                00010000D    959
     508                       2       1                               0D    960
     508     584                                                00010000D    961
     508                       2       1                               0D    962
     508     586                                                00010000D    963
     508                       2       1                               0D    964
     508     588                                                00010000D    965
     508                       2       1                               0D    966
     508     590                                                00010000D    967
     508                       2       1                               0D    968
     508     592                                                00010000D    969
     508                       2       1                               0D    970
     508     594                                                00010000D    971
     508                       2       1                               0D    972
     508     596                                                00010000D    973
     508                       2       1                               0D    974
     508     598                                                00010000D    975
     508                       2       1                               0D    976
     508     600                                                00010000D    977
     508                       2       1                               0D    978
     508     602                                                00010000D    979
     508                       2       1                               0D    980
     508     604                                                00010000D    981
     508                       2       1                               0D    982
     508     606                                                00010000D    983
     508                       2       1                               0D    984
     508     608                                                00010000D    985
     508                       2       1                               0D    986
     508     610                                                00010000D    987
     508                       2       1                               0D    988
     508     612                                                00010000D    989
     508                       2       1                               0D    990
     508     614                                                00010000D    991
     508                       2       1                               0D    992
     508     616                                                00010000D    993
     508                       2       1                               0D    994
     508     618                                                00010000D    995
     508                       2       1                               0D    996
     508     620                                                00010000D    997
     508                       2       1                               0D    998
     508     622                                                00010000D    999
     508                       2       1                               0D   1000
     508     624                                                00010000D   1001
     508                       2       1                               0D   1002
     508     626                                                00010000D   1003
     508                       2       1                               0D   1004
     508     628                                                00010000D   1005
     508                       2       1                               0D   1006
     508     630                                                00010000D   1007
     508                       2       1                               0D   1008
     508     632                                                00010000D   1009
     508                       2       1                               0D   1010
     508     634                                                00010000D   1011
     508                       2       1                               0D   1012
     508     636                                                00010000D   1013
     508                       2       1                               0D   1014
     508     638                                                00010000D   1015
     508                       2       1                               0D   1016
     508     640                                                00010000D   1017
     508                       2       1                               0D   1018
     508     642                                                00010000D   1019
     508                       2       1                               0D   1020
     508     644                                                00010000D   1021
     508                       2       1                               0D   1022
     508     646                                                00010000D   1023
     508                       2       1                               0D   1024
     508     648                                                00010000D   1025
     508                       2       1                               0D   1026
     508     650                                                00010000D   1027
     508                       2       1                               0D   1028
     508     652                                                00010000D   1029
     508                       2       1                               0D   1030
     508     654                                                00010000D   1031
     508                       2       1                               0D   1032
     508     656                                                00010000D   1033
     508                       2       1                               0D   1034
     508     658                                                00010000D   1035
     508                       2       1                               0D   1036
     508     660                                                00010000D   1037
     508                       2       1                               0D   1038
     508     662                                                00010000D   1039
     508                       2       1                               0D   1040
     508     664                                                00010000D   1041
     508                       2       1                               0D   1042
     508     666                                                00010000D   1043
     508                       1       1                               0D   1044
     508     667                                                00010000D   1045
     508                       1       1                               0D   1046
     508     668                                                00010000D   1047
     508                       1       1                               0D   1048
     508     669                                                00010000D   1049
     508                       1       1                               0D   1050
     508     670                                                00010000D   1051
     508                       1       1                               0D   1052
     508     671                                                00010000D   1053
     508                       1       1                               0D   1054
     508     672                                                00010000D   1055
     508                       1       1                               0D   1056
     508     673                                                00010000D   1057
     508                       1       1                               0D   1058
     508     674                                                00010000D   1059
     508                       1       1                               0D   1060
     508     675                                                00010000D   1061
     508                       1       1                               0D   1062
     508     676                                                00010000D   1063
     508                       2       1                               0D   1064
     508     678                                                00010000D   1065
     508                       2       1                               0D   1066
     508     680                                                00010000D   1067
     508                       1       1                               0D   1068
     508     681                                                00010000D   1069
     508                       1       1                               0D   1070
     508     682                                                00010000D   1071
     508                       1       1                               0D   1072
     508     683                                                00010000D   1073
     508                       1       1                               0D   1074
     508     684                                                00010000D   1075
     508                       1       1                               0D   1076
     508     685                                                00010000D   1077
     508                       1       1                               0D   1078
     508     686                                                00010000D   1079
     508                       1       1                               0D   1080
     508     687                                                00010000D   1081
     508                       1       1                               0D   1082
     508     688                                                00010000D   1083
     508                       1       1                               0D   1084
     508     689                                                00010000D   1085
     508                       1       1                               0D   1086
     508     690                                                00010000D   1087
     508                       2       1                               0D   1088
     508     692                                                00010000D   1089
     508                       2       1                               0D   1090
     508     694                                                00010000D   1091
     508                       1       1                               0D   1092
     508     695                                                00010000D   1093
     508                       1       1                               0D   1094
     508     696                                                00010000D   1095
     508                       2       1                               0D   1096
     508     698                                                00010000D   1097
     508                       1       1                               0D   1098
     508     699                                                00010000D   1099
     508                       1       1                               0D   1100
     508     700                                                00010000D   1101
     508                       2       1                               0D   1102
     508     702                                                00010000D   1103
     508                       2       1                               0D   1104
     508     704                                                00010000D   1105
     508                       2       1                               0D   1106
     508     706                                                00010000D   1107
     508                       2       1                               0D   1108
     508     708                                                00010000D   1109
     508                       2       1                               0D   1110
     508     710                                                00010000D   1111
     508                       2       1                               0D   1112
     508     712                                                00010000D   1113
     508                       2       1                               0D   1114
     508     714                                                00010000D   1115
     508                       2       1                               0D   1116
     508     716                                                00010000D   1117
     508                       2       1                               0D   1118
     508     718                                                00010000D   1119
     508                       2       1                               0D   1120
     508     720                                                00010000D   1121
     508                       2       1                               0D   1122
     508     722                                                00010000D   1123
     508                       2       1                               0D   1124
     508     724                                                00010000D   1125
     508                       2       1                               0D   1126
     508     726                                                00010000D   1127
     508                       2       1                               0D   1128
     508     728                                                00010000D   1129
     508                       2       1                               0D   1130
     508     730                                                00010000D   1131
     508                       2       1                               0D   1132
     508     732                                                00010000D   1133
     508                       1       1                               0D   1134
     508     733                                                00010000D   1135
     508                       1       1                               0D   1136
     508     734                                                00010000D   1137
     508                       2       1                               0D   1138
     508     736                                                00010000D   1139
     508                       1       1                               0D   1140
     508     737                                                00010000D   1141
     508                       1       1                               0D   1142
     508     738                                                00010000D   1143
     508                       1       1                               0D   1144
     508     739                                                00010000D   1145
     508                       1       1                               0D   1146
     508     740                                                00010000D   1147
     508                       1       1                               0D   1148
     508     741                                                00010000D   1149
     508                       1       1                               0D   1150
     508     742                                                00010000D   1151
     508                       1       1                               0D   1152
     508     743                                                00010000D   1153
     508                       1       1                               0D   1154
     508     744                                                00010000D   1155
     508                       1       1                               0D   1156
     508     745                                                00010000D   1157
     508                       1       1                               0D   1158
     508     746                                                00010000D   1159
     508                       1       1                               0D   1160
     508     747                                                00010000D   1161
     508                       1       1                               0D   1162
     508     748                                                00010000D   1163
     508                       2       1                               0D   1164
     508     750                                                00010000D   1165
     508                       2       1                               0D   1166
     508     752                                                00010000D   1167
     508                       1       1                               0D   1168
     508     753                                                00010000D   1169
     508                       1       1                               0D   1170
     508     754                                                00010000D   1171
     508                       1       1                               0D   1172
     508     755                                                00010000D   1173
     508                       1       1                               0D   1174
     508     756                                                00010000D   1175
     508                       1       1                               0D   1176
     508     757                                                00010000D   1177
     508                       1       1                               0D   1178
     508     758                                                00010000D   1179
     508                       1       1                               0D   1180
     508     759                                                00010000D   1181
     508                       1       1                               0D   1182
     508     760                                                00010000D   1183
     508                       1       1                               0D   1184
     508     761                                                00010000D   1185
     508                       1       1                               0D   1186
     508     762                                                00010000D   1187
     508                       2       1                               0D   1188
     126     764                                                00010000D   1189
     126       0               5       0                               0D   1190
     126     769                                                00010000D   1191
     126       0               4       0                               0D   1192
     126     773                                                00010000D   1193
     126       0               5       0                               0D   1194
     126     778                                                00010000D   1195
     126       0               9       0                               0D   1196
     126     787                                                00010000D   1197
     126       0               9       0                               0D   1198
     126     796                                                00010000D   1199
     126       0               5       0                               0D   1200
     126     801                                                00010000D   1201
     126       0               5       0                               0D   1202
     126     806                                                00010000D   1203
     126       0               7       0                               0D   1204
     126     813                                                00010000D   1205
     126       0               3       0                               0D   1206
     126     816                                                00010000D   1207
     126       0               5       0                               0D   1208
     126     821                                                00010000D   1209
     126       0               9       0                               0D   1210
     126     830                                                00010000D   1211
     126       0               5       0                               0D   1212
     126     835                                                00010000D   1213
     126       0               4       0                               0D   1214
     126     839                                                00010000D   1215
     126       0               5       0                               0D   1216
     126     844                                                00010000D   1217
     126       0               5       0                               0D   1218
     126     849                                                00010000D   1219
     126       0               7       0                               0D   1220
     126     856                                                00010000D   1221
     126       0               8       0                               0D   1222
     126     864                                                00010000D   1223
     126       0               5       0                               0D   1224
     126     869                                                00010000D   1225
     126       0               9       0                               0D   1226
     126     878                                                00010000D   1227
     126       0               3       0                               0D   1228
     126     881                                                00010000D   1229
     126       0               5       0                               0D   1230
     126     886                                                00010000D   1231
     126       0               8       0                               0D   1232
     126     894                                                00010000D   1233
     126       0               5       0                               0D   1234
     126     899                                                00010000D   1235
     126       0               5       0                               0D   1236
     126     904                                                00010000D   1237
     126       0               5       0                               0D   1238
     126     909                                                00010000D   1239
     126       0               9       0                               0D   1240
     126     918                                                00010000D   1241
     126       0              10       0                               0D   1242
     126     928                                                00010000D   1243
     126       0               5       0                               0D   1244
     126     933                                                00010000D   1245
     126       0               5       0                               0D   1246
     126     938                                                00010000D   1247
     126       0               7       0                               0D   1248
     126     945                                                00010000D   1249
     126       0               3       0                               0D   1250
     126     948                                                00010000D   1251
     126       0               5       0                               0D   1252
     126     953                                                00010000D   1253
     126       0               9       0                               0D   1254
     126     962                                                00010000D   1255
     126       0               5       0                               0D   1256
     126     967                                                00010000D   1257
     126       0               4       0                               0D   1258
     126     971                                                00010000D   1259
     126       0               8       0                               0D   1260
     126     979                                                00010000D   1261
     126       0               5       0                               0D   1262
     126     984                                                00010000D   1263
     126       0               9       0                               0D   1264
     126     993                                                00010000D   1265
     126       0               5       0                               0D   1266
     126     998                                                00010000D   1267
     126       0               5       0                               0D   1268
     126    1003                                                00010000D   1269
     126       0               6       0                               0D   1270
     126    1009                                                00010000D   1271
     126       0              10       0                               0D   1272
     126    1019                                                00010000D   1273
     126       0              10       0                               0D   1274
     126    1029                                                00010000D   1275
     126       0               5       0                               0D   1276
     126    1034                                                00010000D   1277
     126       0               5       0                               0D   1278
     126    1039                                                00010000D   1279
     126       0               7       0                               0D   1280
     126    1046                                                00010000D   1281
     126       0               4       0                               0D   1282
     126    1050                                                00010000D   1283
     126       0               5       0                               0D   1284
     126    1055                                                00010000D   1285
     126       0               9       0                               0D   1286
     126    1064                                                00010000D   1287
     126       0               5       0                               0D   1288
     126    1069                                                00010000D   1289
     126       0               4       0                               0D   1290
     126    1073                                                00010000D   1291
     126       0               8       0                               0D   1292
     126    1081                                                00010000D   1293
     126       0               5       0                               0D   1294
     126    1086                                                00010000D   1295
     126       0               9       0                               0D   1296
     126    1095                                                00010000D   1297
     126       0               5       0                               0D   1298
     126    1100                                                00010000D   1299
     126       0               5       0                               0D   1300
     126    1105                                                00010000D   1301
     126       0               5       0                               0D   1302
     126    1110                                                00010000D   1303
     126       0               9       0                               0D   1304
     126    1119                                                00010000D   1305
     126       0              10       0                               0D   1306
     126    1129                                                00010000D   1307
     126       0               5       0                               0D   1308
     126    1134                                                00010000D   1309
     126       0               5       0                               0D   1310
     126    1139                                                00010000D   1311
     126       0               7       0                               0D   1312
     126    1146                                                00010000D   1313
     126       0               3       0                               0D   1314
     126    1149                                                00010000D   1315
     126       0               5       0                               0D   1316
     126    1154                                                00010000D   1317
     126       0               9       0                               0D   1318
     126    1163                                                00010000D   1319
     126       0               5       0                               0D   1320
     126    1168                                                00010000D   1321
     126       0               4       0                               0D   1322
     126    1172                                                00010000D   1323
     126       0               8       0                               0D   1324
     126    1180                                                00010000D   1325
     126       0               5       0                               0D   1326
     126    1185                                                00010000D   1327
     126       0               9       0                               0D   1328
     126    1194                                                00010000D   1329
     126       0               5       0                               0D   1330
     126    1199                                                00010000D   1331
     126       0               5       0                               0D   1332
     126    1204                                                00010000D   1333
     126       0               6       0                               0D   1334
     126    1210                                                00010000D   1335
     126       0              10       0                               0D   1336
     126    1220                                                00010000D   1337
     126       0              10       0                               0D   1338
     126    1230                                                00010000D   1339
     126       0               5       0                               0D   1340
     126    1235                                                00010000D   1341
     126       0               5       0                               0D   1342
     126    1240                                                00010000D   1343
     126       0               7       0                               0D   1344
     126    1247                                                00010000D   1345
     126       0               4       0                               0D   1346
     126    1251                                                00010000D   1347
     126       0               5       0                               0D   1348
     126    1256                                                00010000D   1349
     126       0               9       0                               0D   1350
     126    1265                                                00010000D   1351
     126       0               5       0                               0D   1352
     126    1270                                                00010000D   1353
     126       0               4       0                               0D   1354
     126    1274                                                00010000D   1355
     126       0               8       0                               0D   1356
     126    1282                                                00010000D   1357
     126       0               5       0                               0D   1358
     126    1287                                                00010000D   1359
     126       0               9       0                               0D   1360
     126    1296                                                00010000D   1361
     126       0               6       0                               0D   1362
     126    1302                                                00010000D   1363
     126       0               5       0                               0D   1364
     126    1307                                                00010000D   1365
     126       0               6       0                               0D   1366
     126    1313                                                00010000D   1367
     126       0              10       0                               0D   1368
     126    1323                                                00010000D   1369
     126       0              11       0                               0D   1370
     126    1334                                                00010000D   1371
     126       0               5       0                               0D   1372
     126    1339                                                00010000D   1373
     126       0               5       0                               0D   1374
     126    1344                                                00010000D   1375
     126       0               7       0                               0D   1376
     126    1351                                                00010000D   1377
     126       0               4       0                               0D   1378
     126    1355                                                00010000D   1379
     126       0               5       0                               0D   1380
     126    1360                                                00010000D   1381
     126       0               9       0                               0D   1382
     126    1369                                                00010000D   1383
     126       0               5       0                               0D   1384
     126    1374                                                00010000D   1385
     126       0               4       0                               0D   1386
     126    1378                                                00010000D   1387
     126       0               8       0                               0D   1388
     126    1386                                                00010000D   1389
     126       0               5       0                               0D   1390
     126    1391                                                00010000D   1391
     126       0               9       0                               0D   1392
     126    1400                                                00010000D   1393
     126       0               6       0                               0D   1394
     126    1406                                                00010000D   1395
     126       0               5       0                               0D   1396
     126    1411                                                00010000D   1397
     126       0               6       0                               0D   1398
     126    1417                                                00010000D   1399
     126       0              10       0                               0D   1400
     126    1427                                                00010000D   1401
     126       0              11       0                               0D   1402
     126    1438                                                00010000D   1403
     126       0               5       0                               0D   1404
     126    1443                                                00010000D   1405
     126       0               5       0                               0D   1406
     126    1448                                                00010000D   1407
     126       0               7       0                               0D   1408
     126    1455                                                00010000D   1409
     126       0               3       0                               0D   1410
     126    1458                                                00010000D   1411
     126       0               5       0                               0D   1412
     126    1463                                                00010000D   1413
     126       0               9       0                               0D   1414
     126    1472                                                00010000D   1415
     126       0               5       0                               0D   1416
     126    1477                                                00010000D   1417
     126       0               4       0                               0D   1418
     126    1481                                                00010000D   1419
     126       0               8       0                               0D   1420
     126    1489                                                00010000D   1421
     126       0               5       0                               0D   1422
     126    1494                                                00010000D   1423
     126       0               9       0                               0D   1424
     126    1503                                                00010000D   1425
     126       0               6       0                               0D   1426
     126    1509                                                00010000D   1427
     126       0               5       0                               0D   1428
     126    1514                                                00010000D   1429
     126       0               6       0                               0D   1430
     126    1520                                                00010000D   1431
     126       0              10       0                               0D   1432
     126    1530                                                00010000D   1433
     126       0              11       0                               0D   1434
     126    1541                                                00010000D   1435
     126       0               5       0                               0D   1436
     126    1546                                                00010000D   1437
     126       0               5       0                               0D   1438
     126    1551                                                00010000D   1439
     126       0               7       0                               0D   1440
     126    1558                                                00010000D   1441
     126       0               4       0                               0D   1442
     126    1562                                                00010000D   1443
     126       0               5       0                               0D   1444
     126    1567                                                00010000D   1445
     126       0               9       0                               0D   1446
     126    1576                                                00010000D   1447
     126       0               5       0                               0D   1448
     126    1581                                                00010000D   1449
     126       0               4       0                               0D   1450
     126    1585                                                00010000D   1451
     126       0               8       0                               0D   1452
     126    1593                                                00010000D   1453
     126       0               5       0                               0D   1454
     126    1598                                                00010000D   1455
     126       0               9       0                               0D   1456
     126    1607                                                00010000D   1457
     126       0               5       0                               0D   1458
     126    1612                                                00010000D   1459
     126       0               5       0                               0D   1460
     126    1617                                                00010000D   1461
     126       0               5       0                               0D   1462
     126    1622                                                00010000D   1463
     126       0               9       0                               0D   1464
     126    1631                                                00010000D   1465
     126       0              10       0                               0D   1466
     126    1641                                                00010000D   1467
     126       0               5       0                               0D   1468
     126    1646                                                00010000D   1469
     126       0               5       0                               0D   1470
     126    1651                                                00010000D   1471
     126       0               7       0                               0D   1472
     126    1658                                                00010000D   1473
     126       0               3       0                               0D   1474
     126    1661                                                00010000D   1475
     126       0               5       0                               0D   1476
     126    1666                                                00010000D   1477
     126       0              10       0                               0D   1478
     126    1676                                                00010000D   1479
     126       0               5       0                               0D   1480
     126    1681                                                00010000D   1481
     126       0               5       0                               0D   1482
     126    1686                                                00010000D   1483
     126       0               8       0                               0D   1484
     126    1694                                                00010000D   1485
     126       0               5       0                               0D   1486
     126    1699                                                00010000D   1487
     126       0              10       0                               0D   1488
     126    1709                                                00010000D   1489
     126       0               5       0                               0D   1490
     126    1714                                                00010000D   1491
     126       0               5       0                               0D   1492
     126    1719                                                00010000D   1493
     126       0               5       0                               0D   1494
     126    1724                                                00010000D   1495
     126       0               9       0                               0D   1496
     126    1733                                                00010000D   1497
     126       0              10       0                               0D   1498
     126    1743                                                00010000D   1499
     126       0               5       0                               0D   1500
     126    1748                                                00010000D   1501
     126       0               5       0                               0D   1502
     126    1753                                                00010000D   1503
     126       0               7       0                               0D   1504
     126    1760                                                00010000D   1505
     126       0               3       0                               0D   1506
     126    1763                                                00010000D   1507
     126       0               5       0                               0D   1508
     126    1768                                                00010000D   1509
     126       0              10       0                               0D   1510
     126    1778                                                00010000D   1511
     126       0               5       0                               0D   1512
     126    1783                                                00010000D   1513
     126       0               5       0                               0D   1514
     126    1788                                                00010000D   1515
     126       0               8       0                               0D   1516
     126    1796                                                00010000D   1517
     126       0               5       0                               0D   1518
     126    1801                                                00010000D   1519
     126       0              10       0                               0D   1520
     126    1811                                                00010000D   1521
     126       0               5       0                               0D   1522
     126    1816                                                00010000D   1523
     126       0               5       0                               0D   1524
     126    1821                                                00010000D   1525
     126       0               5       0                               0D   1526
     126    1826                                                00010000D   1527
     126       0               9       0                               0D   1528
     126    1835                                                00010000D   1529
     126       0              10       0                               0D   1530
     126    1845                                                00010000D   1531
     126       0               5       0                               0D   1532
     126    1850                                                00010000D   1533
     126       0               5       0                               0D   1534
     126    1855                                                00010000D   1535
     126       0               7       0                               0D   1536
     126    1862                                                00010000D   1537
     126       0               3       0                               0D   1538
     126    1865                                                00010000D   1539
     126       0               5       0                               0D   1540
     126    1870                                                00010000D   1541
     126       0               9       0                               0D   1542
     126    1879                                                00010000D   1543
     126       0               5       0                               0D   1544
     126    1884                                                00010000D   1545
     126       0               5       0                               0D   1546
     126    1889                                                00010000D   1547
     126       0               8       0                               0D   1548
     126    1897                                                00010000D   1549
     126       0               5       0                               0D   1550
     126    1902                                                00010000D   1551
     126       0              10       0                               0D   1552
     126    1912                                                00010000D   1553
     126       0               5       0                               0D   1554
     126    1917                                                00010000D   1555
     126       0               5       0                               0D   1556
     126    1922                                                00010000D   1557
     126       0               5       0                               0D   1558
     126    1927                                                00010000D   1559
     126       0               9       0                               0D   1560
     126    1936                                                00010000D   1561
     126       0              10       0                               0D   1562
     126    1946                                                00010000D   1563
     126       0               5       0                               0D   1564
     126    1951                                                00010000D   1565
     126       0               5       0                               0D   1566
     126    1956                                                00010000D   1567
     126       0               7       0                               0D   1568
     126    1963                                                00010000D   1569
     126       0               3       0                               0D   1570
     126    1966                                                00010000D   1571
     126       0               5       0                               0D   1572
     126    1971                                                00010000D   1573
     126       0              10       0                               0D   1574
     126    1981                                                00010000D   1575
     126       0               5       0                               0D   1576
     126    1986                                                00010000D   1577
     126       0               5       0                               0D   1578
     126    1991                                                00010000D   1579
     126       0               8       0                               0D   1580
     126    1999                                                00010000D   1581
     126       0               5       0                               0D   1582
     126    2004                                                00010000D   1583
     126       0              10       0                               0D   1584
     126    2014                                                00010000D   1585
     126       0               5       0                               0D   1586
     126    2019                                                00010000D   1587
     126       0               5       0                               0D   1588
     126    2024                                                00010000D   1589
     126       0               5       0                               0D   1590
     126    2029                                                00010000D   1591
     126       0               9       0                               0D   1592
     126    2038                                                00010000D   1593
     126       0              10       0                               0D   1594
     126    2048                                                00010000D   1595
     126       0               5       0                               0D   1596
     126    2053                                                00010000D   1597
     126       0               5       0                               0D   1598
     126    2058                                                00010000D   1599
     126       0               7       0                               0D   1600
     126    2065                                                00010000D   1601
     126       0               3       0                               0D   1602
     126    2068                                                00010000D   1603
     126       0               5       0                               0D   1604
     126    2073                                                00010000D   1605
     126       0              10       0                               0D   1606
     126    2083                                                00010000D   1607
     126       0               5       0                               0D   1608
     126    2088                                                00010000D   1609
     126       0               4       0                               0D   1610
     126    2092                                                00010000D   1611
     126       0               8       0                               0D   1612
     126    2100                                                00010000D   1613
     126       0               5       0                               0D   1614
     126    2105                                                00010000D   1615
     126       0               9       0                               0D   1616
     126    2114                                                00010000D   1617
     126       0               5       0                               0D   1618
     126    2119                                                00010000D   1619
     126       0               5       0                               0D   1620
     126    2124                                                00010000D   1621
     126       0               5       0                               0D   1622
     126    2129                                                00010000D   1623
     126       0               9       0                               0D   1624
     126    2138                                                00010000D   1625
     126       0              10       0                               0D   1626
     126    2148                                                00010000D   1627
     126       0               5       0                               0D   1628
     126    2153                                                00010000D   1629
     126       0               5       0                               0D   1630
     126    2158                                                00010000D   1631
     126       0               7       0                               0D   1632
     126    2165                                                00010000D   1633
     126       0               3       0                               0D   1634
     126    2168                                                00010000D   1635
     126       0               5       0                               0D   1636
     126    2173                                                00010000D   1637
     126       0              10       0                               0D   1638
     126    2183                                                00010000D   1639
     126       0               5       0                               0D   1640
     126    2188                                                00010000D   1641
     126       0               5       0                               0D   1642
     126    2193                                                00010000D   1643
     126       0               8       0                               0D   1644
     126    2201                                                00010000D   1645
     126       0               5       0                               0D   1646
     126    2206                                                00010000D   1647
     126       0              10       0                               0D   1648
     126    2216                                                00010000D   1649
     126       0               5       0                               0D   1650
     126    2221                                                00010000D   1651
     126       0               5       0                               0D   1652
     126    2226                                                00010000D   1653
     126       0               5       0                               0D   1654
     126    2231                                                00010000D   1655
     126       0               9       0                               0D   1656
     126    2240                                                00010000D   1657
     126       0              10       0                               0D   1658
     126    2250                                                00010000D   1659
     126       0               5       0                               0D   1660
     126    2255                                                00010000D   1661
     126       0               5       0                               0D   1662
     126    2260                                                00010000D   1663
     126       0               7       0                               0D   1664
     126    2267                                                00010000D   1665
     126       0               3       0                               0D   1666
     126    2270                                                00010000D   1667
     126       0               5       0                               0D   1668
     126    2275                                                00010000D   1669
     126       0              10       0                               0D   1670
     126    2285                                                00010000D   1671
     126       0               5       0                               0D   1672
     126    2290                                                00010000D   1673
     126       0               5       0                               0D   1674
     126    2295                                                00010000D   1675
     126       0               8       0                               0D   1676
     126    2303                                                00010000D   1677
     126       0               5       0                               0D   1678
     126    2308                                                00010000D   1679
     126       0              10       0                               0D   1680
     126    2318                                                00010000D   1681
     126       0               5       0                               0D   1682
     126    2323                                                00010000D   1683
     126       0               5       0                               0D   1684
     126    2328                                                00010000D   1685
     126       0               5       0                               0D   1686
     126    2333                                                00010000D   1687
     126       0               9       0                               0D   1688
     126    2342                                                00010000D   1689
     126       0              10       0                               0D   1690
     126    2352                                                00010000D   1691
     126       0               5       0                               0D   1692
     126    2357                                                00010000D   1693
     126       0               5       0                               0D   1694
     126    2362                                                00010000D   1695
     126       0               7       0                               0D   1696
     126    2369                                                00010000D   1697
     126       0               3       0                               0D   1698
     126    2372                                                00010000D   1699
     126       0               5       0                               0D   1700
     126    2377                                                00010000D   1701
     126       0               9       0                               0D   1702
     126    2386                                                00010000D   1703
     126       0               5       0                               0D   1704
     126    2391                                                00010000D   1705
     126       0               5       0                               0D   1706
     126    2396                                                00010000D   1707
     126       0               8       0                               0D   1708
     126    2404                                                00010000D   1709
     126       0               5       0                               0D   1710
     126    2409                                                00010000D   1711
     126       0              10       0                               0D   1712
     126    2419                                                00010000D   1713
     126       0               5       0                               0D   1714
     126    2424                                                00010000D   1715
     126       0               5       0                               0D   1716
     126    2429                                                00010000D   1717
     126       0               5       0                               0D   1718
     126    2434                                                00010000D   1719
     126       0               9       0                               0D   1720
     126    2443                                                00010000D   1721
     126       0              10       0                               0D   1722
     126    2453                                                00010000D   1723
     126       0               5       0                               0D   1724
     126    2458                                                00010000D   1725
     126       0               5       0                               0D   1726
     126    2463                                                00010000D   1727
     126       0               7       0                               0D   1728
     126    2470                                                00010000D   1729
     126       0               3       0                               0D   1730
     126    2473                                                00010000D   1731
     126       0               5       0                               0D   1732
     126    2478                                                00010000D   1733
     126       0              10       0                               0D   1734
     126    2488                                                00010000D   1735
     126       0               5       0                               0D   1736
     126    2493                                                00010000D   1737
     126       0               5       0                               0D   1738
     126    2498                                                00010000D   1739
     126       0               8       0                               0D   1740
     126    2506                                                00010000D   1741
     126       0               5       0                               0D   1742
     126    2511                                                00010000D   1743
     126       0              10       0                               0D   1744
     126    2521                                                00010000D   1745
     126       0               5       0                               0D   1746
     126    2526                                                00010000D   1747
     126       0               5       0                               0D   1748
     126    2531                                                00010000D   1749
     126       0               5       0                               0D   1750
     126    2536                                                00010000D   1751
     126       0               9       0                               0D   1752
     126    2545                                                00010000D   1753
     126       0              10       0                               0D   1754
     126    2555                                                00010000D   1755
     126       0               5       0                               0D   1756
     126    2560                                                00010000D   1757
     126       0               5       0                               0D   1758
     126    2565                                                00010000D   1759
     126       0               7       0                               0D   1760
     126    2572                                                00010000D   1761
     126       0               3       0                               0D   1762
     126    2575                                                00010000D   1763
     126       0               5       0                               0D   1764
     126    2580                                                00010000D   1765
     126       0              10       0                               0D   1766
     126    2590                                                00010000D   1767
     126       0               5       0                               0D   1768
     126    2595                                                00010000D   1769
     126       0               4       0                               0D   1770
     126    2599                                                00010000D   1771
     126       0               8       0                               0D   1772
     126    2607                                                00010000D   1773
     126       0               5       0                               0D   1774
     126    2612                                                00010000D   1775
     126       0               9       0                               0D   1776
     126    2621                                                00010000D   1777
     126       0               5       0                               0D   1778
     126    2626                                                00010000D   1779
     126       0               5       0                               0D   1780
     126    2631                                                00010000D   1781
     126       0               5       0                               0D   1782
     126    2636                                                00010000D   1783
     126       0               9       0                               0D   1784
     126    2645                                                00010000D   1785
     126       0              10       0                               0D   1786
     126    2655                                                00010000D   1787
     126       0               5       0                               0D   1788
     126    2660                                                00010000D   1789
     126       0               5       0                               0D   1790
     126    2665                                                00010000D   1791
     126       0               7       0                               0D   1792
     126    2672                                                00010000D   1793
     126       0               3       0                               0D   1794
     126    2675                                                00010000D   1795
     126       0               5       0                               0D   1796
     126    2680                                                00010000D   1797
     126       0              10       0                               0D   1798
     126    2690                                                00010000D   1799
     126       0               5       0                               0D   1800
     126    2695                                                00010000D   1801
     126       0               5       0                               0D   1802
     126    2700                                                00010000D   1803
     126       0               8       0                               0D   1804
     126    2708                                                00010000D   1805
     126       0               5       0                               0D   1806
     126    2713                                                00010000D   1807
     126       0              10       0                               0D   1808
     126    2723                                                00010000D   1809
     126       0               5       0                               0D   1810
     126    2728                                                00010000D   1811
     126       0               5       0                               0D   1812
     126    2733                                                00010000D   1813
     126       0               5       0                               0D   1814
     126    2738                                                00010000D   1815
     126       0               9       0                               0D   1816
     126    2747                                                00010000D   1817
     126       0              10       0                               0D   1818
     126    2757                                                00010000D   1819
     126       0               5       0                               0D   1820
     126    2762                                                00010000D   1821
     126       0              10       0                               0D   1822
     126    2772                                                00010000D   1823
     126       0               5       0                               0D   1824
     126    2777                                                00010000D   1825
     126       0              10       0                               0D   1826
     126    2787                                                00010000D   1827
     126       0               3       0                               0D   1828
     126    2790                                                00010000D   1829
     126       0               5       0                               0D   1830
     126    2795                                                00010000D   1831
     126       0               5       0                               0D   1832
     126    2800                                                00010000D   1833
     126       0               8       0                               0D   1834
     126    2808                                                00010000D   1835
     126       0               5       0                               0D   1836
     126    2813                                                00010000D   1837
     126       0              10       0                               0D   1838
     126    2823                                                00010000D   1839
     126       0               9       0                               0D   1840
     126    2832                                                00010000D   1841
     126       0              10       0                               0D   1842
     126    2842                                                00010000D   1843
     126       0               5       0                               0D   1844
     126    2847                                                00010000D   1845
     126       0               9       0                               0D   1846
     126    2856                                                00010000D   1847
     126       0              10       0                               0D   1848
     126    2866                                                00010000D   1849
     126       0               9       0                               0D   1850
     126    2875                                                00010000D   1851
     126       0              10       0                               0D   1852
     126    2885                                                00010000D   1853
     126       0               5       0                               0D   1854
     126    2890                                                00010000D   1855
     126       0               9       0                               0D   1856
     126    2899                                                00010000D   1857
     126       0              10       0                               0D   1858
     126    2909                                                00010000D   1859
     126       0               9       0                               0D   1860
     126    2918                                                00010000D   1861
     126       0              10       0                               0D   1862
     126    2928                                                00010000D   1863
     126       0               5       0                               0D   1864
     126    2933                                                00010000D   1865
     126       0               9       0                               0D   1866
     126    2942                                                00010000D   1867
     126       0              10       0                               0D   1868
     126    2952                                                00010000D   1869
     126       0               9       0                               0D   1870
     126    2961                                                00010000D   1871
     126       0              10       0                               0D   1872
     126    2971                                                00010000D   1873
     126       0               5       0                               0D   1874
     126    2976                                                00010000D   1875
     126       0               9       0                               0D   1876
     126    2985                                                00010000D   1877
     126       0              10       0                               0D   1878
     126    2995                                                00010000D   1879
     126       0               9       0                               0D   1880
     126    3004                                                00010000D   1881
     126       0              10       0                               0D   1882
     126    3014                                                00010000D   1883
     126       0               5       0                               0D   1884
     126    3019                                                00010000D   1885
     126       0               9       0                               0D   1886
     126    3028                                                00010000D   1887
     126       0              10       0                               0D   1888
     126    3038                                                00010000D   1889
     126       0               9       0                               0D   1890
     126    3047                                                00010000D   1891
     126       0              10       0                               0D   1892
     126    3057                                                00010000D   1893
     126       0               5       0                               0D   1894
     126    3062                                                00010000D   1895
     126       0               9       0                               0D   1896
     126    3071                                                00010000D   1897
     126       0              10       0                               0D   1898
     126    3081                                                00010000D   1899
     126       0               9       0                               0D   1900
     126    3090                                                00010000D   1901
     126       0              10       0                               0D   1902
     126    3100                                                00010000D   1903
     126       0               5       0                               0D   1904
     126    3105                                                00010000D   1905
     126       0               9       0                               0D   1906
     126    3114                                                00010000D   1907
     126       0              10       0                               0D   1908
     126    3124                                                00010000D   1909
     126       0               9       0                               0D   1910
     126    3133                                                00010000D   1911
     126       0              10       0                               0D   1912
     126    3143                                                00010000D   1913
     126       0               5       0                               0D   1914
     126    3148                                                00010000D   1915
     126       0               9       0                               0D   1916
     126    3157                                                00010000D   1917
     126       0              10       0                               0D   1918
     126    3167                                                00010000D   1919
     126       0               9       0                               0D   1920
     126    3176                                                00010000D   1921
     126       0              10       0                               0D   1922
     126    3186                                                00010000D   1923
     126       0               5       0                               0D   1924
     126    3191                                                00010000D   1925
     126       0               9       0                               0D   1926
     126    3200                                                00010000D   1927
     126       0              10       0                               0D   1928
     126    3210                                                00010000D   1929
     126       0               9       0                               0D   1930
     126    3219                                                00010000D   1931
     126       0              10       0                               0D   1932
     126    3229                                                00010000D   1933
     126       0               5       0                               0D   1934
     126    3234                                                00010000D   1935
     126       0               9       0                               0D   1936
     126    3243                                                00010000D   1937
     126       0              10       0                               0D   1938
     126    3253                                                00010000D   1939
     126       0               9       0                               0D   1940
     126    3262                                                00010000D   1941
     126       0              10       0                               0D   1942
     126    3272                                                00010000D   1943
     126       0               5       0                               0D   1944
     126    3277                                                00010000D   1945
     126       0               9       0                               0D   1946
     126    3286                                                00010000D   1947
     126       0              10       0                               0D   1948
     126    3296                                                00010000D   1949
     126       0               9       0                               0D   1950
     126    3305                                                00010000D   1951
     126       0              10       0                               0D   1952
     126    3315                                                00010000D   1953
     126       0               5       0                               0D   1954
     126    3320                                                00010000D   1955
     126       0               9       0                               0D   1956
     126    3329                                                00010000D   1957
     126       0              10       0                               0D   1958
     126    3339                                                00010000D   1959
     126       0               9       0                               0D   1960
     126    3348                                                00010000D   1961
     126       0              10       0                               0D   1962
     126    3358                                                00010000D   1963
     126       0               5       0                               0D   1964
     126    3363                                                00010000D   1965
     126       0               9       0                               0D   1966
     126    3372                                                00010000D   1967
     126       0              10       0                               0D   1968
     126    3382                                                00010000D   1969
     126       0               9       0                               0D   1970
     126    3391                                                00010000D   1971
     126       0              10       0                               0D   1972
     126    3401                                                00010000D   1973
     126       0               5       0                               0D   1974
     126    3406                                                00010000D   1975
     126       0               9       0                               0D   1976
     126    3415                                                00010000D   1977
     126       0              10       0                               0D   1978
     126    3425                                                00010000D   1979
     126       0               9       0                               0D   1980
     126    3434                                                00010000D   1981
     126       0              10       0                               0D   1982
     126    3444                                                00010000D   1983
     126       0               6       0                               0D   1984
     126    3450                                                00010000D   1985
     126       0               9       0                               0D   1986
     126    3459                                                00010000D   1987
     126       0              10       0                               0D   1988
     126    3469                                                00010000D   1989
     126       0               9       0                               0D   1990
     126    3478                                                00010000D   1991
     126       0              10       0                               0D   1992
     126    3488                                                00010000D   1993
     126       0               6       0                               0D   1994
     126    3494                                                00010000D   1995
     126       0               9       0                               0D   1996
     126    3503                                                00010000D   1997
     126       0              10       0                               0D   1998
     126    3513                                                00010000D   1999
     126       0               9       0                               0D   2000
     126    3522                                                00010000D   2001
     126       0              10       0                               0D   2002
     126    3532                                                00010000D   2003
     126       0               5       0                               0D   2004
     126    3537                                                00010000D   2005
     126       0               9       0                               0D   2006
     126    3546                                                00010000D   2007
     126       0              10       0                               0D   2008
     126    3556                                                00010000D   2009
     126       0               9       0                               0D   2010
     126    3565                                                00010000D   2011
     126       0              10       0                               0D   2012
     126    3575                                                00010000D   2013
     126       0               5       0                               0D   2014
     126    3580                                                00010000D   2015
     126       0               9       0                               0D   2016
     126    3589                                                00010000D   2017
     126       0              10       0                               0D   2018
     126    3599                                                00010000D   2019
     126       0               9       0                               0D   2020
     126    3608                                                00010000D   2021
     126       0              10       0                               0D   2022
     126    3618                                                00010000D   2023
     126       0               5       0                               0D   2024
     126    3623                                                00010000D   2025
     126       0               9       0                               0D   2026
     126    3632                                                00010000D   2027
     126       0              10       0                               0D   2028
     126    3642                                                00010000D   2029
     126       0               9       0                               0D   2030
     126    3651                                                00010000D   2031
     126       0              10       0                               0D   2032
     126    3661                                                00010000D   2033
     126       0               5       0                               0D   2034
     126    3666                                                00010000D   2035
     126       0               9       0                               0D   2036
     126    3675                                                00010000D   2037
     126       0              10       0                               0D   2038
     126    3685                                                00010000D   2039
     126       0               3       0                               0D   2040
     126    3688                                                00010000D   2041
     126       0               3       0                               0D   2042
     126    3691                                                00010000D   2043
     126       0               3       0                               0D   2044
     126    3694                                                00010000D   2045
     126       0               3       0                               0D   2046
     126    3697                                                00010000D   2047
     126       0               3       0                               0D   2048
     126    3700                                                00010000D   2049
     126       0               3       0                               0D   2050
     126    3703                                                00010000D   2051
     126       0               2       0                               0D   2052
     126    3705                                                00010000D   2053
     126       0               3       0                               0D   2054
     126    3708                                                00010000D   2055
     126       0               3       0                               0D   2056
     126    3711                                                00010000D   2057
     126       0               2       0                               0D   2058
     126    3713                                                00010000D   2059
     126       0               3       0                               0D   2060
     126    3716                                                00010000D   2061
     126       0               3       0                               0D   2062
     126    3719                                                00010000D   2063
     126       0               3       0                               0D   2064
     126    3722                                                00010000D   2065
     126       0               3       0                               0D   2066
     126    3725                                                00010000D   2067
     126       0               3       0                               0D   2068
     126    3728                                                00010000D   2069
     126       0               3       0                               0D   2070
     126    3731                                                00010000D   2071
     126       0               3       0                               0D   2072
     126    3734                                                00010000D   2073
     126       0               3       0                               0D   2074
     126    3737                                                00010000D   2075
     126       0               3       0                               0D   2076
     126    3740                                                00010000D   2077
     126       0               3       0                               0D   2078
     126    3743                                                00010000D   2079
     126       0              11       0                               0D   2080
     126    3754                                                00010000D   2081
     126       0               6       0                               0D   2082
     126    3760                                                00010000D   2083
     126       0               6       0                               0D   2084
     126    3766                                                00010000D   2085
     126       0               6       0                               0D   2086
     126    3772                                                00010000D   2087
     126       0               6       0                               0D   2088
     126    3778                                                00010000D   2089
     126       0               6       0                               0D   2090
     126    3784                                                00010000D   2091
     126       0               6       0                               0D   2092
     126    3790                                                00010000D   2093
     126       0               6       0                               0D   2094
     126    3796                                                00010000D   2095
     126       0               6       0                               0D   2096
     126    3802                                                00010000D   2097
     126       0               6       0                               0D   2098
     126    3808                                                00010000D   2099
     126       0               6       0                               0D   2100
     126    3814                                                00010000D   2101
     126       0               6       0                               0D   2102
     126    3820                                                00010000D   2103
     126       0               6       0                               0D   2104
     126    3826                                                00010000D   2105
     126       0               6       0                               0D   2106
     126    3832                                                00010000D   2107
     126       0               6       0                               0D   2108
     126    3838                                                00010000D   2109
     126       0               6       0                               0D   2110
     126    3844                                                00010000D   2111
     126       0               6       0                               0D   2112
     126    3850                                                00010000D   2113
     126       0               6       0                               0D   2114
     126    3856                                                00010000D   2115
     126       0               6       0                               0D   2116
     126    3862                                                00010000D   2117
     126       0               6       0                               0D   2118
     126    3868                                                00010000D   2119
     126       0               6       0                               0D   2120
     126    3874                                                00010000D   2121
     126       0               9       0                               0D   2122
     126    3883                                                00010000D   2123
     126       0               4       0                               0D   2124
     126    3887                                                00010000D   2125
     126       0              10       0                               0D   2126
     126    3897                                                00010000D   2127
     126       0               3       0                               0D   2128
     126    3900                                                00010000D   2129
     126       0               5       0                               0D   2130
     126    3905                                                00010000D   2131
     126       0               7       0                               0D   2132
     126    3912                                                00010000D   2133
     126       0               5       0                               0D   2134
     126    3917                                                00010000D   2135
     126       0               6       0                               0D   2136
     126    3923                                                00010000D   2137
     126       0               7       0                               0D   2138
     126    3930                                                00010000D   2139
     126       0               8       0                               0D   2140
     126    3938                                                00010000D   2141
     126       0               6       0                               0D   2142
     126    3944                                                00010000D   2143
     126       0               6       0                               0D   2144
     126    3950                                                00010000D   2145
     126       0               8       0                               0D   2146
     126    3958                                                00010000D   2147
     126       0               8       0                               0D   2148
     126    3966                                                00010000D   2149
     126       0               7       0                               0D   2150
     126    3973                                                00010000D   2151
     126       0               6       0                               0D   2152
     126    3979                                                00010000D   2153
     126       0               8       0                               0D   2154
     126    3987                                                00010000D   2155
     126       0               8       0                               0D   2156
     126    3995                                                00010000D   2157
     126       0               6       0                               0D   2158
     126    4001                                                00010000D   2159
     126       0               6       0                               0D   2160
     126    4007                                                00010000D   2161
     126       0               8       0                               0D   2162
     126    4015                                                00010000D   2163
     126       0               8       0                               0D   2164
     126    4023                                                00010000D   2165
     126       0              10       0                               0D   2166
     126    4033                                                00010000D   2167
     126       0               3       0                               0D   2168
     126    4036                                                00010000D   2169
     126       0               6       0                               0D   2170
     126    4042                                                00010000D   2171
     126       0               5       0                               0D   2172
     126    4047                                                00010000D   2173
     126       0               3       0                               0D   2174
     126    4050                                                00010000D   2175
     126       0              10       0                               0D   2176
     126    4060                                                00010000D   2177
     126       0               5       0                               0D   2178
     126    4065                                                00010000D   2179
     126       0               8       0                               0D   2180
     126    4073                                                00010000D   2181
     126       0               9       0                               0D   2182
     126    4082                                                00010000D   2183
     126       0              12       0                               0D   2184
     126    4094                                                00010000D   2185
     126       0              10       0                               0D   2186
     126    4104                                                00010000D   2187
     126       0              12       0                               0D   2188
     126    4116                                                00010000D   2189
     126       0               9       0                               0D   2190
     126    4125                                                00010000D   2191
     126       0              12       0                               0D   2192
     126    4137                                                00010000D   2193
     126       0               9       0                               0D   2194
     126    4146                                                00010000D   2195
     126       0              12       0                               0D   2196
     126    4158                                                00010000D   2197
     126       0               5       0                               0D   2198
     126    4163                                                00010000D   2199
     126       0               5       0                               0D   2200
     126    4168                                                00010000D   2201
     126       0               5       0                               0D   2202
     126    4173                                                00010000D   2203
     126       0               9       0                               0D   2204
     126    4182                                                00010000D   2205
     126       0              10       0                               0D   2206
     126    4192                                                00010000D   2207
     126       0               5       0                               0D   2208
     126    4197                                                00010000D   2209
     126       0               8       0                               0D   2210
     126    4205                                                00010000D   2211
     126       0               3       0                               0D   2212
     126    4208                                                00010000D   2213
     126       0               5       0                               0D   2214
     126    4213                                                00010000D   2215
     126       0               9       0                               0D   2216
     126    4222                                                00010000D   2217
     126       0               5       0                               0D   2218
     126    4227                                                00010000D   2219
     126       0               5       0                               0D   2220
     126    4232                                                00010000D   2221
     126       0               9       0                               0D   2222
     126    4241                                                00010000D   2223
     126       0               5       0                               0D   2224
     126    4246                                                00010000D   2225
     126       0              10       0                               0D   2226
     126    4256                                                00010000D   2227
     126       0               4       0                               0D   2228
     126    4260                                                00010000D   2229
     126       0              12       0                               0D   2230
     126    4272                                                00010000D   2231
     126       0              12       0                               0D   2232
     126    4284                                                00010000D   2233
     126       0               4       0                               0D   2234
     126    4288                                                00010000D   2235
     126       0               3       0                               0D   2236
     126    4291                                                00010000D   2237
     126       0               9       0                               0D   2238
     126    4300                                                00010000D   2239
     126       0               9       0                               0D   2240
     126    4309                                                00010000D   2241
     126       0               3       0                               0D   2242
     126    4312                                                00010000D   2243
     126       0               4       0                               0D   2244
     126    4316                                                00010000D   2245
     126       0              12       0                               0D   2246
     126    4328                                                00010000D   2247
     126       0              12       0                               0D   2248
     126    4340                                                00010000D   2249
     126       0               4       0                               0D   2250
     126    4344                                                00010000D   2251
     126       0               3       0                               0D   2252
     126    4347                                                00010000D   2253
     126       0               9       0                               0D   2254
     126    4356                                                00010000D   2255
     126       0               9       0                               0D   2256
     126    4365                                                00010000D   2257
     126       0               3       0                               0D   2258
     126    4368                                                00010000D   2259
     126       0               4       0                               0D   2260
     126    4372                                                00010000D   2261
     126       0              12       0                               0D   2262
     126    4384                                                00010000D   2263
     126       0              12       0                               0D   2264
     126    4396                                                00010000D   2265
     126       0               4       0                               0D   2266
     126    4400                                                00010000D   2267
     126       0               3       0                               0D   2268
     126    4403                                                00010000D   2269
     126       0              10       0                               0D   2270
     126    4413                                                00010000D   2271
     126       0              10       0                               0D   2272
     126    4423                                                00010000D   2273
     126       0               3       0                               0D   2274
     126    4426                                                00010000D   2275
     126       0               4       0                               0D   2276
     126    4430                                                00010000D   2277
     126       0              12       0                               0D   2278
     126    4442                                                00010000D   2279
     126       0              12       0                               0D   2280
     126    4454                                                00010000D   2281
     126       0               4       0                               0D   2282
     126    4458                                                00010000D   2283
     126       0               3       0                               0D   2284
     126    4461                                                00010000D   2285
     126       0               9       0                               0D   2286
     126    4470                                                00010000D   2287
     126       0               9       0                               0D   2288
     126    4479                                                00010000D   2289
     126       0               3       0                               0D   2290
     126    4482                                                00010000D   2291
     126       0               9       0                               0D   2292
     126    4491                                                00010000D   2293
     126       0               5       0                               0D   2294
     126    4496                                                00010000D   2295
     126       0               9       0                               0D   2296
     126    4505                                                00010000D   2297
     126       0               5       0                               0D   2298
     126    4510                                                00010000D   2299
     126       0               8       0                               0D   2300
     126    4518                                                00010000D   2301
     126       0               2       0                               0D   2302
     126    4520                                                00010000D   2303
     126       0               5       0                               0D   2304
     126    4525                                                00010000D   2305
     126       0               7       0                               0D   2306
     126    4532                                                00010000D   2307
     126       0               2       0                               0D   2308
     126    4534                                                00010000D   2309
     126       0               6       0                               0D   2310
     128    4540                                                00010000D   2311
     128       0   -2789      20       0                               0D   2312
     128    4560                                                00010000D   2313
     128       0   -2789      14       0                               0D   2314
     128    4574                                                00010000D   2315
     128       0   -2789       4       0                               0D   2316
     128    4578                                                00010000D   2317
     128       0   -2789      20       0                               0D   2318
     128    4598                                                00010000D   2319
     128       0   -2789       4       0                               0D   2320
     128    4602                                                00010000D   2321
     128       0   -2789      13       0                               0D   2322
     128    4615                                                00010000D   2323
     128       0   -2789      20       0                               0D   2324
     128    4635                                                00010000D   2325
     128       0   -2789      14       0                               0D   2326
     128    4649                                                00010000D   2327
     128       0   -2789       4       0                               0D   2328
     128    4653                                                00010000D   2329
     128       0   -2789      20       0                               0D   2330
     128    4673                                                00010000D   2331
     128       0   -2789       4       0                               0D   2332
     128    4677                                                00010000D   2333
     128       0   -2789      22       0                               0D   2334
     128    4699                                                00010000D   2335
     128       0   -2789      16       0                               0D   2336
     128    4715                                                00010000D   2337
     128       0   -2789       4       0                               0D   2338
     128    4719                                                00010000D   2339
     128       0   -2789      20       0                               0D   2340
     128    4739                                                00010000D   2341
     128       0   -2789       4       0                               0D   2342
     128    4743                                                00010000D   2343
     128       0   -2789      20       0                               0D   2344
     128    4763                                                00010000D   2345
     128       0   -2789      14       0                               0D   2346
     128    4777                                                00010000D   2347
     128       0   -2789       4       0                               0D   2348
     128    4781                                                00010000D   2349
     128       0   -2789      20       0                               0D   2350
     128    4801                                                00010000D   2351
     128       0   -2789       4       0                               0D   2352
     128    4805                                                00010000D   2353
     128       0   -2789      22       0                               0D   2354
     128    4827                                                00010000D   2355
     128       0   -2789      16       0                               0D   2356
     128    4843                                                00010000D   2357
     128       0   -2789       4       0                               0D   2358
     128    4847                                                00010000D   2359
     128       0   -2789      20       0                               0D   2360
     128    4867                                                00010000D   2361
     128       0   -2789       4       0                               0D   2362
     128    4871                                                00010000D   2363
     128       0   -2789      26       0                               0D   2364
     128    4897                                                00010000D   2365
     128       0   -2789      16       0                               0D   2366
     128    4913                                                00010000D   2367
     128       0   -2789       5       0                               0D   2368
     128    4918                                                00010000D   2369
     128       0   -2789      20       0                               0D   2370
     128    4938                                                00010000D   2371
     128       0   -2789       4       0                               0D   2372
     128    4942                                                00010000D   2373
     128       0   -2789      26       0                               0D   2374
     128    4968                                                00010000D   2375
     128       0   -2789      16       0                               0D   2376
     128    4984                                                00010000D   2377
     128       0   -2789       5       0                               0D   2378
     128    4989                                                00010000D   2379
     128       0   -2789      20       0                               0D   2380
     128    5009                                                00010000D   2381
     128       0   -2789       4       0                               0D   2382
     128    5013                                                00010000D   2383
     128       0   -2789      26       0                               0D   2384
     128    5039                                                00010000D   2385
     128       0   -2789      16       0                               0D   2386
     128    5055                                                00010000D   2387
     128       0   -2789       5       0                               0D   2388
     128    5060                                                00010000D   2389
     128       0   -2789      20       0                               0D   2390
     128    5080                                                00010000D   2391
     128       0   -2789       4       0                               0D   2392
     128    5084                                                00010000D   2393
     128       0   -2789      21       0                               0D   2394
     128    5105                                                00010000D   2395
     128       0   -2789      15       0                               0D   2396
     128    5120                                                00010000D   2397
     128       0   -2789       4       0                               0D   2398
     128    5124                                                00010000D   2399
     128       0   -2789      20       0                               0D   2400
     128    5144                                                00010000D   2401
     128       0   -2789       4       0                               0D   2402
     128    5148                                                00010000D   2403
     128       0   -2789      21       0                               0D   2404
     128    5169                                                00010000D   2405
     128       0   -2789      15       0                               0D   2406
     128    5184                                                00010000D   2407
     128       0   -2789       4       0                               0D   2408
     128    5188                                                00010000D   2409
     128       0   -2789      20       0                               0D   2410
     128    5208                                                00010000D   2411
     128       0   -2789       4       0                               0D   2412
     128    5212                                                00010000D   2413
     128       0   -2789      20       0                               0D   2414
     128    5232                                                00010000D   2415
     128       0   -2789      14       0                               0D   2416
     128    5246                                                00010000D   2417
     128       0   -2789       4       0                               0D   2418
     128    5250                                                00010000D   2419
     128       0   -2789      20       0                               0D   2420
     128    5270                                                00010000D   2421
     128       0   -2789       4       0                               0D   2422
     128    5274                                                00010000D   2423
     128       0   -2789      21       0                               0D   2424
     128    5295                                                00010000D   2425
     128       0   -2789      14       0                               0D   2426
     128    5309                                                00010000D   2427
     128       0   -2789       4       0                               0D   2428
     128    5313                                                00010000D   2429
     128       0   -2789      20       0                               0D   2430
     128    5333                                                00010000D   2431
     128       0   -2789       4       0                               0D   2432
     128    5337                                                00010000D   2433
     128       0   -2789      21       0                               0D   2434
     128    5358                                                00010000D   2435
     128       0   -2789      15       0                               0D   2436
     128    5373                                                00010000D   2437
     128       0   -2789       4       0                               0D   2438
     128    5377                                                00010000D   2439
     128       0   -2789      20       0                               0D   2440
     128    5397                                                00010000D   2441
     128       0   -2789       4       0                               0D   2442
     128    5401                                                00010000D   2443
     128       0   -2789      21       0                               0D   2444
     128    5422                                                00010000D   2445
     128       0   -2789      15       0                               0D   2446
     128    5437                                                00010000D   2447
     128       0   -2789       4       0                               0D   2448
     128    5441                                                00010000D   2449
     128       0   -2789      20       0                               0D   2450
     128    5461                                                00010000D   2451
     128       0   -2789       4       0                               0D   2452
     128    5465                                                00010000D   2453
     128       0   -2789      21       0                               0D   2454
     128    5486                                                00010000D   2455
     128       0   -2789      15       0                               0D   2456
     128    5501                                                00010000D   2457
     128       0   -2789       4       0                               0D   2458
     128    5505                                                00010000D   2459
     128       0   -2789      20       0                               0D   2460
     128    5525                                                00010000D   2461
     128       0   -2789       4       0                               0D   2462
     128    5529                                                00010000D   2463
     128       0   -2789      20       0                               0D   2464
     128    5549                                                00010000D   2465
     128       0   -2789      14       0                               0D   2466
     128    5563                                                00010000D   2467
     128       0   -2789       4       0                               0D   2468
     128    5567                                                00010000D   2469
     128       0   -2789      20       0                               0D   2470
     128    5587                                                00010000D   2471
     128       0   -2789       4       0                               0D   2472
     128    5591                                                00010000D   2473
     128       0   -2789      21       0                               0D   2474
     128    5612                                                00010000D   2475
     128       0   -2789      14       0                               0D   2476
     128    5626                                                00010000D   2477
     128       0   -2789       4       0                               0D   2478
     128    5630                                                00010000D   2479
     128       0   -2789      20       0                               0D   2480
     128    5650                                                00010000D   2481
     128       0   -2789       4       0                               0D   2482
     128    5654                                                00010000D   2483
     128       0   -2789      21       0                               0D   2484
     128    5675                                                00010000D   2485
     128       0   -2789      15       0                               0D   2486
     128    5690                                                00010000D   2487
     128       0   -2789       4       0                               0D   2488
     128    5694                                                00010000D   2489
     128       0   -2789      20       0                               0D   2490
     128    5714                                                00010000D   2491
     128       0   -2789       4       0                               0D   2492
     128    5718                                                00010000D   2493
     128       0   -2789      21       0                               0D   2494
     128    5739                                                00010000D   2495
     128       0   -2789      15       0                               0D   2496
     128    5754                                                00010000D   2497
     128       0   -2789       4       0                               0D   2498
     128    5758                                                00010000D   2499
     128       0   -2789      20       0                               0D   2500
     128    5778                                                00010000D   2501
     128       0   -2789       4       0                               0D   2502
     128    5782                                                00010000D   2503
     128       0   -2789      21       0                               0D   2504
     128    5803                                                00010000D   2505
     128       0   -2789       4       0                               0D   2506
     128    5807                                                00010000D   2507
     128       0   -2789      15       0                               0D   2508
     128    5822                                                00010000D   2509
     128       0   -2789      20       0                               0D   2510
     128    5842                                                00010000D   2511
     128       0   -2789       4       0                               0D   2512
     128    5846                                                00010000D   2513
     128       0   -2789       4       0                               0D   2514
     128    5850                                                00010000D   2515
     128       0   -2789      28       0                               0D   2516
     128    5878                                                00010000D   2517
     128       0   -2789       5       0                               0D   2518
     128    5883                                                00010000D   2519
     128       0   -2789       4       0                               0D   2520
     128    5887                                                00010000D   2521
     128       0   -2789      28       0                               0D   2522
     128    5915                                                00010000D   2523
     128       0   -2789       5       0                               0D   2524
     128    5920                                                00010000D   2525
     128       0   -2789       4       0                               0D   2526
     128    5924                                                00010000D   2527
     128       0   -2789      28       0                               0D   2528
     128    5952                                                00010000D   2529
     128       0   -2789       4       0                               0D   2530
     128    5956                                                00010000D   2531
     128       0   -2789       4       0                               0D   2532
     128    5960                                                00010000D   2533
     128       0   -2789      28       0                               0D   2534
     128    5988                                                00010000D   2535
     128       0   -2789       5       0                               0D   2536
     128    5993                                                00010000D   2537
     128       0   -2789       4       0                               0D   2538
     128    5997                                                00010000D   2539
     128       0   -2789      28       0                               0D   2540
     128    6025                                                00010000D   2541
     128       0   -2789       5       0                               0D   2542
     128    6030                                                00010000D   2543
     128       0   -2789       4       0                               0D   2544
     128    6034                                                00010000D   2545
     128       0   -2789      28       0                               0D   2546
     128    6062                                                00010000D   2547
     128       0   -2789       5       0                               0D   2548
     128    6067                                                00010000D   2549
     128       0   -2789       4       0                               0D   2550
     128    6071                                                00010000D   2551
     128       0   -2789      28       0                               0D   2552
     128    6099                                                00010000D   2553
     128       0   -2789       5       0                               0D   2554
     128    6104                                                00010000D   2555
     128       0   -2789       4       0                               0D   2556
     128    6108                                                00010000D   2557
     128       0   -2789      28       0                               0D   2558
     128    6136                                                00010000D   2559
     128       0   -2789       4       0                               0D   2560
     128    6140                                                00010000D   2561
     128       0   -2789       4       0                               0D   2562
     128    6144                                                00010000D   2563
     128       0   -2789      29       0                               0D   2564
     128    6173                                                00010000D   2565
     128       0   -2789       5       0                               0D   2566
     128    6178                                                00010000D   2567
     128       0   -2789       4       0                               0D   2568
     128    6182                                                00010000D   2569
     128       0   -2789      29       0                               0D   2570
     128    6211                                                00010000D   2571
     128       0   -2789       5       0                               0D   2572
     128    6216                                                00010000D   2573
     128       0   -2789       4       0                               0D   2574
     128    6220                                                00010000D   2575
     128       0   -2789      28       0                               0D   2576
     128    6248                                                00010000D   2577
     128       0   -2789       5       0                               0D   2578
     128    6253                                                00010000D   2579
     128       0   -2789       4       0                               0D   2580
     128    6257                                                00010000D   2581
     128       0   -2789      29       0                               0D   2582
     128    6286                                                00010000D   2583
     128       0   -2789       5       0                               0D   2584
     128    6291                                                00010000D   2585
     128       0   -2789       4       0                               0D   2586
     128    6295                                                00010000D   2587
     128       0   -2789      28       0                               0D   2588
     128    6323                                                00010000D   2589
     128       0   -2789       5       0                               0D   2590
     128    6328                                                00010000D   2591
     128       0   -2789       4       0                               0D   2592
     128    6332                                                00010000D   2593
     128       0   -2789      29       0                               0D   2594
     128    6361                                                00010000D   2595
     128       0   -2789       5       0                               0D   2596
     128    6366                                                00010000D   2597
     128       0   -2789       4       0                               0D   2598
     128    6370                                                00010000D   2599
     128       0   -2789      30       0                               0D   2600
     128    6400                                                00010000D   2601
     128       0   -2789       5       0                               0D   2602
     128    6405                                                00010000D   2603
     128       0   -2789       4       0                               0D   2604
     128    6409                                                00010000D   2605
     128       0   -2789      29       0                               0D   2606
     128    6438                                                00010000D   2607
     128       0   -2789       5       0                               0D   2608
     128    6443                                                00010000D   2609
     128       0   -2789       4       0                               0D   2610
     128    6447                                                00010000D   2611
     128       0   -2789      29       0                               0D   2612
     128    6476                                                00010000D   2613
     128       0   -2789       5       0                               0D   2614
     128    6481                                                00010000D   2615
     128       0   -2789       4       0                               0D   2616
     128    6485                                                00010000D   2617
     128       0   -2789      28       0                               0D   2618
     128    6513                                                00010000D   2619
     128       0   -2789       5       0                               0D   2620
     128    6518                                                00010000D   2621
     128       0   -2789       4       0                               0D   2622
     128    6522                                                00010000D   2623
     128       0   -2789      29       0                               0D   2624
     128    6551                                                00010000D   2625
     128       0   -2789       5       0                               0D   2626
     128    6556                                                00010000D   2627
     128       0   -2789       4       0                               0D   2628
     128    6560                                                00010000D   2629
     128       0   -2789      29       0                               0D   2630
     128    6589                                                00010000D   2631
     128       0   -2789       5       0                               0D   2632
     128    6594                                                00010000D   2633
     128       0   -2789      14       0                               0D   2634
     128    6608                                                00010000D   2635
     128       0   -2789      14       0                               0D   2636
     128    6622                                                00010000D   2637
     128       0   -2789      13       0                               0D   2638
     128    6635                                                00010000D   2639
     128       0   -2789      13       0                               0D   2640
     128    6648                                                00010000D   2641
     128       0   -2789      14       0                               0D   2642
     128    6662                                                00010000D   2643
     128       0   -2789      14       0                               0D   2644
     128    6676                                                00010000D   2645
     128       0   -2789      13       0                               0D   2646
     128    6689                                                00010000D   2647
     128       0   -2789      13       0                               0D   2648
     128    6702                                                00010000D   2649
     128       0   -2789      13       0                               0D   2650
     128    6715                                                00010000D   2651
     128       0   -2789      13       0                               0D   2652
     128    6728                                                00010000D   2653
     128       0   -2789      14       0                               0D   2654
     128    6742                                                00010000D   2655
     128       0   -2789      13       0                               0D   2656
     128    6755                                                00010000D   2657
     128       0   -2789      13       0                               0D   2658
     128    6768                                                00010000D   2659
     128       0   -2789      13       0                               0D   2660
     128    6781                                                00010000D   2661
     128       0   -2789      13       0                               0D   2662
     128    6794                                                00010000D   2663
     128       0   -2789      13       0                               0D   2664
     128    6807                                                00010000D   2665
     128       0   -2789      13       0                               0D   2666
     128    6820                                                00010000D   2667
     128       0   -2789      15       0                               0D   2668
     128    6835                                                00010000D   2669
     128       0   -2789      13       0                               0D   2670
     128    6848                                                00010000D   2671
     128       0   -2789      15       0                               0D   2672
     128    6863                                                00010000D   2673
     128       0   -2789      28       0                               0D   2674
     128    6891                                                00010000D   2675
     128       0   -2789      29       0                               0D   2676
     128    6920                                                00010000D   2677
     128       0   -2789      28       0                               0D   2678
     128    6948                                                00010000D   2679
     128       0   -2789      29       0                               0D   2680
     128    6977                                                00010000D   2681
     128       0   -2789      29       0                               0D   2682
     128    7006                                                00010000D   2683
     128       0   -2789      28       0                               0D   2684
     128    7034                                                00010000D   2685
     128       0   -2789      29       0                               0D   2686
     128    7063                                                00010000D   2687
     128       0   -2789      28       0                               0D   2688
     128    7091                                                00010000D   2689
     128       0   -2789      30       0                               0D   2690
     128    7121                                                00010000D   2691
     128       0   -2789      30       0                               0D   2692
     128    7151                                                00010000D   2693
     128       0   -2789      29       0                               0D   2694
     128    7180                                                00010000D   2695
     128       0   -2789      30       0                               0D   2696
     128    7210                                                00010000D   2697
     128       0   -2789      29       0                               0D   2698
     128    7239                                                00010000D   2699
     128       0   -2789      30       0                               0D   2700
     128    7269                                                00010000D   2701
     128       0   -2789      30       0                               0D   2702
     128    7299                                                00010000D   2703
     128       0   -2789      29       0                               0D   2704
     128    7328                                                00010000D   2705
     128       0   -2789      30       0                               0D   2706
     128    7358                                                00010000D   2707
     128       0   -2789      29       0                               0D   2708
     128    7387                                                00010000D   2709
     128       0   -2789      30       0                               0D   2710
     128    7417                                                00010000D   2711
     128       0   -2789      30       0                               0D   2712
     128    7447                                                00010000D   2713
     128       0   -2789      19       0                               0D   2714
     128    7466                                                00010000D   2715
     128       0   -2789      14       0                               0D   2716
     128    7480                                                00010000D   2717
     128       0   -2789       4       0                               0D   2718
     128    7484                                                00010000D   2719
     128       0   -2789      13       0                               0D   2720
     128    7497                                                00010000D   2721
     128       0   -2789      13       0                               0D   2722
     128    7510                                                00010000D   2723
     128       0   -2789       4       0                               0D   2724
     128    7514                                                00010000D   2725
     128       0   -2789      20       0                               0D   2726
     128    7534                                                00010000D   2727
     128       0   -2789      14       0                               0D   2728
     128    7548                                                00010000D   2729
     128       0   -2789       4       0                               0D   2730
     128    7552                                                00010000D   2731
     128       0   -2789      21       0                               0D   2732
     128    7573                                                00010000D   2733
     128       0   -2789       4       0                               0D   2734
     128    7577                                                00010000D   2735
     128       0   -2789      21       0                               0D   2736
     128    7598                                                00010000D   2737
     128       0   -2789      21       0                               0D   2738
     128    7619                                                00010000D   2739
     128       0   -2789      16       0                               0D   2740
     128    7635                                                00010000D   2741
     128       0   -2789      16       0                               0D   2742
     128    7651                                                00010000D   2743
     128       0   -2789      21       0                               0D   2744
     128    7672                                                00010000D   2745
     128       0   -2789      21       0                               0D   2746
     128    7693                                                00010000D   2747
     128       0   -2789      16       0                               0D   2748
     128    7709                                                00010000D   2749
     128       0   -2789      16       0                               0D   2750
     128    7725                                                00010000D   2751
     128       0   -2789      21       0                               0D   2752
     128    7746                                                00010000D   2753
     128       0   -2789      21       0                               0D   2754
     128    7767                                                00010000D   2755
     128       0   -2789      13       0                               0D   2756
     128    7780                                                00010000D   2757
     128       0   -2789      14       0                               0D   2758
     128    7794                                                00010000D   2759
     128       0   -2789      21       0                               0D   2760
     128    7815                                                00010000D   2761
     128       0   -2789      21       0                               0D   2762
     128    7836                                                00010000D   2763
     128       0   -2789      13       0                               0D   2764
     128    7849                                                00010000D   2765
     128       0   -2789      13       0                               0D   2766
     128    7862                                                00010000D   2767
     128       0   -2789       4       0                               0D   2768
     128    7866                                                00010000D   2769
     128       0   -2789      28       0                               0D   2770
     128    7894                                                00010000D   2771
     128       0   -2789       5       0                               0D   2772
     128    7899                                                00010000D   2773
     128       0   -2789       4       0                               0D   2774
     128    7903                                                00010000D   2775
     128       0   -2789      12       0                               0D   2776
     128    7915                                                00010000D   2777
     128       0   -2789      12       0                               0D   2778
     128    7927                                                00010000D   2779
     128       0   -2789       4       0                               0D   2780
     128    7931                                                00010000D   2781
     128       0   -2789      29       0                               0D   2782
     502    7960                                                00010000D   2783
     502                     162       1                               0D   2784
     504    8122                                                00010001D   2785
     504                     205       1                               0D   2786
     406    8327                                                00000000D   2787
     406                       1      15                               0D   2788
     314    8328                                                00000200D   2789
     314                       1       0                               0D   2790
186,3,1,0,0,1,2787;                                                    1P      1
514,236,5,1,7,1,9,1,11,1,13,1,15,1,17,1,19,1,21,1,23,1,25,1,27,        3P      2
1,29,1,31,1,33,1,35,1,37,1,39,1,41,1,43,1,45,1,47,1,49,1,51,1,         3P      3
53,1,55,1,57,1,59,1,61,1,63,1,65,1,67,1,69,1,71,1,73,1,75,1,77,        3P      4
1,79,1,81,1,83,1,85,1,87,1,89,1,91,1,93,1,95,1,97,1,99,1,101,1,        3P      5
103,1,105,1,107,1,109,1,111,1,113,1,115,1,117,1,119,1,121,1,123,       3P      6
1,125,1,127,1,129,1,131,1,133,1,135,1,137,1,139,1,141,1,143,1,         3P      7
145,1,147,1,149,1,151,1,153,1,155,1,157,1,159,1,161,1,163,1,165,       3P      8
1,167,1,169,1,171,1,173,1,175,1,177,1,179,1,181,1,183,1,185,1,         3P      9
187,1,189,1,191,1,193,1,195,1,197,1,199,1,201,1,203,1,205,1,207,       3P     10
1,209,1,211,1,213,1,215,1,217,1,219,1,221,1,223,1,225,1,227,1,         3P     11
229,1,231,1,233,1,235,1,237,1,239,1,241,1,243,1,245,1,247,1,249,       3P     12
1,251,1,253,1,255,1,257,1,259,1,261,1,263,1,265,1,267,1,269,1,         3P     13
271,1,273,1,275,1,277,1,279,1,281,1,283,1,285,1,287,1,289,1,291,       3P     14
1,293,1,295,1,297,1,299,1,301,1,303,1,305,1,307,1,309,1,311,1,         3P     15
313,1,315,1,317,1,319,1,321,1,323,1,325,1,327,1,329,1,331,1,333,       3P     16
1,335,1,337,1,339,1,341,1,343,1,345,1,347,1,349,1,351,1,353,1,         3P     17
355,1,357,1,359,1,361,1,363,1,365,1,367,1,369,1,371,1,373,1,375,       3P     18
1,377,1,379,1,381,1,383,1,385,1,387,1,389,1,391,1,393,1,395,1,         3P     19
397,1,399,1,401,1,403,1,405,1,407,1,409,1,411,1,413,1,415,1,417,       3P     20
1,419,1,421,1,423,1,425,1,427,1,429,1,431,1,433,1,435,1,437,1,         3P     21
439,1,441,1,443,1,445,1,447,1,449,1,451,1,453,1,455,1,457,1,459,       3P     22
1,461,1,463,1,465,1,467,1,469,1,471,1,473,1,475,1;                     3P     23
510,2311,1,1,477;                                                      5P     24
510,2313,1,1,479;                                                      7P     25
510,2315,2,1,481,483;                                                  9P     26
510,2317,1,1,485;                                                     11P     27
510,2319,2,1,487,489;                                                 13P     28
510,2321,1,1,491;                                                     15P     29
510,2323,1,1,493;                                                     17P     30
510,2325,1,1,495;                                                     19P     31
510,2327,2,1,497,499;                                                 21P     32
510,2329,1,1,501;                                                     23P     33
510,2331,2,1,503,505;                                                 25P     34
510,2333,1,1,507;                                                     27P     35
510,2335,1,1,509;                                                     29P     36
510,2337,2,1,511,513;                                                 31P     37
510,2339,1,1,515;                                                     33P     38
510,2341,2,1,517,519;                                                 35P     39
510,2343,1,1,521;                                                     37P     40
510,2345,1,1,523;                                                     39P     41
510,2347,2,1,525,527;                                                 41P     42
510,2349,1,1,529;                                                     43P     43
510,2351,2,1,531,533;                                                 45P     44
510,2353,1,1,535;                                                     47P     45
510,2355,1,1,537;                                                     49P     46
510,2357,2,1,539,541;                                                 51P     47
510,2359,1,1,543;                                                     53P     48
510,2361,2,1,545,547;                                                 55P     49
510,2363,1,1,549;                                                     57P     50
510,2365,1,1,551;                                                     59P     51
510,2367,2,1,553,555;                                                 61P     52
510,2369,1,1,557;                                                     63P     53
510,2371,2,1,559,561;                                                 65P     54
510,2373,1,1,563;                                                     67P     55
510,2375,1,1,565;                                                     69P     56
510,2377,2,1,567,569;                                                 71P     57
510,2379,1,1,571;                                                     73P     58
510,2381,2,1,573,575;                                                 75P     59
510,2383,1,1,577;                                                     77P     60
510,2385,1,1,579;                                                     79P     61
510,2387,2,1,581,583;                                                 81P     62
510,2389,1,1,585;                                                     83P     63
510,2391,2,1,587,589;                                                 85P     64
510,2393,1,1,591;                                                     87P     65
510,2395,1,1,593;                                                     89P     66
510,2397,2,1,595,597;                                                 91P     67
510,2399,1,1,599;                                                     93P     68
510,2401,2,1,601,603;                                                 95P     69
510,2403,1,1,605;                                                     97P     70
510,2405,1,1,607;                                                     99P     71
510,2407,2,1,609,611;                                                101P     72
510,2409,1,1,613;                                                    103P     73
510,2411,2,1,615,617;                                                105P     74
510,2413,1,1,619;                                                    107P     75
510,2415,1,1,621;                                                    109P     76
510,2417,2,1,623,625;                                                111P     77
510,2419,1,1,627;                                                    113P     78
510,2421,2,1,629,631;                                                115P     79
510,2423,1,1,633;                                                    117P     80
510,2425,1,1,635;                                                    119P     81
510,2427,2,1,637,639;                                                121P     82
510,2429,1,1,641;                                                    123P     83
510,2431,2,1,643,645;                                                125P     84
510,2433,1,1,647;                                                    127P     85
510,2435,1,1,649;                                                    129P     86
510,2437,2,1,651,653;                                                131P     87
510,2439,1,1,655;                                                    133P     88
510,2441,2,1,657,659;                                                135P     89
510,2443,1,1,661;                                                    137P     90
510,2445,1,1,663;                                                    139P     91
510,2447,2,1,665,667;                                                141P     92
510,2449,1,1,669;                                                    143P     93
510,2451,2,1,671,673;                                                145P     94
510,2453,1,1,675;                                                    147P     95
510,2455,1,1,677;                                                    149P     96
510,2457,2,1,679,681;                                                151P     97
510,2459,1,1,683;                                                    153P     98
510,2461,2,1,685,687;                                                155P     99
510,2463,1,1,689;                                                    157P    100
510,2465,1,1,691;                                                    159P    101
510,2467,2,1,693,695;                                                161P    102
510,2469,1,1,697;                                                    163P    103
510,2471,2,1,699,701;                                                165P    104
510,2473,1,1,703;                                                    167P    105
510,2475,1,1,705;                                                    169P    106
510,2477,2,1,707,709;                                                171P    107
510,2479,1,1,711;                                                    173P    108
510,2481,2,1,713,715;                                                175P    109
510,2483,1,1,717;                                                    177P    110
510,2485,1,1,719;                                                    179P    111
510,2487,2,1,721,723;                                                181P    112
510,2489,1,1,725;                                                    183P    113
510,2491,2,1,727,729;                                                185P    114
510,2493,1,1,731;                                                    187P    115
510,2495,1,1,733;                                                    189P    116
510,2497,2,1,735,737;                                                191P    117
510,2499,1,1,739;                                                    193P    118
510,2501,2,1,741,743;                                                195P    119
510,2503,1,1,745;                                                    197P    120
510,2505,2,1,747,749;                                                199P    121
510,2507,1,1,751;                                                    201P    122
510,2509,1,1,753;                                                    203P    123
510,2511,2,1,755,757;                                                205P    124
510,2513,2,1,759,761;                                                207P    125
510,2515,1,1,763;                                                    209P    126
510,2517,2,1,765,767;                                                211P    127
510,2519,2,1,769,771;                                                213P    128
510,2521,1,1,773;                                                    215P    129
510,2523,2,1,775,777;                                                217P    130
510,2525,2,1,779,781;                                                219P    131
510,2527,1,1,783;                                                    221P    132
510,2529,2,1,785,787;                                                223P    133
510,2531,2,1,789,791;                                                225P    134
510,2533,1,1,793;                                                    227P    135
510,2535,2,1,795,797;                                                229P    136
510,2537,2,1,799,801;                                                231P    137
510,2539,1,1,803;                                                    233P    138
510,2541,2,1,805,807;                                                235P    139
510,2543,2,1,809,811;                                                237P    140
510,2545,1,1,813;                                                    239P    141
510,2547,2,1,815,817;                                                241P    142
510,2549,2,1,819,821;                                                243P    143
510,2551,1,1,823;                                                    245P    144
510,2553,2,1,825,827;                                                247P    145
510,2555,2,1,829,831;                                                249P    146
510,2557,1,1,833;                                                    251P    147
510,2559,2,1,835,837;                                                253P    148
510,2561,2,1,839,841;                                                255P    149
510,2563,1,1,843;                                                    257P    150
510,2565,2,1,845,847;                                                259P    151
510,2567,2,1,849,851;                                                261P    152
510,2569,1,1,853;                                                    263P    153
510,2571,2,1,855,857;                                                265P    154
510,2573,2,1,859,861;                                                267P    155
510,2575,1,1,863;                                                    269P    156
510,2577,2,1,865,867;                                                271P    157
510,2579,2,1,869,871;                                                273P    158
510,2581,1,1,873;                                                    275P    159
510,2583,2,1,875,877;                                                277P    160
510,2585,2,1,879,881;                                                279P    161
510,2587,1,1,883;                                                    281P    162
510,2589,2,1,885,887;                                                283P    163
510,2591,2,1,889,891;                                                285P    164
510,2593,1,1,893;                                                    287P    165
510,2595,2,1,895,897;                                                289P    166
510,2597,2,1,899,901;                                                291P    167
510,2599,1,1,903;                                                    293P    168
510,2601,2,1,905,907;                                                295P    169
510,2603,2,1,909,911;                                                297P    170
510,2605,1,1,913;                                                    299P    171
510,2607,2,1,915,917;                                                301P    172
510,2609,2,1,919,921;                                                303P    173
510,2611,1,1,923;                                                    305P    174
510,2613,2,1,925,927;                                                307P    175
510,2615,2,1,929,931;                                                309P    176
510,2617,1,1,933;                                                    311P    177
510,2619,2,1,935,937;                                                313P    178
510,2621,2,1,939,941;                                                315P    179
510,2623,1,1,943;                                                    317P    180
510,2625,2,1,945,947;                                                319P    181
510,2627,2,1,949,951;                                                321P    182
510,2629,1,1,953;                                                    323P    183
510,2631,2,1,955,957;                                                325P    184
510,2633,1,1,959;                                                    327P    185
510,2635,1,1,961;                                                    329P    186
510,2637,1,1,963;                                                    331P    187
510,2639,1,1,965;                                                    333P    188
510,2641,1,1,967;                                                    335P    189
510,2643,1,1,969;                                                    337P    190
510,2645,1,1,971;                                                    339P    191
510,2647,1,1,973;                                                    341P    192
510,2649,1,1,975;                                                    343P    193
510,2651,1,1,977;                                                    345P    194
510,2653,1,1,979;                                                    347P    195
510,2655,1,1,981;                                                    349P    196
510,2657,1,1,983;                                                    351P    197
510,2659,1,1,985;                                                    353P    198
510,2661,1,1,987;                                                    355P    199
510,2663,1,1,989;                                                    357P    200
510,2665,1,1,991;                                                    359P    201
510,2667,1,1,993;                                                    361P    202
510,2669,1,1,995;                                                    363P    203
510,2671,1,1,997;                                                    365P    204
510,2673,1,1,999;                                                    367P    205
510,2675,1,1,1001;                                                   369P    206
510,2677,1,1,1003;                                                   371P    207
510,2679,1,1,1005;                                                   373P    208
510,2681,1,1,1007;                                                   375P    209
510,2683,1,1,1009;                                                   377P    210
510,2685,1,1,1011;                                                   379P    211
510,2687,1,1,1013;                                                   381P    212
510,2689,1,1,1015;                                                   383P    213
510,2691,1,1,1017;                                                   385P    214
510,2693,1,1,1019;                                                   387P    215
510,2695,1,1,1021;                                                   389P    216
510,2697,1,1,1023;                                                   391P    217
510,2699,1,1,1025;                                                   393P    218
510,2701,1,1,1027;                                                   395P    219
510,2703,1,1,1029;                                                   397P    220
510,2705,1,1,1031;                                                   399P    221
510,2707,1,1,1033;                                                   401P    222
510,2709,1,1,1035;                                                   403P    223
510,2711,1,1,1037;                                                   405P    224
510,2713,1,1,1039;                                                   407P    225
510,2715,1,1,1041;                                                   409P    226
510,2717,10,1,1043,1045,1047,1049,1051,1053,1055,1057,1059,1061;     411P    227
510,2719,1,1,1063;                                                   413P    228
510,2721,1,1,1065;                                                   415P    229
510,2723,10,1,1067,1069,1071,1073,1075,1077,1079,1081,1083,1085;     417P    230
510,2725,1,1,1087;                                                   419P    231
510,2727,1,1,1089;                                                   421P    232
510,2729,2,1,1091,1093;                                              423P    233
510,2731,1,1,1095;                                                   425P    234
510,2733,2,1,1097,1099;                                              427P    235
510,2735,1,1,1101;                                                   429P    236
510,2737,1,1,1103;                                                   431P    237
510,2739,1,1,1105;                                                   433P    238
510,2741,1,1,1107;                                                   435P    239
510,2743,1,1,1109;                                                   437P    240
510,2745,1,1,1111;                                                   439P    241
510,2747,1,1,1113;                                                   441P    242
510,2749,1,1,1115;                                                   443P    243
510,2751,1,1,1117;                                                   445P    244
510,2753,1,1,1119;                                                   447P    245
510,2755,1,1,1121;                                                   449P    246
510,2757,1,1,1123;                                                   451P    247
510,2759,1,1,1125;                                                   453P    248
510,2761,1,1,1127;                                                   455P    249
510,2763,1,1,1129;                                                   457P    250
510,2765,1,1,1131;                                                   459P    251
510,2767,2,1,1133,1135;                                              461P    252
510,2769,1,1,1137;                                                   463P    253
510,2771,2,1,1139,1141;                                              465P    254
510,2773,10,1,1143,1145,1147,1149,1151,1153,1155,1157,1159,1161;     467P    255
510,2775,1,1,1163;                                                   469P    256
510,2777,1,1,1165;                                                   471P    257
510,2779,10,1,1167,1169,1171,1173,1175,1177,1179,1181,1183,1185;     473P    258
510,2781,1,1,1187;                                                   475P    259
508,6,0,2785,1,1,0,0,2785,2,1,0,0,2785,3,1,0,0,2785,4,1,0,0,         477P    260
2785,2,0,0,0,2785,5,1,0;                                             477P    261
508,7,0,2785,6,0,0,0,2785,7,0,0,0,2785,8,0,0,0,2785,9,1,0,0,         479P    262
2785,4,0,0,0,2785,3,0,0,0,2785,9,0,0;                                479P    263
508,2,0,2785,10,1,0,0,2785,11,1,0;                                   481P    264
508,2,0,2785,1,0,0,0,2785,5,0,0;                                     483P    265
508,7,0,2785,12,1,0,0,2785,13,1,0,0,2785,14,1,0,0,2785,15,1,0,0,     485P    266
2785,16,1,0,0,2785,13,0,0,0,2785,17,1,0;                             485P    267
508,2,0,2785,18,0,0,0,2785,19,0,0;                                   487P    268
508,2,0,2785,12,0,0,0,2785,17,0,0;                                   489P    269
508,7,0,2785,15,0,0,0,2785,14,0,0,0,2785,16,0,0,0,2785,20,1,0,0,     491P    270
2785,21,0,0,0,2785,22,0,0,0,2785,20,0,0;                             491P    271
508,6,0,2785,23,1,0,0,2785,24,1,0,0,2785,25,1,0,0,2785,26,1,0,0,     493P    272
2785,24,0,0,0,2785,27,1,0;                                           493P    273
508,7,0,2785,28,0,0,0,2785,29,0,0,0,2785,30,0,0,0,2785,31,1,0,0,     495P    274
2785,26,0,0,0,2785,25,0,0,0,2785,31,0,0;                             495P    275
508,2,0,2785,32,1,0,0,2785,33,1,0;                                   497P    276
508,2,0,2785,23,0,0,0,2785,27,0,0;                                   499P    277
508,7,0,2785,34,1,0,0,2785,35,1,0,0,2785,7,1,0,0,2785,6,1,0,0,       501P    278
2785,8,1,0,0,2785,35,0,0,0,2785,36,1,0;                              501P    279
508,2,0,2785,37,0,0,0,2785,38,0,0;                                   503P    280
508,2,0,2785,34,0,0,0,2785,36,0,0;                                   505P    281
508,6,0,2785,39,1,0,0,2785,40,1,0,0,2785,41,1,0,0,2785,42,1,0,0,     507P    282
2785,40,0,0,0,2785,43,1,0;                                           507P    283
508,7,0,2785,44,0,0,0,2785,45,0,0,0,2785,46,0,0,0,2785,47,1,0,0,     509P    284
2785,42,0,0,0,2785,41,0,0,0,2785,47,0,0;                             509P    285
508,2,0,2785,48,1,0,0,2785,49,1,0;                                   511P    286
508,2,0,2785,39,0,0,0,2785,43,0,0;                                   513P    287
508,7,0,2785,50,1,0,0,2785,51,1,0,0,2785,29,1,0,0,2785,28,1,0,0,     515P    288
2785,30,1,0,0,2785,51,0,0,0,2785,52,1,0;                             515P    289
508,2,0,2785,53,0,0,0,2785,54,0,0;                                   517P    290
508,2,0,2785,50,0,0,0,2785,52,0,0;                                   519P    291
508,6,0,2785,55,1,0,0,2785,56,1,0,0,2785,57,1,0,0,2785,58,1,0,0,     521P    292
2785,56,0,0,0,2785,59,1,0;                                           521P    293
508,7,0,2785,60,0,0,0,2785,61,0,0,0,2785,62,0,0,0,2785,63,1,0,0,     523P    294
2785,58,0,0,0,2785,57,0,0,0,2785,63,0,0;                             523P    295
508,2,0,2785,64,1,0,0,2785,65,1,0;                                   525P    296
508,2,0,2785,55,0,0,0,2785,59,0,0;                                   527P    297
508,7,0,2785,66,1,0,0,2785,67,1,0,0,2785,45,1,0,0,2785,44,1,0,0,     529P    298
2785,46,1,0,0,2785,67,0,0,0,2785,68,1,0;                             529P    299
508,2,0,2785,69,0,0,0,2785,70,0,0;                                   531P    300
508,2,0,2785,66,0,0,0,2785,68,0,0;                                   533P    301
508,6,0,2785,71,1,0,0,2785,72,1,0,0,2785,73,1,0,0,2785,74,1,0,0,     535P    302
2785,72,0,0,0,2785,75,1,0;                                           535P    303
508,7,0,2785,76,0,0,0,2785,77,0,0,0,2785,78,0,0,0,2785,79,1,0,0,     537P    304
2785,74,0,0,0,2785,73,0,0,0,2785,79,0,0;                             537P    305
508,2,0,2785,80,1,0,0,2785,81,1,0;                                   539P    306
508,2,0,2785,71,0,0,0,2785,75,0,0;                                   541P    307
508,7,0,2785,82,1,0,0,2785,83,1,0,0,2785,61,1,0,0,2785,60,1,0,0,     543P    308
2785,62,1,0,0,2785,83,0,0,0,2785,84,1,0;                             543P    309
508,2,0,2785,85,0,0,0,2785,86,0,0;                                   545P    310
508,2,0,2785,82,0,0,0,2785,84,0,0;                                   547P    311
508,6,0,2785,87,1,0,0,2785,88,1,0,0,2785,89,1,0,0,2785,90,1,0,0,     549P    312
2785,88,0,0,0,2785,91,1,0;                                           549P    313
508,7,0,2785,92,0,0,0,2785,93,0,0,0,2785,94,0,0,0,2785,95,1,0,0,     551P    314
2785,90,0,0,0,2785,89,0,0,0,2785,95,0,0;                             551P    315
508,2,0,2785,96,1,0,0,2785,97,1,0;                                   553P    316
508,2,0,2785,87,0,0,0,2785,91,0,0;                                   555P    317
508,7,0,2785,98,1,0,0,2785,99,1,0,0,2785,77,1,0,0,2785,76,1,0,0,     557P    318
2785,78,1,0,0,2785,99,0,0,0,2785,100,1,0;                            557P    319
508,2,0,2785,101,0,0,0,2785,102,0,0;                                 559P    320
508,2,0,2785,98,0,0,0,2785,100,0,0;                                  561P    321
508,6,0,2785,103,1,0,0,2785,104,1,0,0,2785,105,1,0,0,2785,106,1,     563P    322
0,0,2785,104,0,0,0,2785,107,1,0;                                     563P    323
508,7,0,2785,108,0,0,0,2785,109,0,0,0,2785,110,0,0,0,2785,111,1,     565P    324
0,0,2785,106,0,0,0,2785,105,0,0,0,2785,111,0,0;                      565P    325
508,2,0,2785,112,1,0,0,2785,113,1,0;                                 567P    326
508,2,0,2785,103,0,0,0,2785,107,0,0;                                 569P    327
508,7,0,2785,114,1,0,0,2785,115,1,0,0,2785,93,1,0,0,2785,92,1,0,     571P    328
0,2785,94,1,0,0,2785,115,0,0,0,2785,116,1,0;                         571P    329
508,2,0,2785,117,0,0,0,2785,118,0,0;                                 573P    330
508,2,0,2785,114,0,0,0,2785,116,0,0;                                 575P    331
508,6,0,2785,119,1,0,0,2785,120,1,0,0,2785,121,1,0,0,2785,122,1,     577P    332
0,0,2785,120,0,0,0,2785,123,1,0;                                     577P    333
508,7,0,2785,124,0,0,0,2785,125,0,0,0,2785,126,0,0,0,2785,127,1,     579P    334
0,0,2785,122,0,0,0,2785,121,0,0,0,2785,127,0,0;                      579P    335
508,2,0,2785,128,1,0,0,2785,129,1,0;                                 581P    336
508,2,0,2785,119,0,0,0,2785,123,0,0;                                 583P    337
508,7,0,2785,130,1,0,0,2785,131,1,0,0,2785,109,1,0,0,2785,108,1,     585P    338
0,0,2785,110,1,0,0,2785,131,0,0,0,2785,132,1,0;                      585P    339
508,2,0,2785,133,0,0,0,2785,134,0,0;                                 587P    340
508,2,0,2785,130,0,0,0,2785,132,0,0;                                 589P    341
508,6,0,2785,135,1,0,0,2785,136,1,0,0,2785,137,1,0,0,2785,138,1,     591P    342
0,0,2785,136,0,0,0,2785,139,1,0;                                     591P    343
508,7,0,2785,140,0,0,0,2785,141,0,0,0,2785,142,0,0,0,2785,143,1,     593P    344
0,0,2785,138,0,0,0,2785,137,0,0,0,2785,143,0,0;                      593P    345
508,2,0,2785,144,1,0,0,2785,145,1,0;                                 595P    346
508,2,0,2785,135,0,0,0,2785,139,0,0;                                 597P    347
508,7,0,2785,146,1,0,0,2785,147,1,0,0,2785,125,1,0,0,2785,124,1,     599P    348
0,0,2785,126,1,0,0,2785,147,0,0,0,2785,148,1,0;                      599P    349
508,2,0,2785,149,0,0,0,2785,150,0,0;                                 601P    350
508,2,0,2785,146,0,0,0,2785,148,0,0;                                 603P    351
508,6,0,2785,151,1,0,0,2785,152,1,0,0,2785,153,1,0,0,2785,154,1,     605P    352
0,0,2785,152,0,0,0,2785,155,1,0;                                     605P    353
508,7,0,2785,156,0,0,0,2785,157,0,0,0,2785,158,0,0,0,2785,159,1,     607P    354
0,0,2785,154,0,0,0,2785,153,0,0,0,2785,159,0,0;                      607P    355
508,2,0,2785,160,1,0,0,2785,161,1,0;                                 609P    356
508,2,0,2785,151,0,0,0,2785,155,0,0;                                 611P    357
508,7,0,2785,162,1,0,0,2785,163,1,0,0,2785,141,1,0,0,2785,140,1,     613P    358
0,0,2785,142,1,0,0,2785,163,0,0,0,2785,164,1,0;                      613P    359
508,2,0,2785,165,0,0,0,2785,166,0,0;                                 615P    360
508,2,0,2785,162,0,0,0,2785,164,0,0;                                 617P    361
508,6,0,2785,167,1,0,0,2785,168,1,0,0,2785,169,1,0,0,2785,170,1,     619P    362
0,0,2785,168,0,0,0,2785,171,1,0;                                     619P    363
508,7,0,2785,172,0,0,0,2785,173,0,0,0,2785,174,0,0,0,2785,175,1,     621P    364
0,0,2785,170,0,0,0,2785,169,0,0,0,2785,175,0,0;                      621P    365
508,2,0,2785,176,1,0,0,2785,177,1,0;                                 623P    366
508,2,0,2785,167,0,0,0,2785,171,0,0;                                 625P    367
508,7,0,2785,178,1,0,0,2785,179,1,0,0,2785,157,1,0,0,2785,156,1,     627P    368
0,0,2785,158,1,0,0,2785,179,0,0,0,2785,180,1,0;                      627P    369
508,2,0,2785,181,0,0,0,2785,182,0,0;                                 629P    370
508,2,0,2785,178,0,0,0,2785,180,0,0;                                 631P    371
508,6,0,2785,183,1,0,0,2785,184,1,0,0,2785,185,1,0,0,2785,186,1,     633P    372
0,0,2785,184,0,0,0,2785,187,1,0;                                     633P    373
508,7,0,2785,188,0,0,0,2785,189,0,0,0,2785,190,0,0,0,2785,191,1,     635P    374
0,0,2785,186,0,0,0,2785,185,0,0,0,2785,191,0,0;                      635P    375
508,2,0,2785,192,1,0,0,2785,193,1,0;                                 637P    376
508,2,0,2785,183,0,0,0,2785,187,0,0;                                 639P    377
508,7,0,2785,194,1,0,0,2785,195,1,0,0,2785,173,1,0,0,2785,172,1,     641P    378
0,0,2785,174,1,0,0,2785,195,0,0,0,2785,196,1,0;                      641P    379
508,2,0,2785,197,0,0,0,2785,198,0,0;                                 643P    380
508,2,0,2785,194,0,0,0,2785,196,0,0;                                 645P    381
508,6,0,2785,199,1,0,0,2785,200,1,0,0,2785,201,1,0,0,2785,202,1,     647P    382
0,0,2785,200,0,0,0,2785,203,1,0;                                     647P    383
508,7,0,2785,204,0,0,0,2785,205,0,0,0,2785,206,0,0,0,2785,207,1,     649P    384
0,0,2785,202,0,0,0,2785,201,0,0,0,2785,207,0,0;                      649P    385
508,2,0,2785,208,1,0,0,2785,209,1,0;                                 651P    386
508,2,0,2785,199,0,0,0,2785,203,0,0;                                 653P    387
508,7,0,2785,210,1,0,0,2785,211,1,0,0,2785,189,1,0,0,2785,188,1,     655P    388
0,0,2785,190,1,0,0,2785,211,0,0,0,2785,212,1,0;                      655P    389
508,2,0,2785,213,0,0,0,2785,214,0,0;                                 657P    390
508,2,0,2785,210,0,0,0,2785,212,0,0;                                 659P    391
508,6,0,2785,215,1,0,0,2785,216,1,0,0,2785,217,1,0,0,2785,218,1,     661P    392
0,0,2785,216,0,0,0,2785,219,1,0;                                     661P    393
508,7,0,2785,220,0,0,0,2785,221,0,0,0,2785,222,0,0,0,2785,223,1,     663P    394
0,0,2785,218,0,0,0,2785,217,0,0,0,2785,223,0,0;                      663P    395
508,2,0,2785,224,1,0,0,2785,225,1,0;                                 665P    396
508,2,0,2785,215,0,0,0,2785,219,0,0;                                 667P    397
508,7,0,2785,226,1,0,0,2785,227,1,0,0,2785,205,1,0,0,2785,204,1,     669P    398
0,0,2785,206,1,0,0,2785,227,0,0,0,2785,228,1,0;                      669P    399
508,2,0,2785,229,0,0,0,2785,230,0,0;                                 671P    400
508,2,0,2785,226,0,0,0,2785,228,0,0;                                 673P    401
508,6,0,2785,231,1,0,0,2785,232,1,0,0,2785,233,1,0,0,2785,234,1,     675P    402
0,0,2785,232,0,0,0,2785,235,1,0;                                     675P    403
508,7,0,2785,236,0,0,0,2785,237,0,0,0,2785,238,0,0,0,2785,239,1,     677P    404
0,0,2785,234,0,0,0,2785,233,0,0,0,2785,239,0,0;                      677P    405
508,2,0,2785,240,1,0,0,2785,241,1,0;                                 679P    406
508,2,0,2785,231,0,0,0,2785,235,0,0;                                 681P    407
508,7,0,2785,242,1,0,0,2785,243,1,0,0,2785,221,1,0,0,2785,220,1,     683P    408
0,0,2785,222,1,0,0,2785,243,0,0,0,2785,244,1,0;                      683P    409
508,2,0,2785,245,0,0,0,2785,246,0,0;                                 685P    410
508,2,0,2785,242,0,0,0,2785,244,0,0;                                 687P    411
508,6,0,2785,247,1,0,0,2785,248,1,0,0,2785,249,1,0,0,2785,250,1,     689P    412
0,0,2785,248,0,0,0,2785,251,1,0;                                     689P    413
508,7,0,2785,252,0,0,0,2785,253,0,0,0,2785,254,0,0,0,2785,255,1,     691P    414
0,0,2785,250,0,0,0,2785,249,0,0,0,2785,255,0,0;                      691P    415
508,2,0,2785,256,1,0,0,2785,257,1,0;                                 693P    416
508,2,0,2785,247,0,0,0,2785,251,0,0;                                 695P    417
508,7,0,2785,258,1,0,0,2785,259,1,0,0,2785,237,1,0,0,2785,236,1,     697P    418
0,0,2785,238,1,0,0,2785,259,0,0,0,2785,260,1,0;                      697P    419
508,2,0,2785,261,0,0,0,2785,262,0,0;                                 699P    420
508,2,0,2785,258,0,0,0,2785,260,0,0;                                 701P    421
508,6,0,2785,263,1,0,0,2785,264,1,0,0,2785,265,1,0,0,2785,266,1,     703P    422
0,0,2785,264,0,0,0,2785,267,1,0;                                     703P    423
508,7,0,2785,268,0,0,0,2785,269,0,0,0,2785,270,0,0,0,2785,271,1,     705P    424
0,0,2785,266,0,0,0,2785,265,0,0,0,2785,271,0,0;                      705P    425
508,2,0,2785,272,1,0,0,2785,273,1,0;                                 707P    426
508,2,0,2785,263,0,0,0,2785,267,0,0;                                 709P    427
508,7,0,2785,274,1,0,0,2785,275,1,0,0,2785,253,1,0,0,2785,252,1,     711P    428
0,0,2785,254,1,0,0,2785,275,0,0,0,2785,276,1,0;                      711P    429
508,2,0,2785,277,0,0,0,2785,278,0,0;                                 713P    430
508,2,0,2785,274,0,0,0,2785,276,0,0;                                 715P    431
508,6,0,2785,279,1,0,0,2785,280,1,0,0,2785,281,1,0,0,2785,282,1,     717P    432
0,0,2785,280,0,0,0,2785,283,1,0;                                     717P    433
508,7,0,2785,284,0,0,0,2785,285,0,0,0,2785,286,0,0,0,2785,287,1,     719P    434
0,0,2785,282,0,0,0,2785,281,0,0,0,2785,287,0,0;                      719P    435
508,2,0,2785,288,1,0,0,2785,289,1,0;                                 721P    436
508,2,0,2785,279,0,0,0,2785,283,0,0;                                 723P    437
508,7,0,2785,290,1,0,0,2785,291,1,0,0,2785,269,1,0,0,2785,268,1,     725P    438
0,0,2785,270,1,0,0,2785,291,0,0,0,2785,292,1,0;                      725P    439
508,2,0,2785,293,0,0,0,2785,294,0,0;                                 727P    440
508,2,0,2785,290,0,0,0,2785,292,0,0;                                 729P    441
508,6,0,2785,295,1,0,0,2785,296,1,0,0,2785,297,1,0,0,2785,298,1,     731P    442
0,0,2785,296,0,0,0,2785,299,1,0;                                     731P    443
508,7,0,2785,300,0,0,0,2785,301,0,0,0,2785,302,0,0,0,2785,303,1,     733P    444
0,0,2785,298,0,0,0,2785,297,0,0,0,2785,303,0,0;                      733P    445
508,2,0,2785,304,1,0,0,2785,305,1,0;                                 735P    446
508,2,0,2785,295,0,0,0,2785,299,0,0;                                 737P    447
508,7,0,2785,306,1,0,0,2785,307,1,0,0,2785,285,1,0,0,2785,284,1,     739P    448
0,0,2785,286,1,0,0,2785,307,0,0,0,2785,308,1,0;                      739P    449
508,2,0,2785,309,0,0,0,2785,310,0,0;                                 741P    450
508,2,0,2785,306,0,0,0,2785,308,0,0;                                 743P    451
508,6,0,2785,311,1,0,0,2785,312,1,0,0,2785,313,1,0,0,2785,314,1,     745P    452
0,0,2785,312,0,0,0,2785,315,1,0;                                     745P    453
508,2,0,2785,316,1,0,0,2785,317,1,0;                                 747P    454
508,2,0,2785,311,0,0,0,2785,315,0,0;                                 749P    455
508,6,0,2785,318,0,0,0,2785,319,0,0,0,2785,320,1,0,0,2785,314,0,     751P    456
0,0,2785,313,0,0,0,2785,320,0,0;                                     751P    457
508,7,0,2785,321,1,0,0,2785,322,1,0,0,2785,301,1,0,0,2785,300,1,     753P    458
0,0,2785,302,1,0,0,2785,322,0,0,0,2785,323,1,0;                      753P    459
508,2,0,2785,324,0,0,0,2785,325,0,0;                                 755P    460
508,2,0,2785,321,0,0,0,2785,323,0,0;                                 757P    461
508,1,0,2785,326,1,0;                                                759P    462
508,1,0,2785,327,0,0;                                                761P    463
508,4,0,2785,326,0,0,0,2785,328,1,0,0,2785,329,1,0,0,2785,328,0,     763P    464
0;                                                                   763P    465
508,1,0,2785,329,0,0;                                                765P    466
508,1,0,2785,330,0,0;                                                767P    467
508,1,0,2785,331,1,0;                                                769P    468
508,1,0,2785,332,0,0;                                                771P    469
508,4,0,2785,331,0,0,0,2785,333,1,0,0,2785,334,1,0,0,2785,333,0,     773P    470
0;                                                                   773P    471
508,1,0,2785,334,0,0;                                                775P    472
508,1,0,2785,335,0,0;                                                777P    473
508,1,0,2785,336,1,0;                                                779P    474
508,1,0,2785,337,0,0;                                                781P    475
508,4,0,2785,336,0,0,0,2785,338,1,0,0,2785,339,1,0,0,2785,338,0,     783P    476
0;                                                                   783P    477
508,1,0,2785,339,0,0;                                                785P    478
508,1,0,2785,340,0,0;                                                787P    479
508,1,0,2785,341,1,0;                                                789P    480
508,1,0,2785,342,0,0;                                                791P    481
508,4,0,2785,341,0,0,0,2785,343,1,0,0,2785,344,1,0,0,2785,343,0,     793P    482
0;                                                                   793P    483
508,1,0,2785,344,0,0;                                                795P    484
508,1,0,2785,345,0,0;                                                797P    485
508,1,0,2785,346,1,0;                                                799P    486
508,1,0,2785,347,0,0;                                                801P    487
508,4,0,2785,346,0,0,0,2785,348,1,0,0,2785,349,1,0,0,2785,348,0,     803P    488
0;                                                                   803P    489
508,1,0,2785,349,0,0;                                                805P    490
508,1,0,2785,350,0,0;                                                807P    491
508,1,0,2785,351,1,0;                                                809P    492
508,1,0,2785,352,0,0;                                                811P    493
508,4,0,2785,351,0,0,0,2785,353,1,0,0,2785,354,1,0,0,2785,353,0,     813P    494
0;                                                                   813P    495
508,1,0,2785,354,0,0;                                                815P    496
508,1,0,2785,355,0,0;                                                817P    497
508,1,0,2785,356,1,0;                                                819P    498
508,1,0,2785,357,0,0;                                                821P    499
508,4,0,2785,356,0,0,0,2785,358,1,0,0,2785,359,1,0,0,2785,358,0,     823P    500
0;                                                                   823P    501
508,1,0,2785,359,0,0;                                                825P    502
508,1,0,2785,360,0,0;                                                827P    503
508,1,0,2785,361,1,0;                                                829P    504
508,1,0,2785,362,0,0;                                                831P    505
508,4,0,2785,361,0,0,0,2785,363,1,0,0,2785,364,1,0,0,2785,363,0,     833P    506
0;                                                                   833P    507
508,1,0,2785,364,0,0;                                                835P    508
508,1,0,2785,365,0,0;                                                837P    509
508,1,0,2785,366,1,0;                                                839P    510
508,1,0,2785,367,0,0;                                                841P    511
508,4,0,2785,366,0,0,0,2785,368,1,0,0,2785,369,1,0,0,2785,368,0,     843P    512
0;                                                                   843P    513
508,1,0,2785,369,0,0;                                                845P    514
508,1,0,2785,370,0,0;                                                847P    515
508,1,0,2785,371,1,0;                                                849P    516
508,1,0,2785,372,0,0;                                                851P    517
508,4,0,2785,371,0,0,0,2785,373,1,0,0,2785,374,1,0,0,2785,373,0,     853P    518
0;                                                                   853P    519
508,1,0,2785,374,0,0;                                                855P    520
508,1,0,2785,375,0,0;                                                857P    521
508,1,0,2785,376,1,0;                                                859P    522
508,1,0,2785,377,0,0;                                                861P    523
508,4,0,2785,376,0,0,0,2785,378,1,0,0,2785,379,1,0,0,2785,378,0,     863P    524
0;                                                                   863P    525
508,1,0,2785,379,0,0;                                                865P    526
508,1,0,2785,380,0,0;                                                867P    527
508,1,0,2785,381,1,0;                                                869P    528
508,1,0,2785,382,0,0;                                                871P    529
508,4,0,2785,381,0,0,0,2785,383,1,0,0,2785,384,1,0,0,2785,383,0,     873P    530
0;                                                                   873P    531
508,1,0,2785,384,0,0;                                                875P    532
508,1,0,2785,385,0,0;                                                877P    533
508,1,0,2785,386,1,0;                                                879P    534
508,1,0,2785,387,0,0;                                                881P    535
508,4,0,2785,386,0,0,0,2785,388,1,0,0,2785,389,1,0,0,2785,388,0,     883P    536
0;                                                                   883P    537
508,1,0,2785,389,0,0;                                                885P    538
508,1,0,2785,390,0,0;                                                887P    539
508,1,0,2785,391,1,0;                                                889P    540
508,1,0,2785,392,0,0;                                                891P    541
508,4,0,2785,391,0,0,0,2785,393,1,0,0,2785,394,1,0,0,2785,393,0,     893P    542
0;                                                                   893P    543
508,1,0,2785,394,0,0;                                                895P    544
508,1,0,2785,395,0,0;                                                897P    545
508,1,0,2785,396,1,0;                                                899P    546
508,1,0,2785,397,0,0;                                                901P    547
508,4,0,2785,396,0,0,0,2785,398,1,0,0,2785,399,1,0,0,2785,398,0,     903P    548
0;                                                                   903P    549
508,1,0,2785,399,0,0;                                                905P    550
508,1,0,2785,400,0,0;                                                907P    551
508,1,0,2785,401,1,0;                                                909P    552
508,1,0,2785,402,0,0;                                                911P    553
508,4,0,2785,401,0,0,0,2785,403,1,0,0,2785,404,1,0,0,2785,403,0,     913P    554
0;                                                                   913P    555
508,1,0,2785,404,0,0;                                                915P    556
508,1,0,2785,405,0,0;                                                917P    557
508,1,0,2785,406,1,0;                                                919P    558
508,1,0,2785,407,0,0;                                                921P    559
508,4,0,2785,406,0,0,0,2785,408,1,0,0,2785,409,1,0,0,2785,408,0,     923P    560
0;                                                                   923P    561
508,1,0,2785,409,0,0;                                                925P    562
508,1,0,2785,410,0,0;                                                927P    563
508,1,0,2785,411,1,0;                                                929P    564
508,1,0,2785,412,0,0;                                                931P    565
508,4,0,2785,411,0,0,0,2785,413,1,0,0,2785,414,1,0,0,2785,413,0,     933P    566
0;                                                                   933P    567
508,1,0,2785,414,0,0;                                                935P    568
508,1,0,2785,415,0,0;                                                937P    569
508,1,0,2785,416,1,0;                                                939P    570
508,1,0,2785,417,0,0;                                                941P    571
508,4,0,2785,416,0,0,0,2785,418,1,0,0,2785,419,1,0,0,2785,418,0,     943P    572
0;                                                                   943P    573
508,1,0,2785,419,0,0;                                                945P    574
508,1,0,2785,420,0,0;                                                947P    575
508,1,0,2785,421,1,0;                                                949P    576
508,1,0,2785,422,0,0;                                                951P    577
508,4,0,2785,421,0,0,0,2785,423,1,0,0,2785,424,1,0,0,2785,423,0,     953P    578
0;                                                                   953P    579
508,1,0,2785,424,0,0;                                                955P    580
508,1,0,2785,425,0,0;                                                957P    581
508,4,0,2785,425,1,0,0,2785,426,1,0,0,2785,417,1,0,0,2785,426,0,     959P    582
0;                                                                   959P    583
508,4,0,2785,420,1,0,0,2785,427,1,0,0,2785,412,1,0,0,2785,427,0,     961P    584
0;                                                                   961P    585
508,4,0,2785,415,1,0,0,2785,428,1,0,0,2785,407,1,0,0,2785,428,0,     963P    586
0;                                                                   963P    587
508,4,0,2785,410,1,0,0,2785,429,1,0,0,2785,402,1,0,0,2785,429,0,     965P    588
0;                                                                   965P    589
508,4,0,2785,405,1,0,0,2785,430,1,0,0,2785,397,1,0,0,2785,430,0,     967P    590
0;                                                                   967P    591
508,4,0,2785,400,1,0,0,2785,431,1,0,0,2785,392,1,0,0,2785,431,0,     969P    592
0;                                                                   969P    593
508,4,0,2785,395,1,0,0,2785,432,1,0,0,2785,387,1,0,0,2785,432,0,     971P    594
0;                                                                   971P    595
508,4,0,2785,390,1,0,0,2785,433,1,0,0,2785,382,1,0,0,2785,433,0,     973P    596
0;                                                                   973P    597
508,4,0,2785,385,1,0,0,2785,434,1,0,0,2785,377,1,0,0,2785,434,0,     975P    598
0;                                                                   975P    599
508,4,0,2785,380,1,0,0,2785,435,1,0,0,2785,372,1,0,0,2785,435,0,     977P    600
0;                                                                   977P    601
508,4,0,2785,375,1,0,0,2785,436,1,0,0,2785,367,1,0,0,2785,436,0,     979P    602
0;                                                                   979P    603
508,4,0,2785,370,1,0,0,2785,437,1,0,0,2785,362,1,0,0,2785,437,0,     981P    604
0;                                                                   981P    605
508,4,0,2785,365,1,0,0,2785,438,1,0,0,2785,357,1,0,0,2785,438,0,     983P    606
0;                                                                   983P    607
508,4,0,2785,360,1,0,0,2785,439,1,0,0,2785,352,1,0,0,2785,439,0,     985P    608
0;                                                                   985P    609
508,4,0,2785,355,1,0,0,2785,440,1,0,0,2785,347,1,0,0,2785,440,0,     987P    610
0;                                                                   987P    611
508,4,0,2785,350,1,0,0,2785,441,1,0,0,2785,342,1,0,0,2785,441,0,     989P    612
0;                                                                   989P    613
508,4,0,2785,345,1,0,0,2785,442,1,0,0,2785,337,1,0,0,2785,442,0,     991P    614
0;                                                                   991P    615
508,4,0,2785,340,1,0,0,2785,443,1,0,0,2785,332,1,0,0,2785,443,0,     993P    616
0;                                                                   993P    617
508,4,0,2785,335,1,0,0,2785,444,1,0,0,2785,327,1,0,0,2785,444,0,     995P    618
0;                                                                   995P    619
508,4,0,2785,330,1,0,0,2785,445,1,0,0,2785,446,0,0,0,2785,445,0,     997P    620
0;                                                                   997P    621
508,6,0,2785,10,0,0,0,2785,11,0,0,0,2785,447,1,0,0,2785,19,1,0,      999P    622
0,2785,18,1,0,0,2785,447,0,0;                                        999P    623
508,6,0,2785,32,0,0,0,2785,33,0,0,0,2785,448,1,0,0,2785,38,1,0,     1001P    624
0,2785,37,1,0,0,2785,448,0,0;                                       1001P    625
508,6,0,2785,48,0,0,0,2785,49,0,0,0,2785,449,1,0,0,2785,54,1,0,     1003P    626
0,2785,53,1,0,0,2785,449,0,0;                                       1003P    627
508,6,0,2785,64,0,0,0,2785,65,0,0,0,2785,450,1,0,0,2785,70,1,0,     1005P    628
0,2785,69,1,0,0,2785,450,0,0;                                       1005P    629
508,6,0,2785,80,0,0,0,2785,81,0,0,0,2785,451,1,0,0,2785,86,1,0,     1007P    630
0,2785,85,1,0,0,2785,451,0,0;                                       1007P    631
508,6,0,2785,96,0,0,0,2785,97,0,0,0,2785,452,1,0,0,2785,102,1,0,    1009P    632
0,2785,101,1,0,0,2785,452,0,0;                                      1009P    633
508,6,0,2785,112,0,0,0,2785,113,0,0,0,2785,453,1,0,0,2785,118,1,    1011P    634
0,0,2785,117,1,0,0,2785,453,0,0;                                    1011P    635
508,6,0,2785,128,0,0,0,2785,129,0,0,0,2785,454,1,0,0,2785,134,1,    1013P    636
0,0,2785,133,1,0,0,2785,454,0,0;                                    1013P    637
508,6,0,2785,144,0,0,0,2785,145,0,0,0,2785,455,1,0,0,2785,150,1,    1015P    638
0,0,2785,149,1,0,0,2785,455,0,0;                                    1015P    639
508,6,0,2785,160,0,0,0,2785,161,0,0,0,2785,456,1,0,0,2785,166,1,    1017P    640
0,0,2785,165,1,0,0,2785,456,0,0;                                    1017P    641
508,6,0,2785,176,0,0,0,2785,177,0,0,0,2785,457,1,0,0,2785,182,1,    1019P    642
0,0,2785,181,1,0,0,2785,457,0,0;                                    1019P    643
508,6,0,2785,192,0,0,0,2785,193,0,0,0,2785,458,1,0,0,2785,198,1,    1021P    644
0,0,2785,197,1,0,0,2785,458,0,0;                                    1021P    645
508,6,0,2785,208,0,0,0,2785,209,0,0,0,2785,459,1,0,0,2785,214,1,    1023P    646
0,0,2785,213,1,0,0,2785,459,0,0;                                    1023P    647
508,6,0,2785,224,0,0,0,2785,225,0,0,0,2785,460,1,0,0,2785,230,1,    1025P    648
0,0,2785,229,1,0,0,2785,460,0,0;                                    1025P    649
508,6,0,2785,240,0,0,0,2785,241,0,0,0,2785,461,1,0,0,2785,246,1,    1027P    650
0,0,2785,245,1,0,0,2785,461,0,0;                                    1027P    651
508,6,0,2785,256,0,0,0,2785,257,0,0,0,2785,462,1,0,0,2785,262,1,    1029P    652
0,0,2785,261,1,0,0,2785,462,0,0;                                    1029P    653
508,6,0,2785,272,0,0,0,2785,273,0,0,0,2785,463,1,0,0,2785,278,1,    1031P    654
0,0,2785,277,1,0,0,2785,463,0,0;                                    1031P    655
508,6,0,2785,288,0,0,0,2785,289,0,0,0,2785,464,1,0,0,2785,294,1,    1033P    656
0,0,2785,293,1,0,0,2785,464,0,0;                                    1033P    657
508,6,0,2785,304,0,0,0,2785,305,0,0,0,2785,465,1,0,0,2785,310,1,    1035P    658
0,0,2785,309,1,0,0,2785,465,0,0;                                    1035P    659
508,6,0,2785,316,0,0,0,2785,317,0,0,0,2785,466,1,0,0,2785,325,1,    1037P    660
0,0,2785,324,1,0,0,2785,466,0,0;                                    1037P    661
508,4,0,2785,467,1,0,0,2785,468,1,0,0,2785,446,1,0,0,2785,468,0,    1039P    662
0;                                                                  1039P    663
508,4,0,2785,469,0,0,0,2785,470,1,0,0,2785,422,1,0,0,2785,470,0,    1041P    664
0;                                                                  1041P    665
508,2,0,2785,471,0,0,0,2785,472,0,0;                                1043P    666
508,2,0,2785,473,1,0,0,2785,474,1,0;                                1045P    667
508,2,0,2785,475,1,0,0,2785,476,1,0;                                1047P    668
508,2,0,2785,477,1,0,0,2785,478,1,0;                                1049P    669
508,2,0,2785,479,1,0,0,2785,480,1,0;                                1051P    670
508,2,0,2785,481,1,0,0,2785,482,1,0;                                1053P    671
508,2,0,2785,483,1,0,0,2785,484,1,0;                                1055P    672
508,2,0,2785,485,1,0,0,2785,486,1,0;                                1057P    673
508,2,0,2785,487,1,0,0,2785,488,1,0;                                1059P    674
508,1,0,2785,467,0,0;                                               1061P    675
508,5,0,2785,489,1,0,0,2785,490,1,0,0,2785,491,1,0,0,2785,492,1,    1063P    676
0,0,2785,490,0,0;                                                   1063P    677
508,5,0,2785,491,0,0,0,2785,492,0,0,0,2785,493,1,0,0,2785,494,0,    1065P    678
0,0,2785,493,0,0;                                                   1065P    679
508,2,0,2785,495,1,0,0,2785,496,1,0;                                1067P    680
508,1,0,2785,497,1,0;                                               1069P    681
508,1,0,2785,498,1,0;                                               1071P    682
508,1,0,2785,499,1,0;                                               1073P    683
508,1,0,2785,500,1,0;                                               1075P    684
508,1,0,2785,501,1,0;                                               1077P    685
508,1,0,2785,502,1,0;                                               1079P    686
508,1,0,2785,503,1,0;                                               1081P    687
508,1,0,2785,504,1,0;                                               1083P    688
508,1,0,2785,489,0,0;                                               1085P    689
508,6,0,2785,505,1,0,0,2785,506,1,0,0,2785,507,1,0,0,2785,508,1,    1087P    690
0,0,2785,506,0,0,0,2785,509,1,0;                                    1087P    691
508,6,0,2785,510,0,0,0,2785,511,0,0,0,2785,512,1,0,0,2785,508,0,    1089P    692
0,0,2785,507,0,0,0,2785,512,0,0;                                    1089P    693
508,2,0,2785,513,1,0,0,2785,514,1,0;                                1091P    694
508,2,0,2785,505,0,0,0,2785,509,0,0;                                1093P    695
508,6,0,2785,318,1,0,0,2785,515,1,0,0,2785,516,1,0,0,2785,517,1,    1095P    696
0,0,2785,515,0,0,0,2785,319,1,0;                                    1095P    697
508,2,0,2785,518,0,0,0,2785,519,0,0;                                1097P    698
508,2,0,2785,517,0,0,0,2785,516,0,0;                                1099P    699
508,5,0,2785,487,0,0,0,2785,488,0,0,0,2785,520,1,0,0,2785,521,0,    1101P    700
0,0,2785,520,0,0;                                                   1101P    701
508,4,0,2785,522,0,0,0,2785,523,1,0,0,2785,504,0,0,0,2785,523,0,    1103P    702
0;                                                                  1103P    703
508,5,0,2785,485,0,0,0,2785,486,0,0,0,2785,524,1,0,0,2785,525,0,    1105P    704
0,0,2785,524,0,0;                                                   1105P    705
508,4,0,2785,526,0,0,0,2785,527,1,0,0,2785,503,0,0,0,2785,527,0,    1107P    706
0;                                                                  1107P    707
508,5,0,2785,483,0,0,0,2785,484,0,0,0,2785,528,1,0,0,2785,529,0,    1109P    708
0,0,2785,528,0,0;                                                   1109P    709
508,4,0,2785,530,0,0,0,2785,531,1,0,0,2785,502,0,0,0,2785,531,0,    1111P    710
0;                                                                  1111P    711
508,5,0,2785,481,0,0,0,2785,482,0,0,0,2785,532,1,0,0,2785,533,0,    1113P    712
0,0,2785,532,0,0;                                                   1113P    713
508,4,0,2785,534,0,0,0,2785,535,1,0,0,2785,501,0,0,0,2785,535,0,    1115P    714
0;                                                                  1115P    715
508,5,0,2785,479,0,0,0,2785,480,0,0,0,2785,536,1,0,0,2785,537,0,    1117P    716
0,0,2785,536,0,0;                                                   1117P    717
508,4,0,2785,538,0,0,0,2785,539,1,0,0,2785,500,0,0,0,2785,539,0,    1119P    718
0;                                                                  1119P    719
508,5,0,2785,477,0,0,0,2785,478,0,0,0,2785,540,1,0,0,2785,541,0,    1121P    720
0,0,2785,540,0,0;                                                   1121P    721
508,4,0,2785,542,0,0,0,2785,543,1,0,0,2785,499,0,0,0,2785,543,0,    1123P    722
0;                                                                  1123P    723
508,5,0,2785,475,0,0,0,2785,476,0,0,0,2785,544,1,0,0,2785,545,0,    1125P    724
0,0,2785,544,0,0;                                                   1125P    725
508,4,0,2785,546,0,0,0,2785,547,1,0,0,2785,498,0,0,0,2785,547,0,    1127P    726
0;                                                                  1127P    727
508,5,0,2785,473,0,0,0,2785,474,0,0,0,2785,548,1,0,0,2785,549,0,    1129P    728
0,0,2785,548,0,0;                                                   1129P    729
508,4,0,2785,550,0,0,0,2785,551,1,0,0,2785,497,0,0,0,2785,551,0,    1131P    730
0;                                                                  1131P    731
508,1,0,2785,552,1,0;                                               1133P    732
508,1,0,2785,494,1,0;                                               1135P    733
508,4,0,2785,552,0,0,0,2785,553,1,0,0,2785,554,1,0,0,2785,553,0,    1137P    734
0;                                                                  1137P    735
508,1,0,2785,554,0,0;                                               1139P    736
508,1,0,2785,469,1,0;                                               1141P    737
508,2,0,2785,555,0,0,0,2785,556,0,0;                                1143P    738
508,1,0,2785,522,1,0;                                               1145P    739
508,1,0,2785,526,1,0;                                               1147P    740
508,1,0,2785,530,1,0;                                               1149P    741
508,1,0,2785,534,1,0;                                               1151P    742
508,1,0,2785,538,1,0;                                               1153P    743
508,1,0,2785,542,1,0;                                               1155P    744
508,1,0,2785,546,1,0;                                               1157P    745
508,1,0,2785,550,1,0;                                               1159P    746
508,2,0,2785,510,1,0,0,2785,511,1,0;                                1161P    747
508,6,0,2785,555,1,0,0,2785,557,1,0,0,2785,495,0,0,0,2785,496,0,    1163P    748
0,0,2785,557,0,0,0,2785,556,1,0;                                    1163P    749
508,6,0,2785,558,0,0,0,2785,559,0,0,0,2785,560,1,0,0,2785,472,1,    1165P    750
0,0,2785,471,1,0,0,2785,560,0,0;                                    1165P    751
508,2,0,2785,558,1,0,0,2785,559,1,0;                                1167P    752
508,1,0,2785,521,1,0;                                               1169P    753
508,1,0,2785,525,1,0;                                               1171P    754
508,1,0,2785,529,1,0;                                               1173P    755
508,1,0,2785,533,1,0;                                               1175P    756
508,1,0,2785,537,1,0;                                               1177P    757
508,1,0,2785,541,1,0;                                               1179P    758
508,1,0,2785,545,1,0;                                               1181P    759
508,1,0,2785,549,1,0;                                               1183P    760
508,2,0,2785,21,1,0,0,2785,22,1,0;                                  1185P    761
508,6,0,2785,513,0,0,0,2785,514,0,0,0,2785,561,1,0,0,2785,519,1,    1187P    762
0,0,2785,518,1,0,0,2785,561,0,0;                                    1187P    763
126,2,2,0,0,0,0,-3.14159265358979,-3.14159265358979,                1189P    764
-3.14159265358979,-1.5707963267949,-1.5707963267949,                1189P    765
-1.5707963267949,1.,0.707106781186547,1.,2.77076338307089D-15,      1189P    766
45.25,25.,-45.25,45.25,25.,-45.25,-4.50599160671589D-15,25.,        1189P    767
-3.14159265358979,-1.5707963267949,0.,0.,0.;                        1189P    768
126,2,2,0,0,0,0,1.57079632679489,1.57079632679489,                  1191P    769
1.57079632679489,3.14159265358979,3.14159265358979,                 1191P    770
3.14159265358979,1.,0.70710678118654,1.,-45.25,0.,25.,-44.25,0.,    1191P    771
25.,-44.25,0.,26.,1.57079632679489,3.14159265358979,0.,0.,0.;       1191P    772
126,2,2,0,0,0,0,1.5707963267949,1.5707963267949,1.5707963267949,    1193P    773
3.14159265358979,3.14159265358979,3.14159265358979,1.,              1193P    774
0.707106781186548,1.,-44.25,-4.4064116817056D-15,26.,-44.25,        1193P    775
44.25,26.,2.70953104311352D-15,44.25,26.,1.5707963267949,           1193P    776
3.14159265358979,0.,0.,0.;                                          1193P    777
126,6,2,0,0,0,0,-3.14159265358979,-3.14159265358979,                1195P    778
-3.14159265358979,-1.5707963267949,-1.5707963267949,                1195P    779
-1.48029736616688D-16,-1.48029736616688D-16,1.5707963267949,        1195P    780
1.5707963267949,1.5707963267949,1.,0.707106781186548,1.,            1195P    781
0.707106781186547,1.,0.707106781186547,1.,1.35476552155676D-14,     1195P    782
44.25,26.,44.25,44.25,26.,44.25,-1.08381241724541D-14,26.,44.25,    1195P    783
-44.25,26.,-1.57827728405213D-15,-44.25,26.,-44.25,-44.25,26.,      1195P    784
-44.25,-4.4064116817056D-15,26.,-3.14159265358979,                  1195P    785
1.5707963267949,0.,0.,0.;                                           1195P    786
126,6,2,0,0,0,0,-1.5707963267949,-1.5707963267949,                  1197P    787
-1.5707963267949,1.48029736616688D-16,1.48029736616688D-16,         1197P    788
1.5707963267949,1.5707963267949,3.14159265358979,                   1197P    789
3.14159265358979,3.14159265358979,1.,0.707106781186548,1.,          1197P    790
0.707106781186548,1.,0.707106781186548,1.,-45.25,                   1197P    791
-4.50599160671589D-15,25.,-45.25,-45.25,25.,                        1197P    792
-1.61394456730755D-15,-45.25,25.,45.25,-45.25,25.,45.25,            1197P    793
-1.10830535322835D-14,25.,45.25,45.25,25.,1.38538169153544D-14,     1197P    794
45.25,25.,-1.5707963267949,3.14159265358979,0.,0.,0.;               1197P    795
126,2,2,0,0,0,0,-3.14159265358979,-3.14159265358979,                1199P    796
-3.14159265358979,-1.5707963267949,-1.5707963267949,                1199P    797
-1.5707963267949,1.,0.707106781186547,1.,-8.12859312934056D-15,     1199P    798
44.25,28.8,-44.25,44.25,28.8,-44.25,4.4064116817056D-15,28.8,       1199P    799
-3.14159265358979,-1.5707963267949,0.,0.,0.;                        1199P    800
126,2,2,0,0,0,0,1.5707963267949,1.5707963267949,1.5707963267949,    1201P    801
3.14159265358979,3.14159265358979,3.14159265358979,1.,              1201P    802
0.707106781186547,1.,44.25,0.,28.8,44.25,44.25,28.8,                1201P    803
2.70953104311352D-15,44.25,28.8,1.5707963267949,                    1201P    804
3.14159265358979,0.,0.,0.;                                          1201P    805
126,4,2,0,0,0,0,-1.5707963267949,-1.5707963267949,                  1203P    806
-1.5707963267949,-1.11022302462516D-16,-1.11022302462516D-16,       1203P    807
1.5707963267949,1.5707963267949,1.5707963267949,1.,                 1203P    808
0.707106781186548,1.,0.707106781186548,1.,-44.25,                   1203P    809
4.4064116817056D-15,28.8,-44.25,-44.25,28.8,                        1203P    810
-2.2032058408528D-15,-44.25,28.8,44.25,-44.25,28.8,44.25,0.,        1203P    811
28.8,-1.5707963267949,1.5707963267949,0.,0.,0.;                     1203P    812
126,1,1,0,0,1,0,-0.289265536723164,-0.289265536723164,              1205P    813
-0.225988700564971,-0.225988700564971,1.,1.,-44.25,0.,28.8,         1205P    814
-44.25,0.,26.,-0.289265536723164,-0.225988700564971,0.,0.,0.;       1205P    815
126,2,2,0,0,0,0,1.5707963267949,1.5707963267949,1.5707963267949,    1207P    816
3.14159265358979,3.14159265358979,3.14159265358979,1.,              1207P    817
0.707106781186548,1.,3.29429988970638D-15,53.8,25.,-53.8,53.8,      1207P    818
25.,-53.8,6.58859977941276D-15,25.,1.5707963267949,                 1207P    819
3.14159265358979,0.,0.,0.;                                          1207P    820
126,6,2,0,0,0,0,3.14159265358979,3.14159265358979,                  1209P    821
3.14159265358979,4.71238898038469,4.71238898038469,                 1209P    822
6.28318530717959,6.28318530717959,7.85398163397448,                 1209P    823
7.85398163397448,7.85398163397448,1.,0.707106781186548,1.,          1209P    824
0.707106781186547,1.,0.707106781186548,1.,-53.8,                    1209P    825
6.58859977941276D-15,25.,-53.8,-53.8,25.,-9.88289966911914D-15,     1209P    826
-53.8,25.,53.8,-53.8,25.,53.8,-1.31771995588255D-14,25.,53.8,       1209P    827
53.8,25.,1.64714994485319D-14,53.8,25.,3.14159265358979,            1209P    828
7.85398163397448,0.,0.,0.;                                          1209P    829
126,2,2,0,0,0,0,-3.14159265358979,-3.14159265358979,                1211P    830
-3.14159265358979,-1.5707963267949,-1.5707963267949,                1211P    831
-1.5707963267949,1.,0.707106781186548,1.,2.77076338307089D-15,      1211P    832
45.25,19.6,45.25,45.25,19.6,45.25,0.,19.6,-3.14159265358979,        1211P    833
-1.5707963267949,0.,0.,0.;                                          1211P    834
126,2,2,0,0,0,0,1.57079632679489,1.57079632679489,                  1213P    835
1.57079632679489,3.14159265358979,3.14159265358979,                 1213P    836
3.14159265358979,1.,0.707106781186558,1.,45.25,0.,19.6,44.25,0.,    1213P    837
19.6,44.25,0.,18.6,1.57079632679489,3.14159265358979,0.,0.,0.;      1213P    838
126,2,2,0,0,0,0,1.5707963267949,1.5707963267949,1.5707963267949,    1215P    839
3.14159265358979,3.14159265358979,3.14159265358979,1.,              1215P    840
0.707106781186547,1.,44.25,0.,18.6,44.25,44.25,18.6,                1215P    841
2.70953104311352D-15,44.25,18.6,1.5707963267949,                    1215P    842
3.14159265358979,0.,0.,0.;                                          1215P    843
126,2,2,0,0,0,0,-3.14159265358979,-3.14159265358979,                1217P    844
-3.14159265358979,-1.5707963267949,-1.5707963267949,                1217P    845
-1.5707963267949,1.,0.707106781186547,1.,-8.12859312934056D-15,     1217P    846
44.25,18.6,-44.25,44.25,18.6,-44.25,4.4064116817056D-15,18.6,       1217P    847
-3.14159265358979,-1.5707963267949,0.,0.,0.;                        1217P    848
126,4,2,0,0,0,0,-1.5707963267949,-1.5707963267949,                  1219P    849
-1.5707963267949,-1.11022302462516D-16,-1.11022302462516D-16,       1219P    850
1.5707963267949,1.5707963267949,1.5707963267949,1.,                 1219P    851
0.707106781186548,1.,0.707106781186548,1.,-44.25,                   1219P    852
4.4064116817056D-15,18.6,-44.25,-44.25,18.6,                        1219P    853
-2.2032058408528D-15,-44.25,18.6,44.25,-44.25,18.6,44.25,0.,        1219P    854
18.6,-1.5707963267949,1.5707963267949,0.,0.,0.;                     1219P    855
126,6,2,0,0,0,0,-1.5707963267949,-1.5707963267949,                  1221P    856
-1.5707963267949,0.,0.,1.5707963267949,1.5707963267949,             1221P    857
3.14159265358979,3.14159265358979,3.14159265358979,1.,              1221P    858
0.707106781186548,1.,0.707106781186548,1.,0.707106781186548,1.,     1221P    859
45.25,0.,19.6,45.25,-45.25,19.6,2.77076338307089D-15,-45.25,        1221P    860
19.6,-45.25,-45.25,19.6,-45.25,-5.54152676614177D-15,19.6,          1221P    861
-45.25,45.25,19.6,-8.31229014921266D-15,45.25,19.6,                 1221P    862
-1.5707963267949,3.14159265358979,0.,0.,0.;                         1221P    863
126,2,2,0,0,0,0,1.5707963267949,1.5707963267949,1.5707963267949,    1223P    864
3.14159265358979,3.14159265358979,3.14159265358979,1.,              1223P    865
0.707106781186548,1.,3.29429988970638D-15,53.8,19.6,-53.8,53.8,     1223P    866
19.6,-53.8,6.58859977941276D-15,19.6,1.5707963267949,               1223P    867
3.14159265358979,0.,0.,0.;                                          1223P    868
126,6,2,0,0,0,0,3.14159265358979,3.14159265358979,                  1225P    869
3.14159265358979,4.71238898038469,4.71238898038469,                 1225P    870
6.28318530717959,6.28318530717959,7.85398163397448,                 1225P    871
7.85398163397448,7.85398163397448,1.,0.707106781186548,1.,          1225P    872
0.707106781186547,1.,0.707106781186548,1.,-53.8,                    1225P    873
6.58859977941276D-15,19.6,-53.8,-53.8,19.6,                         1225P    874
-9.88289966911914D-15,-53.8,19.6,53.8,-53.8,19.6,53.8,              1225P    875
-1.31771995588255D-14,19.6,53.8,53.8,19.6,1.64714994485319D-14,     1225P    876
53.8,19.6,3.14159265358979,7.85398163397448,0.,0.,0.;               1225P    877
126,1,1,0,0,1,0,-0.0587570621468927,-0.0587570621468927,0.,0.,      1227P    878
1.,1.,-44.25,0.,18.6,-44.25,0.,16.,-0.0587570621468927,0.,0.,0.,    1227P    879
0.;                                                                 1227P    880
126,4,2,0,0,0,0,0.,0.,0.,1.5707963267949,1.5707963267949,           1229P    881
3.14159265358979,3.14159265358979,3.14159265358979,1.,              1229P    882
0.707106781186548,1.,0.707106781186548,1.,44.25,0.,16.,44.25,       1229P    883
-44.25,16.,2.70953104311352D-15,-44.25,16.,-44.25,-44.25,16.,       1229P    884
-44.25,-5.41906208622704D-15,16.,0.,3.14159265358979,0.,0.,0.;      1229P    885
126,4,2,0,0,0,0,3.14159265358979,3.14159265358979,                  1231P    886
3.14159265358979,4.71238898038469,4.71238898038469,                 1231P    887
6.28318530717959,6.28318530717959,6.28318530717959,1.,              1231P    888
0.707106781186548,1.,0.707106781186547,1.,-44.25,                   1231P    889
-5.41906208622704D-15,16.,-44.25,44.25,16.,                         1231P    890
-8.12859312934056D-15,44.25,16.,44.25,44.25,16.,44.25,              1231P    891
1.08381241724541D-14,16.,3.14159265358979,6.28318530717959,0.,      1231P    892
0.,0.;                                                              1231P    893
126,2,2,0,0,0,0,-3.14159265358979,-3.14159265358979,                1233P    894
-3.14159265358979,-1.5707963267949,-1.5707963267949,                1233P    895
-1.5707963267949,1.,0.707106781186547,1.,2.77076338307089D-15,      1233P    896
45.25,35.2,-45.25,45.25,35.2,-45.25,-4.50599160671589D-15,35.2,     1233P    897
-3.14159265358979,-1.5707963267949,0.,0.,0.;                        1233P    898
126,2,2,0,0,0,0,1.57079632679489,1.57079632679489,                  1235P    899
1.57079632679489,3.14159265358979,3.14159265358979,                 1235P    900
3.14159265358979,1.,0.70710678118654,1.,-45.25,0.,35.2,-44.25,      1235P    901
0.,35.2,-44.25,0.,36.2,1.57079632679489,3.14159265358979,0.,0.,     1235P    902
0.;                                                                 1235P    903
126,2,2,0,0,0,0,1.5707963267949,1.5707963267949,1.5707963267949,    1237P    904
3.14159265358979,3.14159265358979,3.14159265358979,1.,              1237P    905
0.707106781186548,1.,-44.25,-4.4064116817056D-15,36.2,-44.25,       1237P    906
44.25,36.2,2.70953104311352D-15,44.25,36.2,1.5707963267949,         1237P    907
3.14159265358979,0.,0.,0.;                                          1237P    908
126,6,2,0,0,0,0,-3.14159265358979,-3.14159265358979,                1239P    909
-3.14159265358979,-1.5707963267949,-1.5707963267949,                1239P    910
-1.48029736616688D-16,-1.48029736616688D-16,1.5707963267949,        1239P    911
1.5707963267949,1.5707963267949,1.,0.707106781186548,1.,            1239P    912
0.707106781186547,1.,0.707106781186547,1.,1.35476552155676D-14,     1239P    913
44.25,36.2,44.25,44.25,36.2,44.25,-1.08381241724541D-14,36.2,       1239P    914
44.25,-44.25,36.2,-1.57827728405213D-15,-44.25,36.2,-44.25,         1239P    915
-44.25,36.2,-44.25,-4.4064116817056D-15,36.2,-3.14159265358979,     1239P    916
1.5707963267949,0.,0.,0.;                                           1239P    917
126,6,2,0,0,0,0,-1.5707963267949,-1.5707963267949,                  1241P    918
-1.5707963267949,1.48029736616688D-16,1.48029736616688D-16,         1241P    919
1.5707963267949,1.5707963267949,3.14159265358979,                   1241P    920
3.14159265358979,3.14159265358979,1.,0.707106781186548,1.,          1241P    921
0.707106781186548,1.,0.707106781186548,1.,-45.25,                   1241P    922
-4.50599160671589D-15,35.2,-45.25,-45.25,35.2,                      1241P    923
-1.61394456730755D-15,-45.25,35.2,45.25,-45.25,35.2,45.25,          1241P    924
-1.10830535322835D-14,35.2,45.25,45.25,35.2,                        1241P    925
1.38538169153544D-14,45.25,35.2,-1.5707963267949,                   1241P    926
3.14159265358979,0.,0.,0.;                                          1241P    927
126,2,2,0,0,0,0,-3.14159265358979,-3.14159265358979,                1243P    928
-3.14159265358979,-1.5707963267949,-1.5707963267949,                1243P    929
-1.5707963267949,1.,0.707106781186547,1.,-8.12859312934056D-15,     1243P    930
44.25,39.,-44.25,44.25,39.,-44.25,4.4064116817056D-15,39.,          1243P    931
-3.14159265358979,-1.5707963267949,0.,0.,0.;                        1243P    932
126,2,2,0,0,0,0,1.5707963267949,1.5707963267949,1.5707963267949,    1245P    933
3.14159265358979,3.14159265358979,3.14159265358979,1.,              1245P    934
0.707106781186547,1.,44.25,0.,39.,44.25,44.25,39.,                  1245P    935
2.70953104311352D-15,44.25,39.,1.5707963267949,3.14159265358979,    1245P    936
0.,0.,0.;                                                           1245P    937
126,4,2,0,0,0,0,-1.5707963267949,-1.5707963267949,                  1247P    938
-1.5707963267949,-1.11022302462516D-16,-1.11022302462516D-16,       1247P    939
1.5707963267949,1.5707963267949,1.5707963267949,1.,                 1247P    940
0.707106781186548,1.,0.707106781186548,1.,-44.25,                   1247P    941
4.4064116817056D-15,39.,-44.25,-44.25,39.,-2.2032058408528D-15,     1247P    942
-44.25,39.,44.25,-44.25,39.,44.25,0.,39.,-1.5707963267949,          1247P    943
1.5707963267949,0.,0.,0.;                                           1247P    944
126,1,1,0,0,1,0,-0.519774011299435,-0.519774011299435,              1249P    945
-0.456497175141242,-0.456497175141242,1.,1.,-44.25,0.,39.,          1249P    946
-44.25,0.,36.2,-0.519774011299435,-0.456497175141242,0.,0.,0.;      1249P    947
126,2,2,0,0,0,0,1.5707963267949,1.5707963267949,1.5707963267949,    1251P    948
3.14159265358979,3.14159265358979,3.14159265358979,1.,              1251P    949
0.707106781186548,1.,3.29429988970638D-15,53.8,35.2,-53.8,53.8,     1251P    950
35.2,-53.8,6.58859977941276D-15,35.2,1.5707963267949,               1251P    951
3.14159265358979,0.,0.,0.;                                          1251P    952
126,6,2,0,0,0,0,3.14159265358979,3.14159265358979,                  1253P    953
3.14159265358979,4.71238898038469,4.71238898038469,                 1253P    954
6.28318530717959,6.28318530717959,7.85398163397448,                 1253P    955
7.85398163397448,7.85398163397448,1.,0.707106781186548,1.,          1253P    956
0.707106781186547,1.,0.707106781186548,1.,-53.8,                    1253P    957
6.58859977941276D-15,35.2,-53.8,-53.8,35.2,                         1253P    958
-9.88289966911914D-15,-53.8,35.2,53.8,-53.8,35.2,53.8,              1253P    959
-1.31771995588255D-14,35.2,53.8,53.8,35.2,1.64714994485319D-14,     1253P    960
53.8,35.2,3.14159265358979,7.85398163397448,0.,0.,0.;               1253P    961
126,2,2,0,0,0,0,-3.14159265358979,-3.14159265358979,                1255P    962
-3.14159265358979,-1.5707963267949,-1.5707963267949,                1255P    963
-1.5707963267949,1.,0.707106781186548,1.,2.77076338307089D-15,      1255P    964
45.25,29.8,45.25,45.25,29.8,45.25,0.,29.8,-3.14159265358979,        1255P    965
-1.5707963267949,0.,0.,0.;                                          1255P    966
126,2,2,0,0,0,0,1.57079632679489,1.57079632679489,                  1257P    967
1.57079632679489,3.14159265358979,3.14159265358979,                 1257P    968
3.14159265358979,1.,0.70710678118656,1.,45.25,0.,29.8,44.25,0.,     1257P    969
29.8,44.25,0.,28.8,1.57079632679489,3.14159265358979,0.,0.,0.;      1257P    970
126,6,2,0,0,0,0,-1.5707963267949,-1.5707963267949,                  1259P    971
-1.5707963267949,0.,0.,1.5707963267949,1.5707963267949,             1259P    972
3.14159265358979,3.14159265358979,3.14159265358979,1.,              1259P    973
0.707106781186548,1.,0.707106781186548,1.,0.707106781186548,1.,     1259P    974
45.25,0.,29.8,45.25,-45.25,29.8,2.77076338307089D-15,-45.25,        1259P    975
29.8,-45.25,-45.25,29.8,-45.25,-5.54152676614177D-15,29.8,          1259P    976
-45.25,45.25,29.8,-8.31229014921266D-15,45.25,29.8,                 1259P    977
-1.5707963267949,3.14159265358979,0.,0.,0.;                         1259P    978
126,2,2,0,0,0,0,1.5707963267949,1.5707963267949,1.5707963267949,    1261P    979
3.14159265358979,3.14159265358979,3.14159265358979,1.,              1261P    980
0.707106781186548,1.,3.29429988970638D-15,53.8,29.8,-53.8,53.8,     1261P    981
29.8,-53.8,6.58859977941276D-15,29.8,1.5707963267949,               1261P    982
3.14159265358979,0.,0.,0.;                                          1261P    983
126,6,2,0,0,0,0,3.14159265358979,3.14159265358979,                  1263P    984
3.14159265358979,4.71238898038469,4.71238898038469,                 1263P    985
6.28318530717959,6.28318530717959,7.85398163397448,                 1263P    986
7.85398163397448,7.85398163397448,1.,0.707106781186548,1.,          1263P    987
0.707106781186547,1.,0.707106781186548,1.,-53.8,                    1263P    988
6.58859977941276D-15,29.8,-53.8,-53.8,29.8,                         1263P    989
-9.88289966911914D-15,-53.8,29.8,53.8,-53.8,29.8,53.8,              1263P    990
-1.31771995588255D-14,29.8,53.8,53.8,29.8,1.64714994485319D-14,     1263P    991
53.8,29.8,3.14159265358979,7.85398163397448,0.,0.,0.;               1263P    992
126,2,2,0,0,0,0,-3.14159265358979,-3.14159265358979,                1265P    993
-3.14159265358979,-1.5707963267949,-1.5707963267949,                1265P    994
-1.5707963267949,1.,0.707106781186547,1.,2.77076338307089D-15,      1265P    995
45.25,45.4,-45.25,45.25,45.4,-45.25,-4.50599160671589D-15,45.4,     1265P    996
-3.14159265358979,-1.5707963267949,0.,0.,0.;                        1265P    997
126,2,2,0,0,0,0,1.57079632679489,1.57079632679489,                  1267P    998
1.57079632679489,3.14159265358979,3.14159265358979,                 1267P    999
3.14159265358979,1.,0.707106781186554,1.,-45.25,0.,45.4,-44.25,     1267P   1000
0.,45.4,-44.25,0.,46.3999999999999,1.57079632679489,                1267P   1001
3.14159265358979,0.,0.,0.;                                          1267P   1002
126,2,2,0,0,0,0,1.5707963267949,1.5707963267949,1.5707963267949,    1269P   1003
3.14159265358979,3.14159265358979,3.14159265358979,1.,              1269P   1004
0.707106781186548,1.,-44.25,-4.4064116817056D-15,                   1269P   1005
46.3999999999999,-44.25,44.25,46.3999999999999,                     1269P   1006
2.70953104311352D-15,44.25,46.3999999999999,1.5707963267949,        1269P   1007
3.14159265358979,0.,0.,0.;                                          1269P   1008
126,6,2,0,0,0,0,-3.14159265358979,-3.14159265358979,                1271P   1009
-3.14159265358979,-1.5707963267949,-1.5707963267949,                1271P   1010
-1.48029736616688D-16,-1.48029736616688D-16,1.5707963267949,        1271P   1011
1.5707963267949,1.5707963267949,1.,0.707106781186548,1.,            1271P   1012
0.707106781186547,1.,0.707106781186547,1.,1.35476552155676D-14,     1271P   1013
44.25,46.3999999999999,44.25,44.25,46.3999999999999,44.25,          1271P   1014
-1.08381241724541D-14,46.3999999999999,44.25,-44.25,                1271P   1015
46.3999999999999,-1.57827728405213D-15,-44.25,46.3999999999999,     1271P   1016
-44.25,-44.25,46.3999999999999,-44.25,-4.4064116817056D-15,         1271P   1017
46.3999999999999,-3.14159265358979,1.5707963267949,0.,0.,0.;        1271P   1018
126,6,2,0,0,0,0,-1.5707963267949,-1.5707963267949,                  1273P   1019
-1.5707963267949,1.48029736616688D-16,1.48029736616688D-16,         1273P   1020
1.5707963267949,1.5707963267949,3.14159265358979,                   1273P   1021
3.14159265358979,3.14159265358979,1.,0.707106781186548,1.,          1273P   1022
0.707106781186548,1.,0.707106781186548,1.,-45.25,                   1273P   1023
-4.50599160671589D-15,45.4,-45.25,-45.25,45.4,                      1273P   1024
-1.61394456730755D-15,-45.25,45.4,45.25,-45.25,45.4,45.25,          1273P   1025
-1.10830535322835D-14,45.4,45.25,45.25,45.4,                        1273P   1026
1.38538169153544D-14,45.25,45.4,-1.5707963267949,                   1273P   1027
3.14159265358979,0.,0.,0.;                                          1273P   1028
126,2,2,0,0,0,0,-3.14159265358979,-3.14159265358979,                1275P   1029
-3.14159265358979,-1.5707963267949,-1.5707963267949,                1275P   1030
-1.5707963267949,1.,0.707106781186547,1.,-8.12859312934056D-15,     1275P   1031
44.25,49.2,-44.25,44.25,49.2,-44.25,4.4064116817056D-15,49.2,       1275P   1032
-3.14159265358979,-1.5707963267949,0.,0.,0.;                        1275P   1033
126,2,2,0,0,0,0,1.5707963267949,1.5707963267949,1.5707963267949,    1277P   1034
3.14159265358979,3.14159265358979,3.14159265358979,1.,              1277P   1035
0.707106781186547,1.,44.25,0.,49.2,44.25,44.25,49.2,                1277P   1036
2.70953104311352D-15,44.25,49.2,1.5707963267949,                    1277P   1037
3.14159265358979,0.,0.,0.;                                          1277P   1038
126,4,2,0,0,0,0,-1.5707963267949,-1.5707963267949,                  1279P   1039
-1.5707963267949,-1.11022302462516D-16,-1.11022302462516D-16,       1279P   1040
1.5707963267949,1.5707963267949,1.5707963267949,1.,                 1279P   1041
0.707106781186548,1.,0.707106781186548,1.,-44.25,                   1279P   1042
4.4064116817056D-15,49.2,-44.25,-44.25,49.2,                        1279P   1043
-2.2032058408528D-15,-44.25,49.2,44.25,-44.25,49.2,44.25,0.,        1279P   1044
49.2,-1.5707963267949,1.5707963267949,0.,0.,0.;                     1279P   1045
126,1,1,0,0,1,0,-0.750282485875706,-0.750282485875706,              1281P   1046
-0.687005649717513,-0.687005649717513,1.,1.,-44.25,0.,49.2,         1281P   1047
-44.25,0.,46.3999999999999,-0.750282485875706,                      1281P   1048
-0.687005649717513,0.,0.,0.;                                        1281P   1049
126,2,2,0,0,0,0,1.5707963267949,1.5707963267949,1.5707963267949,    1283P   1050
3.14159265358979,3.14159265358979,3.14159265358979,1.,              1283P   1051
0.707106781186548,1.,3.29429988970638D-15,53.8,45.4,-53.8,53.8,     1283P   1052
45.4,-53.8,6.58859977941276D-15,45.4,1.5707963267949,               1283P   1053
3.14159265358979,0.,0.,0.;                                          1283P   1054
126,6,2,0,0,0,0,3.14159265358979,3.14159265358979,                  1285P   1055
3.14159265358979,4.71238898038469,4.71238898038469,                 1285P   1056
6.28318530717959,6.28318530717959,7.85398163397448,                 1285P   1057
7.85398163397448,7.85398163397448,1.,0.707106781186548,1.,          1285P   1058
0.707106781186547,1.,0.707106781186548,1.,-53.8,                    1285P   1059
6.58859977941276D-15,45.4,-53.8,-53.8,45.4,                         1285P   1060
-9.88289966911914D-15,-53.8,45.4,53.8,-53.8,45.4,53.8,              1285P   1061
-1.31771995588255D-14,45.4,53.8,53.8,45.4,1.64714994485319D-14,     1285P   1062
53.8,45.4,3.14159265358979,7.85398163397448,0.,0.,0.;               1285P   1063
126,2,2,0,0,0,0,-3.14159265358979,-3.14159265358979,                1287P   1064
-3.14159265358979,-1.5707963267949,-1.5707963267949,                1287P   1065
-1.5707963267949,1.,0.707106781186548,1.,2.77076338307089D-15,      1287P   1066
45.25,40.,45.25,45.25,40.,45.25,0.,40.,-3.14159265358979,           1287P   1067
-1.5707963267949,0.,0.,0.;                                          1287P   1068
126,2,2,0,0,0,0,1.57079632679489,1.57079632679489,                  1289P   1069
1.57079632679489,3.14159265358979,3.14159265358979,                 1289P   1070
3.14159265358979,1.,0.70710678118656,1.,45.25,0.,40.,44.25,0.,      1289P   1071
40.,44.25,0.,39.,1.57079632679489,3.14159265358979,0.,0.,0.;        1289P   1072
126,6,2,0,0,0,0,-1.5707963267949,-1.5707963267949,                  1291P   1073
-1.5707963267949,0.,0.,1.5707963267949,1.5707963267949,             1291P   1074
3.14159265358979,3.14159265358979,3.14159265358979,1.,              1291P   1075
0.707106781186548,1.,0.707106781186548,1.,0.707106781186548,1.,     1291P   1076
45.25,0.,40.,45.25,-45.25,40.,2.77076338307089D-15,-45.25,40.,      1291P   1077
-45.25,-45.25,40.,-45.25,-5.54152676614177D-15,40.,-45.25,45.25,    1291P   1078
40.,-8.31229014921266D-15,45.25,40.,-1.5707963267949,               1291P   1079
3.14159265358979,0.,0.,0.;                                          1291P   1080
126,2,2,0,0,0,0,1.5707963267949,1.5707963267949,1.5707963267949,    1293P   1081
3.14159265358979,3.14159265358979,3.14159265358979,1.,              1293P   1082
0.707106781186548,1.,3.29429988970638D-15,53.8,40.,-53.8,53.8,      1293P   1083
40.,-53.8,6.58859977941276D-15,40.,1.5707963267949,                 1293P   1084
3.14159265358979,0.,0.,0.;                                          1293P   1085
126,6,2,0,0,0,0,3.14159265358979,3.14159265358979,                  1295P   1086
3.14159265358979,4.71238898038469,4.71238898038469,                 1295P   1087
6.28318530717959,6.28318530717959,7.85398163397448,                 1295P   1088
7.85398163397448,7.85398163397448,1.,0.707106781186548,1.,          1295P   1089
0.707106781186547,1.,0.707106781186548,1.,-53.8,                    1295P   1090
6.58859977941276D-15,40.,-53.8,-53.8,40.,-9.88289966911914D-15,     1295P   1091
-53.8,40.,53.8,-53.8,40.,53.8,-1.31771995588255D-14,40.,53.8,       1295P   1092
53.8,40.,1.64714994485319D-14,53.8,40.,3.14159265358979,            1295P   1093
7.85398163397448,0.,0.,0.;                                          1295P   1094
126,2,2,0,0,0,0,-3.14159265358979,-3.14159265358979,                1297P   1095
-3.14159265358979,-1.5707963267949,-1.5707963267949,                1297P   1096
-1.5707963267949,1.,0.707106781186547,1.,2.77076338307089D-15,      1297P   1097
45.25,55.6,-45.25,45.25,55.6,-45.25,-4.50599160671589D-15,55.6,     1297P   1098
-3.14159265358979,-1.5707963267949,0.,0.,0.;                        1297P   1099
126,2,2,0,0,0,0,1.57079632679489,1.57079632679489,                  1299P   1100
1.57079632679489,3.14159265358979,3.14159265358979,                 1299P   1101
3.14159265358979,1.,0.707106781186554,1.,-45.25,0.,55.6,-44.25,     1299P   1102
0.,55.6,-44.25,0.,56.6,1.57079632679489,3.14159265358979,0.,0.,     1299P   1103
0.;                                                                 1299P   1104
126,2,2,0,0,0,0,1.5707963267949,1.5707963267949,1.5707963267949,    1301P   1105
3.14159265358979,3.14159265358979,3.14159265358979,1.,              1301P   1106
0.707106781186548,1.,-44.25,-4.4064116817056D-15,56.6,-44.25,       1301P   1107
44.25,56.6,2.70953104311352D-15,44.25,56.6,1.5707963267949,         1301P   1108
3.14159265358979,0.,0.,0.;                                          1301P   1109
126,6,2,0,0,0,0,-3.14159265358979,-3.14159265358979,                1303P   1110
-3.14159265358979,-1.5707963267949,-1.5707963267949,                1303P   1111
-1.48029736616688D-16,-1.48029736616688D-16,1.5707963267949,        1303P   1112
1.5707963267949,1.5707963267949,1.,0.707106781186548,1.,            1303P   1113
0.707106781186547,1.,0.707106781186547,1.,1.35476552155676D-14,     1303P   1114
44.25,56.6,44.25,44.25,56.6,44.25,-1.08381241724541D-14,56.6,       1303P   1115
44.25,-44.25,56.6,-1.57827728405213D-15,-44.25,56.6,-44.25,         1303P   1116
-44.25,56.6,-44.25,-4.4064116817056D-15,56.6,-3.14159265358979,     1303P   1117
1.5707963267949,0.,0.,0.;                                           1303P   1118
126,6,2,0,0,0,0,-1.5707963267949,-1.5707963267949,                  1305P   1119
-1.5707963267949,1.48029736616688D-16,1.48029736616688D-16,         1305P   1120
1.5707963267949,1.5707963267949,3.14159265358979,                   1305P   1121
3.14159265358979,3.14159265358979,1.,0.707106781186548,1.,          1305P   1122
0.707106781186548,1.,0.707106781186548,1.,-45.25,                   1305P   1123
-4.50599160671589D-15,55.6,-45.25,-45.25,55.6,                      1305P   1124
-1.61394456730755D-15,-45.25,55.6,45.25,-45.25,55.6,45.25,          1305P   1125
-1.10830535322835D-14,55.6,45.25,45.25,55.6,                        1305P   1126
1.38538169153544D-14,45.25,55.6,-1.5707963267949,                   1305P   1127
3.14159265358979,0.,0.,0.;                                          1305P   1128
126,2,2,0,0,0,0,-3.14159265358979,-3.14159265358979,                1307P   1129
-3.14159265358979,-1.5707963267949,-1.5707963267949,                1307P   1130
-1.5707963267949,1.,0.707106781186547,1.,-8.12859312934056D-15,     1307P   1131
44.25,59.4,-44.25,44.25,59.4,-44.25,4.4064116817056D-15,59.4,       1307P   1132
-3.14159265358979,-1.5707963267949,0.,0.,0.;                        1307P   1133
126,2,2,0,0,0,0,1.5707963267949,1.5707963267949,1.5707963267949,    1309P   1134
3.14159265358979,3.14159265358979,3.14159265358979,1.,              1309P   1135
0.707106781186547,1.,44.25,0.,59.4,44.25,44.25,59.4,                1309P   1136
2.70953104311352D-15,44.25,59.4,1.5707963267949,                    1309P   1137
3.14159265358979,0.,0.,0.;                                          1309P   1138
126,4,2,0,0,0,0,-1.5707963267949,-1.5707963267949,                  1311P   1139
-1.5707963267949,-1.11022302462516D-16,-1.11022302462516D-16,       1311P   1140
1.5707963267949,1.5707963267949,1.5707963267949,1.,                 1311P   1141
0.707106781186548,1.,0.707106781186548,1.,-44.25,                   1311P   1142
4.4064116817056D-15,59.4,-44.25,-44.25,59.4,                        1311P   1143
-2.2032058408528D-15,-44.25,59.4,44.25,-44.25,59.4,44.25,0.,        1311P   1144
59.4,-1.5707963267949,1.5707963267949,0.,0.,0.;                     1311P   1145
126,1,1,0,0,1,0,-0.980790960451977,-0.980790960451977,              1313P   1146
-0.917514124293784,-0.917514124293784,1.,1.,-44.25,0.,59.4,         1313P   1147
-44.25,0.,56.6,-0.980790960451977,-0.917514124293784,0.,0.,0.;      1313P   1148
126,2,2,0,0,0,0,1.5707963267949,1.5707963267949,1.5707963267949,    1315P   1149
3.14159265358979,3.14159265358979,3.14159265358979,1.,              1315P   1150
0.707106781186548,1.,3.29429988970638D-15,53.8,55.6,-53.8,53.8,     1315P   1151
55.6,-53.8,6.58859977941276D-15,55.6,1.5707963267949,               1315P   1152
3.14159265358979,0.,0.,0.;                                          1315P   1153
126,6,2,0,0,0,0,3.14159265358979,3.14159265358979,                  1317P   1154
3.14159265358979,4.71238898038469,4.71238898038469,                 1317P   1155
6.28318530717959,6.28318530717959,7.85398163397448,                 1317P   1156
7.85398163397448,7.85398163397448,1.,0.707106781186548,1.,          1317P   1157
0.707106781186547,1.,0.707106781186548,1.,-53.8,                    1317P   1158
6.58859977941276D-15,55.6,-53.8,-53.8,55.6,                         1317P   1159
-9.88289966911914D-15,-53.8,55.6,53.8,-53.8,55.6,53.8,              1317P   1160
-1.31771995588255D-14,55.6,53.8,53.8,55.6,1.64714994485319D-14,     1317P   1161
53.8,55.6,3.14159265358979,7.85398163397448,0.,0.,0.;               1317P   1162
126,2,2,0,0,0,0,-3.14159265358979,-3.14159265358979,                1319P   1163
-3.14159265358979,-1.5707963267949,-1.5707963267949,                1319P   1164
-1.5707963267949,1.,0.707106781186548,1.,2.77076338307089D-15,      1319P   1165
45.25,50.2,45.25,45.25,50.2,45.25,0.,50.2,-3.14159265358979,        1319P   1166
-1.5707963267949,0.,0.,0.;                                          1319P   1167
126,2,2,0,0,0,0,1.57079632679489,1.57079632679489,                  1321P   1168
1.57079632679489,3.14159265358979,3.14159265358979,                 1321P   1169
3.14159265358979,1.,0.707106781186551,1.,45.25,0.,50.2,44.25,0.,    1321P   1170
50.2,44.25,0.,49.2,1.57079632679489,3.14159265358979,0.,0.,0.;      1321P   1171
126,6,2,0,0,0,0,-1.5707963267949,-1.5707963267949,                  1323P   1172
-1.5707963267949,0.,0.,1.5707963267949,1.5707963267949,             1323P   1173
3.14159265358979,3.14159265358979,3.14159265358979,1.,              1323P   1174
0.707106781186548,1.,0.707106781186548,1.,0.707106781186548,1.,     1323P   1175
45.25,0.,50.2,45.25,-45.25,50.2,2.77076338307089D-15,-45.25,        1323P   1176
50.2,-45.25,-45.25,50.2,-45.25,-5.54152676614177D-15,50.2,          1323P   1177
-45.25,45.25,50.2,-8.31229014921266D-15,45.25,50.2,                 1323P   1178
-1.5707963267949,3.14159265358979,0.,0.,0.;                         1323P   1179
126,2,2,0,0,0,0,1.5707963267949,1.5707963267949,1.5707963267949,    1325P   1180
3.14159265358979,3.14159265358979,3.14159265358979,1.,              1325P   1181
0.707106781186548,1.,3.29429988970638D-15,53.8,50.2,-53.8,53.8,     1325P   1182
50.2,-53.8,6.58859977941276D-15,50.2,1.5707963267949,               1325P   1183
3.14159265358979,0.,0.,0.;                                          1325P   1184
126,6,2,0,0,0,0,3.14159265358979,3.14159265358979,                  1327P   1185
3.14159265358979,4.71238898038469,4.71238898038469,                 1327P   1186
6.28318530717959,6.28318530717959,7.85398163397448,                 1327P   1187
7.85398163397448,7.85398163397448,1.,0.707106781186548,1.,          1327P   1188
0.707106781186547,1.,0.707106781186548,1.,-53.8,                    1327P   1189
6.58859977941276D-15,50.2,-53.8,-53.8,50.2,                         1327P   1190
-9.88289966911914D-15,-53.8,50.2,53.8,-53.8,50.2,53.8,              1327P   1191
-1.31771995588255D-14,50.2,53.8,53.8,50.2,1.64714994485319D-14,     1327P   1192
53.8,50.2,3.14159265358979,7.85398163397448,0.,0.,0.;               1327P   1193
126,2,2,0,0,0,0,-3.14159265358979,-3.14159265358979,                1329P   1194
-3.14159265358979,-1.5707963267949,-1.5707963267949,                1329P   1195
-1.5707963267949,1.,0.707106781186547,1.,2.77076338307089D-15,      1329P   1196
45.25,65.8,-45.25,45.25,65.8,-45.25,-4.50599160671589D-15,65.8,     1329P   1197
-3.14159265358979,-1.5707963267949,0.,0.,0.;                        1329P   1198
126,2,2,0,0,0,0,1.57079632679489,1.57079632679489,                  1331P   1199
1.57079632679489,3.14159265358979,3.14159265358979,                 1331P   1200
3.14159265358979,1.,0.707106781186554,1.,-45.25,0.,65.8,-44.25,     1331P   1201
0.,65.8,-44.25,0.,66.7999999999999,1.57079632679489,                1331P   1202
3.14159265358979,0.,0.,0.;                                          1331P   1203
126,2,2,0,0,0,0,1.5707963267949,1.5707963267949,1.5707963267949,    1333P   1204
3.14159265358979,3.14159265358979,3.14159265358979,1.,              1333P   1205
0.707106781186548,1.,-44.25,-4.4064116817056D-15,                   1333P   1206
66.7999999999999,-44.25,44.25,66.7999999999999,                     1333P   1207
2.70953104311352D-15,44.25,66.7999999999999,1.5707963267949,        1333P   1208
3.14159265358979,0.,0.,0.;                                          1333P   1209
126,6,2,0,0,0,0,-3.14159265358979,-3.14159265358979,                1335P   1210
-3.14159265358979,-1.5707963267949,-1.5707963267949,                1335P   1211
-1.48029736616688D-16,-1.48029736616688D-16,1.5707963267949,        1335P   1212
1.5707963267949,1.5707963267949,1.,0.707106781186548,1.,            1335P   1213
0.707106781186547,1.,0.707106781186547,1.,1.35476552155676D-14,     1335P   1214
44.25,66.7999999999999,44.25,44.25,66.7999999999999,44.25,          1335P   1215
-1.08381241724541D-14,66.7999999999999,44.25,-44.25,                1335P   1216
66.7999999999999,-1.57827728405213D-15,-44.25,66.7999999999999,     1335P   1217
-44.25,-44.25,66.7999999999999,-44.25,-4.4064116817056D-15,         1335P   1218
66.7999999999999,-3.14159265358979,1.5707963267949,0.,0.,0.;        1335P   1219
126,6,2,0,0,0,0,-1.5707963267949,-1.5707963267949,                  1337P   1220
-1.5707963267949,1.48029736616688D-16,1.48029736616688D-16,         1337P   1221
1.5707963267949,1.5707963267949,3.14159265358979,                   1337P   1222
3.14159265358979,3.14159265358979,1.,0.707106781186548,1.,          1337P   1223
0.707106781186548,1.,0.707106781186548,1.,-45.25,                   1337P   1224
-4.50599160671589D-15,65.8,-45.25,-45.25,65.8,                      1337P   1225
-1.61394456730755D-15,-45.25,65.8,45.25,-45.25,65.8,45.25,          1337P   1226
-1.10830535322835D-14,65.8,45.25,45.25,65.8,                        1337P   1227
1.38538169153544D-14,45.25,65.8,-1.5707963267949,                   1337P   1228
3.14159265358979,0.,0.,0.;                                          1337P   1229
126,2,2,0,0,0,0,-3.14159265358979,-3.14159265358979,                1339P   1230
-3.14159265358979,-1.5707963267949,-1.5707963267949,                1339P   1231
-1.5707963267949,1.,0.707106781186547,1.,-8.12859312934056D-15,     1339P   1232
44.25,69.6,-44.25,44.25,69.6,-44.25,4.4064116817056D-15,69.6,       1339P   1233
-3.14159265358979,-1.5707963267949,0.,0.,0.;                        1339P   1234
126,2,2,0,0,0,0,1.5707963267949,1.5707963267949,1.5707963267949,    1341P   1235
3.14159265358979,3.14159265358979,3.14159265358979,1.,              1341P   1236
0.707106781186547,1.,44.25,0.,69.6,44.25,44.25,69.6,                1341P   1237
2.70953104311352D-15,44.25,69.6,1.5707963267949,                    1341P   1238
3.14159265358979,0.,0.,0.;                                          1341P   1239
126,4,2,0,0,0,0,-1.5707963267949,-1.5707963267949,                  1343P   1240
-1.5707963267949,-1.11022302462516D-16,-1.11022302462516D-16,       1343P   1241
1.5707963267949,1.5707963267949,1.5707963267949,1.,                 1343P   1242
0.707106781186548,1.,0.707106781186548,1.,-44.25,                   1343P   1243
4.4064116817056D-15,69.6,-44.25,-44.25,69.6,                        1343P   1244
-2.2032058408528D-15,-44.25,69.6,44.25,-44.25,69.6,44.25,0.,        1343P   1245
69.6,-1.5707963267949,1.5707963267949,0.,0.,0.;                     1343P   1246
126,1,1,0,0,1,0,-1.21129943502825,-1.21129943502825,                1345P   1247
-1.14802259887006,-1.14802259887006,1.,1.,-44.25,0.,69.6,-44.25,    1345P   1248
0.,66.7999999999999,-1.21129943502825,-1.14802259887006,0.,0.,      1345P   1249
0.;                                                                 1345P   1250
126,2,2,0,0,0,0,1.5707963267949,1.5707963267949,1.5707963267949,    1347P   1251
3.14159265358979,3.14159265358979,3.14159265358979,1.,              1347P   1252
0.707106781186548,1.,3.29429988970638D-15,53.8,65.8,-53.8,53.8,     1347P   1253
65.8,-53.8,6.58859977941276D-15,65.8,1.5707963267949,               1347P   1254
3.14159265358979,0.,0.,0.;                                          1347P   1255
126,6,2,0,0,0,0,3.14159265358979,3.14159265358979,                  1349P   1256
3.14159265358979,4.71238898038469,4.71238898038469,                 1349P   1257
6.28318530717959,6.28318530717959,7.85398163397448,                 1349P   1258
7.85398163397448,7.85398163397448,1.,0.707106781186548,1.,          1349P   1259
0.707106781186547,1.,0.707106781186548,1.,-53.8,                    1349P   1260
6.58859977941276D-15,65.8,-53.8,-53.8,65.8,                         1349P   1261
-9.88289966911914D-15,-53.8,65.8,53.8,-53.8,65.8,53.8,              1349P   1262
-1.31771995588255D-14,65.8,53.8,53.8,65.8,1.64714994485319D-14,     1349P   1263
53.8,65.8,3.14159265358979,7.85398163397448,0.,0.,0.;               1349P   1264
126,2,2,0,0,0,0,-3.14159265358979,-3.14159265358979,                1351P   1265
-3.14159265358979,-1.5707963267949,-1.5707963267949,                1351P   1266
-1.5707963267949,1.,0.707106781186548,1.,2.77076338307089D-15,      1351P   1267
45.25,60.4,45.25,45.25,60.4,45.25,0.,60.4,-3.14159265358979,        1351P   1268
-1.5707963267949,0.,0.,0.;                                          1351P   1269
126,2,2,0,0,0,0,1.57079632679489,1.57079632679489,                  1353P   1270
1.57079632679489,3.14159265358979,3.14159265358979,                 1353P   1271
3.14159265358979,1.,0.707106781186551,1.,45.25,0.,60.4,44.25,0.,    1353P   1272
60.4,44.25,0.,59.4,1.57079632679489,3.14159265358979,0.,0.,0.;      1353P   1273
126,6,2,0,0,0,0,-1.5707963267949,-1.5707963267949,                  1355P   1274
-1.5707963267949,0.,0.,1.5707963267949,1.5707963267949,             1355P   1275
3.14159265358979,3.14159265358979,3.14159265358979,1.,              1355P   1276
0.707106781186548,1.,0.707106781186548,1.,0.707106781186548,1.,     1355P   1277
45.25,0.,60.4,45.25,-45.25,60.4,2.77076338307089D-15,-45.25,        1355P   1278
60.4,-45.25,-45.25,60.4,-45.25,-5.54152676614177D-15,60.4,          1355P   1279
-45.25,45.25,60.4,-8.31229014921266D-15,45.25,60.4,                 1355P   1280
-1.5707963267949,3.14159265358979,0.,0.,0.;                         1355P   1281
126,2,2,0,0,0,0,1.5707963267949,1.5707963267949,1.5707963267949,    1357P   1282
3.14159265358979,3.14159265358979,3.14159265358979,1.,              1357P   1283
0.707106781186548,1.,3.29429988970638D-15,53.8,60.4,-53.8,53.8,     1357P   1284
60.4,-53.8,6.58859977941276D-15,60.4,1.5707963267949,               1357P   1285
3.14159265358979,0.,0.,0.;                                          1357P   1286
126,6,2,0,0,0,0,3.14159265358979,3.14159265358979,                  1359P   1287
3.14159265358979,4.71238898038469,4.71238898038469,                 1359P   1288
6.28318530717959,6.28318530717959,7.85398163397448,                 1359P   1289
7.85398163397448,7.85398163397448,1.,0.707106781186548,1.,          1359P   1290
0.707106781186547,1.,0.707106781186548,1.,-53.8,                    1359P   1291
6.58859977941276D-15,60.4,-53.8,-53.8,60.4,                         1359P   1292
-9.88289966911914D-15,-53.8,60.4,53.8,-53.8,60.4,53.8,              1359P   1293
-1.31771995588255D-14,60.4,53.8,53.8,60.4,1.64714994485319D-14,     1359P   1294
53.8,60.4,3.14159265358979,7.85398163397448,0.,0.,0.;               1359P   1295
126,2,2,0,0,0,0,-3.14159265358979,-3.14159265358979,                1361P   1296
-3.14159265358979,-1.5707963267949,-1.5707963267949,                1361P   1297
-1.5707963267949,1.,0.707106781186547,1.,2.77076338307089D-15,      1361P   1298
45.25,75.9999999999999,-45.25,45.25,75.9999999999999,-45.25,        1361P   1299
-4.50599160671589D-15,75.9999999999999,-3.14159265358979,           1361P   1300
-1.5707963267949,0.,0.,0.;                                          1361P   1301
126,2,2,0,0,0,0,1.57079632679489,1.57079632679489,                  1363P   1302
1.57079632679489,3.14159265358979,3.14159265358979,                 1363P   1303
3.14159265358979,1.,0.707106781186554,1.,-45.25,0.,                 1363P   1304
75.9999999999999,-44.25,0.,75.9999999999999,-44.25,0.,              1363P   1305
76.9999999999999,1.57079632679489,3.14159265358979,0.,0.,0.;        1363P   1306
126,2,2,0,0,0,0,1.5707963267949,1.5707963267949,1.5707963267949,    1365P   1307
3.14159265358979,3.14159265358979,3.14159265358979,1.,              1365P   1308
0.707106781186548,1.,-44.25,-4.4064116817056D-15,                   1365P   1309
76.9999999999999,-44.25,44.25,76.9999999999999,                     1365P   1310
2.70953104311352D-15,44.25,76.9999999999999,1.5707963267949,        1365P   1311
3.14159265358979,0.,0.,0.;                                          1365P   1312
126,6,2,0,0,0,0,-3.14159265358979,-3.14159265358979,                1367P   1313
-3.14159265358979,-1.5707963267949,-1.5707963267949,                1367P   1314
-1.48029736616688D-16,-1.48029736616688D-16,1.5707963267949,        1367P   1315
1.5707963267949,1.5707963267949,1.,0.707106781186548,1.,            1367P   1316
0.707106781186547,1.,0.707106781186547,1.,1.35476552155676D-14,     1367P   1317
44.25,76.9999999999999,44.25,44.25,76.9999999999999,44.25,          1367P   1318
-1.08381241724541D-14,76.9999999999999,44.25,-44.25,                1367P   1319
76.9999999999999,-1.57827728405213D-15,-44.25,76.9999999999999,     1367P   1320
-44.25,-44.25,76.9999999999999,-44.25,-4.4064116817056D-15,         1367P   1321
76.9999999999999,-3.14159265358979,1.5707963267949,0.,0.,0.;        1367P   1322
126,6,2,0,0,0,0,-1.5707963267949,-1.5707963267949,                  1369P   1323
-1.5707963267949,1.48029736616688D-16,1.48029736616688D-16,         1369P   1324
1.5707963267949,1.5707963267949,3.14159265358979,                   1369P   1325
3.14159265358979,3.14159265358979,1.,0.707106781186548,1.,          1369P   1326
0.707106781186548,1.,0.707106781186548,1.,-45.25,                   1369P   1327
-4.50599160671589D-15,75.9999999999999,-45.25,-45.25,               1369P   1328
75.9999999999999,-1.61394456730755D-15,-45.25,75.9999999999999,     1369P   1329
45.25,-45.25,75.9999999999999,45.25,-1.10830535322835D-14,          1369P   1330
75.9999999999999,45.25,45.25,75.9999999999999,                      1369P   1331
1.38538169153544D-14,45.25,75.9999999999999,-1.5707963267949,       1369P   1332
3.14159265358979,0.,0.,0.;                                          1369P   1333
126,2,2,0,0,0,0,-3.14159265358979,-3.14159265358979,                1371P   1334
-3.14159265358979,-1.5707963267949,-1.5707963267949,                1371P   1335
-1.5707963267949,1.,0.707106781186547,1.,-8.12859312934056D-15,     1371P   1336
44.25,79.8,-44.25,44.25,79.8,-44.25,4.4064116817056D-15,79.8,       1371P   1337
-3.14159265358979,-1.5707963267949,0.,0.,0.;                        1371P   1338
126,2,2,0,0,0,0,1.5707963267949,1.5707963267949,1.5707963267949,    1373P   1339
3.14159265358979,3.14159265358979,3.14159265358979,1.,              1373P   1340
0.707106781186547,1.,44.25,0.,79.8,44.25,44.25,79.8,                1373P   1341
2.70953104311352D-15,44.25,79.8,1.5707963267949,                    1373P   1342
3.14159265358979,0.,0.,0.;                                          1373P   1343
126,4,2,0,0,0,0,-1.5707963267949,-1.5707963267949,                  1375P   1344
-1.5707963267949,-1.11022302462516D-16,-1.11022302462516D-16,       1375P   1345
1.5707963267949,1.5707963267949,1.5707963267949,1.,                 1375P   1346
0.707106781186548,1.,0.707106781186548,1.,-44.25,                   1375P   1347
4.4064116817056D-15,79.8,-44.25,-44.25,79.8,                        1375P   1348
-2.2032058408528D-15,-44.25,79.8,44.25,-44.25,79.8,44.25,0.,        1375P   1349
79.8,-1.5707963267949,1.5707963267949,0.,0.,0.;                     1375P   1350
126,1,1,0,0,1,0,-1.44180790960452,-1.44180790960452,                1377P   1351
-1.37853107344633,-1.37853107344633,1.,1.,-44.25,0.,79.8,-44.25,    1377P   1352
0.,76.9999999999999,-1.44180790960452,-1.37853107344633,0.,0.,      1377P   1353
0.;                                                                 1377P   1354
126,2,2,0,0,0,0,1.5707963267949,1.5707963267949,1.5707963267949,    1379P   1355
3.14159265358979,3.14159265358979,3.14159265358979,1.,              1379P   1356
0.707106781186548,1.,3.29429988970638D-15,53.8,76.,-53.8,53.8,      1379P   1357
76.,-53.8,6.58859977941276D-15,76.,1.5707963267949,                 1379P   1358
3.14159265358979,0.,0.,0.;                                          1379P   1359
126,6,2,0,0,0,0,3.14159265358979,3.14159265358979,                  1381P   1360
3.14159265358979,4.71238898038469,4.71238898038469,                 1381P   1361
6.28318530717959,6.28318530717959,7.85398163397448,                 1381P   1362
7.85398163397448,7.85398163397448,1.,0.707106781186548,1.,          1381P   1363
0.707106781186547,1.,0.707106781186548,1.,-53.8,                    1381P   1364
6.58859977941276D-15,76.,-53.8,-53.8,76.,-9.88289966911914D-15,     1381P   1365
-53.8,76.,53.8,-53.8,76.,53.8,-1.31771995588255D-14,76.,53.8,       1381P   1366
53.8,76.,1.64714994485319D-14,53.8,76.,3.14159265358979,            1381P   1367
7.85398163397448,0.,0.,0.;                                          1381P   1368
126,2,2,0,0,0,0,-3.14159265358979,-3.14159265358979,                1383P   1369
-3.14159265358979,-1.5707963267949,-1.5707963267949,                1383P   1370
-1.5707963267949,1.,0.707106781186548,1.,2.77076338307089D-15,      1383P   1371
45.25,70.6,45.25,45.25,70.6,45.25,0.,70.6,-3.14159265358979,        1383P   1372
-1.5707963267949,0.,0.,0.;                                          1383P   1373
126,2,2,0,0,0,0,1.57079632679489,1.57079632679489,                  1385P   1374
1.57079632679489,3.14159265358979,3.14159265358979,                 1385P   1375
3.14159265358979,1.,0.707106781186551,1.,45.25,0.,70.6,44.25,0.,    1385P   1376
70.6,44.25,0.,69.6,1.57079632679489,3.14159265358979,0.,0.,0.;      1385P   1377
126,6,2,0,0,0,0,-1.5707963267949,-1.5707963267949,                  1387P   1378
-1.5707963267949,0.,0.,1.5707963267949,1.5707963267949,             1387P   1379
3.14159265358979,3.14159265358979,3.14159265358979,1.,              1387P   1380
0.707106781186548,1.,0.707106781186548,1.,0.707106781186548,1.,     1387P   1381
45.25,0.,70.6,45.25,-45.25,70.6,2.77076338307089D-15,-45.25,        1387P   1382
70.6,-45.25,-45.25,70.6,-45.25,-5.54152676614177D-15,70.6,          1387P   1383
-45.25,45.25,70.6,-8.31229014921266D-15,45.25,70.6,                 1387P   1384
-1.5707963267949,3.14159265358979,0.,0.,0.;                         1387P   1385
126,2,2,0,0,0,0,1.5707963267949,1.5707963267949,1.5707963267949,    1389P   1386
3.14159265358979,3.14159265358979,3.14159265358979,1.,              1389P   1387
0.707106781186548,1.,3.29429988970638D-15,53.8,70.6,-53.8,53.8,     1389P   1388
70.6,-53.8,6.58859977941276D-15,70.6,1.5707963267949,               1389P   1389
3.14159265358979,0.,0.,0.;                                          1389P   1390
126,6,2,0,0,0,0,3.14159265358979,3.14159265358979,                  1391P   1391
3.14159265358979,4.71238898038469,4.71238898038469,                 1391P   1392
6.28318530717959,6.28318530717959,7.85398163397448,                 1391P   1393
7.85398163397448,7.85398163397448,1.,0.707106781186548,1.,          1391P   1394
0.707106781186547,1.,0.707106781186548,1.,-53.8,                    1391P   1395
6.58859977941276D-15,70.6,-53.8,-53.8,70.6,                         1391P   1396
-9.88289966911914D-15,-53.8,70.6,53.8,-53.8,70.6,53.8,              1391P   1397
-1.31771995588255D-14,70.6,53.8,53.8,70.6,1.64714994485319D-14,     1391P   1398
53.8,70.6,3.14159265358979,7.85398163397448,0.,0.,0.;               1391P   1399
126,2,2,0,0,0,0,-3.14159265358979,-3.14159265358979,                1393P   1400
-3.14159265358979,-1.5707963267949,-1.5707963267949,                1393P   1401
-1.5707963267949,1.,0.707106781186547,1.,2.77076338307089D-15,      1393P   1402
45.25,86.1999999999999,-45.25,45.25,86.1999999999999,-45.25,        1393P   1403
-4.50599160671589D-15,86.1999999999999,-3.14159265358979,           1393P   1404
-1.5707963267949,0.,0.,0.;                                          1393P   1405
126,2,2,0,0,0,0,1.57079632679489,1.57079632679489,                  1395P   1406
1.57079632679489,3.14159265358979,3.14159265358979,                 1395P   1407
3.14159265358979,1.,0.707106781186554,1.,-45.25,0.,                 1395P   1408
86.1999999999999,-44.25,0.,86.1999999999999,-44.25,0.,              1395P   1409
87.1999999999999,1.57079632679489,3.14159265358979,0.,0.,0.;        1395P   1410
126,2,2,0,0,0,0,1.5707963267949,1.5707963267949,1.5707963267949,    1397P   1411
3.14159265358979,3.14159265358979,3.14159265358979,1.,              1397P   1412
0.707106781186548,1.,-44.25,-4.4064116817056D-15,                   1397P   1413
87.1999999999999,-44.25,44.25,87.1999999999999,                     1397P   1414
2.70953104311352D-15,44.25,87.1999999999999,1.5707963267949,        1397P   1415
3.14159265358979,0.,0.,0.;                                          1397P   1416
126,6,2,0,0,0,0,-3.14159265358979,-3.14159265358979,                1399P   1417
-3.14159265358979,-1.5707963267949,-1.5707963267949,                1399P   1418
-1.48029736616688D-16,-1.48029736616688D-16,1.5707963267949,        1399P   1419
1.5707963267949,1.5707963267949,1.,0.707106781186548,1.,            1399P   1420
0.707106781186547,1.,0.707106781186547,1.,1.35476552155676D-14,     1399P   1421
44.25,87.1999999999999,44.25,44.25,87.1999999999999,44.25,          1399P   1422
-1.08381241724541D-14,87.1999999999999,44.25,-44.25,                1399P   1423
87.1999999999999,-1.57827728405213D-15,-44.25,87.1999999999999,     1399P   1424
-44.25,-44.25,87.1999999999999,-44.25,-4.4064116817056D-15,         1399P   1425
87.1999999999999,-3.14159265358979,1.5707963267949,0.,0.,0.;        1399P   1426
126,6,2,0,0,0,0,-1.5707963267949,-1.5707963267949,                  1401P   1427
-1.5707963267949,1.48029736616688D-16,1.48029736616688D-16,         1401P   1428
1.5707963267949,1.5707963267949,3.14159265358979,                   1401P   1429
3.14159265358979,3.14159265358979,1.,0.707106781186548,1.,          1401P   1430
0.707106781186548,1.,0.707106781186548,1.,-45.25,                   1401P   1431
-4.50599160671589D-15,86.1999999999999,-45.25,-45.25,               1401P   1432
86.1999999999999,-1.61394456730755D-15,-45.25,86.1999999999999,     1401P   1433
45.25,-45.25,86.1999999999999,45.25,-1.10830535322835D-14,          1401P   1434
86.1999999999999,45.25,45.25,86.1999999999999,                      1401P   1435
1.38538169153544D-14,45.25,86.1999999999999,-1.5707963267949,       1401P   1436
3.14159265358979,0.,0.,0.;                                          1401P   1437
126,2,2,0,0,0,0,-3.14159265358979,-3.14159265358979,                1403P   1438
-3.14159265358979,-1.5707963267949,-1.5707963267949,                1403P   1439
-1.5707963267949,1.,0.707106781186547,1.,-8.12859312934056D-15,     1403P   1440
44.25,90.,-44.25,44.25,90.,-44.25,4.4064116817056D-15,90.,          1403P   1441
-3.14159265358979,-1.5707963267949,0.,0.,0.;                        1403P   1442
126,2,2,0,0,0,0,1.5707963267949,1.5707963267949,1.5707963267949,    1405P   1443
3.14159265358979,3.14159265358979,3.14159265358979,1.,              1405P   1444
0.707106781186547,1.,44.25,0.,90.,44.25,44.25,90.,                  1405P   1445
2.70953104311352D-15,44.25,90.,1.5707963267949,3.14159265358979,    1405P   1446
0.,0.,0.;                                                           1405P   1447
126,4,2,0,0,0,0,-1.5707963267949,-1.5707963267949,                  1407P   1448
-1.5707963267949,-1.11022302462516D-16,-1.11022302462516D-16,       1407P   1449
1.5707963267949,1.5707963267949,1.5707963267949,1.,                 1407P   1450
0.707106781186548,1.,0.707106781186548,1.,-44.25,                   1407P   1451
4.4064116817056D-15,90.,-44.25,-44.25,90.,-2.2032058408528D-15,     1407P   1452
-44.25,90.,44.25,-44.25,90.,44.25,0.,90.,-1.5707963267949,          1407P   1453
1.5707963267949,0.,0.,0.;                                           1407P   1454
126,1,1,0,0,1,0,-1.67231638418079,-1.67231638418079,                1409P   1455
-1.6090395480226,-1.6090395480226,1.,1.,-44.25,0.,90.,-44.25,0.,    1409P   1456
87.1999999999999,-1.67231638418079,-1.6090395480226,0.,0.,0.;       1409P   1457
126,2,2,0,0,0,0,1.5707963267949,1.5707963267949,1.5707963267949,    1411P   1458
3.14159265358979,3.14159265358979,3.14159265358979,1.,              1411P   1459
0.707106781186548,1.,3.29429988970638D-15,53.8,86.2,-53.8,53.8,     1411P   1460
86.2,-53.8,6.58859977941276D-15,86.2,1.5707963267949,               1411P   1461
3.14159265358979,0.,0.,0.;                                          1411P   1462
126,6,2,0,0,0,0,3.14159265358979,3.14159265358979,                  1413P   1463
3.14159265358979,4.71238898038469,4.71238898038469,                 1413P   1464
6.28318530717959,6.28318530717959,7.85398163397448,                 1413P   1465
7.85398163397448,7.85398163397448,1.,0.707106781186548,1.,          1413P   1466
0.707106781186547,1.,0.707106781186548,1.,-53.8,                    1413P   1467
6.58859977941276D-15,86.2,-53.8,-53.8,86.2,                         1413P   1468
-9.88289966911914D-15,-53.8,86.2,53.8,-53.8,86.2,53.8,              1413P   1469
-1.31771995588255D-14,86.2,53.8,53.8,86.2,1.64714994485319D-14,     1413P   1470
53.8,86.2,3.14159265358979,7.85398163397448,0.,0.,0.;               1413P   1471
126,2,2,0,0,0,0,-3.14159265358979,-3.14159265358979,                1415P   1472
-3.14159265358979,-1.5707963267949,-1.5707963267949,                1415P   1473
-1.5707963267949,1.,0.707106781186548,1.,2.77076338307089D-15,      1415P   1474
45.25,80.8,45.25,45.25,80.8,45.25,0.,80.8,-3.14159265358979,        1415P   1475
-1.5707963267949,0.,0.,0.;                                          1415P   1476
126,2,2,0,0,0,0,1.57079632679489,1.57079632679489,                  1417P   1477
1.57079632679489,3.14159265358979,3.14159265358979,                 1417P   1478
3.14159265358979,1.,0.707106781186562,1.,45.25,0.,80.8,44.25,0.,    1417P   1479
80.8,44.25,0.,79.8,1.57079632679489,3.14159265358979,0.,0.,0.;      1417P   1480
126,6,2,0,0,0,0,-1.5707963267949,-1.5707963267949,                  1419P   1481
-1.5707963267949,0.,0.,1.5707963267949,1.5707963267949,             1419P   1482
3.14159265358979,3.14159265358979,3.14159265358979,1.,              1419P   1483
0.707106781186548,1.,0.707106781186548,1.,0.707106781186548,1.,     1419P   1484
45.25,0.,80.8,45.25,-45.25,80.8,2.77076338307089D-15,-45.25,        1419P   1485
80.8,-45.25,-45.25,80.8,-45.25,-5.54152676614177D-15,80.8,          1419P   1486
-45.25,45.25,80.8,-8.31229014921266D-15,45.25,80.8,                 1419P   1487
-1.5707963267949,3.14159265358979,0.,0.,0.;                         1419P   1488
126,2,2,0,0,0,0,1.5707963267949,1.5707963267949,1.5707963267949,    1421P   1489
3.14159265358979,3.14159265358979,3.14159265358979,1.,              1421P   1490
0.707106781186548,1.,3.29429988970638D-15,53.8,80.8,-53.8,53.8,     1421P   1491
80.8,-53.8,6.58859977941276D-15,80.8,1.5707963267949,               1421P   1492
3.14159265358979,0.,0.,0.;                                          1421P   1493
126,6,2,0,0,0,0,3.14159265358979,3.14159265358979,                  1423P   1494
3.14159265358979,4.71238898038469,4.71238898038469,                 1423P   1495
6.28318530717959,6.28318530717959,7.85398163397448,                 1423P   1496
7.85398163397448,7.85398163397448,1.,0.707106781186548,1.,          1423P   1497
0.707106781186547,1.,0.707106781186548,1.,-53.8,                    1423P   1498
6.58859977941276D-15,80.8,-53.8,-53.8,80.8,                         1423P   1499
-9.88289966911914D-15,-53.8,80.8,53.8,-53.8,80.8,53.8,              1423P   1500
-1.31771995588255D-14,80.8,53.8,53.8,80.8,1.64714994485319D-14,     1423P   1501
53.8,80.8,3.14159265358979,7.85398163397448,0.,0.,0.;               1423P   1502
126,2,2,0,0,0,0,-3.14159265358979,-3.14159265358979,                1425P   1503
-3.14159265358979,-1.5707963267949,-1.5707963267949,                1425P   1504
-1.5707963267949,1.,0.707106781186547,1.,2.77076338307089D-15,      1425P   1505
45.25,96.3999999999999,-45.25,45.25,96.3999999999999,-45.25,        1425P   1506
-4.50599160671589D-15,96.3999999999999,-3.14159265358979,           1425P   1507
-1.5707963267949,0.,0.,0.;                                          1425P   1508
126,2,2,0,0,0,0,1.57079632679489,1.57079632679489,                  1427P   1509
1.57079632679489,3.14159265358979,3.14159265358979,                 1427P   1510
3.14159265358979,1.,0.707106781186554,1.,-45.25,0.,                 1427P   1511
96.3999999999999,-44.25,0.,96.3999999999999,-44.25,0.,              1427P   1512
97.3999999999999,1.57079632679489,3.14159265358979,0.,0.,0.;        1427P   1513
126,2,2,0,0,0,0,1.5707963267949,1.5707963267949,1.5707963267949,    1429P   1514
3.14159265358979,3.14159265358979,3.14159265358979,1.,              1429P   1515
0.707106781186548,1.,-44.25,-4.4064116817056D-15,                   1429P   1516
97.3999999999999,-44.25,44.25,97.3999999999999,                     1429P   1517
2.70953104311352D-15,44.25,97.3999999999999,1.5707963267949,        1429P   1518
3.14159265358979,0.,0.,0.;                                          1429P   1519
126,6,2,0,0,0,0,-3.14159265358979,-3.14159265358979,                1431P   1520
-3.14159265358979,-1.5707963267949,-1.5707963267949,                1431P   1521
-1.48029736616688D-16,-1.48029736616688D-16,1.5707963267949,        1431P   1522
1.5707963267949,1.5707963267949,1.,0.707106781186548,1.,            1431P   1523
0.707106781186547,1.,0.707106781186547,1.,1.35476552155676D-14,     1431P   1524
44.25,97.3999999999999,44.25,44.25,97.3999999999999,44.25,          1431P   1525
-1.08381241724541D-14,97.3999999999999,44.25,-44.25,                1431P   1526
97.3999999999999,-1.57827728405213D-15,-44.25,97.3999999999999,     1431P   1527
-44.25,-44.25,97.3999999999999,-44.25,-4.4064116817056D-15,         1431P   1528
97.3999999999999,-3.14159265358979,1.5707963267949,0.,0.,0.;        1431P   1529
126,6,2,0,0,0,0,-1.5707963267949,-1.5707963267949,                  1433P   1530
-1.5707963267949,1.48029736616688D-16,1.48029736616688D-16,         1433P   1531
1.5707963267949,1.5707963267949,3.14159265358979,                   1433P   1532
3.14159265358979,3.14159265358979,1.,0.707106781186548,1.,          1433P   1533
0.707106781186548,1.,0.707106781186548,1.,-45.25,                   1433P   1534
-4.50599160671589D-15,96.3999999999999,-45.25,-45.25,               1433P   1535
96.3999999999999,-1.61394456730755D-15,-45.25,96.3999999999999,     1433P   1536
45.25,-45.25,96.3999999999999,45.25,-1.10830535322835D-14,          1433P   1537
96.3999999999999,45.25,45.25,96.3999999999999,                      1433P   1538
1.38538169153544D-14,45.25,96.3999999999999,-1.5707963267949,       1433P   1539
3.14159265358979,0.,0.,0.;                                          1433P   1540
126,2,2,0,0,0,0,-3.14159265358979,-3.14159265358979,                1435P   1541
-3.14159265358979,-1.5707963267949,-1.5707963267949,                1435P   1542
-1.5707963267949,1.,0.707106781186547,1.,-8.12859312934056D-15,     1435P   1543
44.25,100.2,-44.25,44.25,100.2,-44.25,4.4064116817056D-15,100.2,    1435P   1544
-3.14159265358979,-1.5707963267949,0.,0.,0.;                        1435P   1545
126,2,2,0,0,0,0,1.5707963267949,1.5707963267949,1.5707963267949,    1437P   1546
3.14159265358979,3.14159265358979,3.14159265358979,1.,              1437P   1547
0.707106781186547,1.,44.25,0.,100.2,44.25,44.25,100.2,              1437P   1548
2.70953104311352D-15,44.25,100.2,1.5707963267949,                   1437P   1549
3.14159265358979,0.,0.,0.;                                          1437P   1550
126,4,2,0,0,0,0,-1.5707963267949,-1.5707963267949,                  1439P   1551
-1.5707963267949,-1.11022302462516D-16,-1.11022302462516D-16,       1439P   1552
1.5707963267949,1.5707963267949,1.5707963267949,1.,                 1439P   1553
0.707106781186548,1.,0.707106781186548,1.,-44.25,                   1439P   1554
4.4064116817056D-15,100.2,-44.25,-44.25,100.2,                      1439P   1555
-2.2032058408528D-15,-44.25,100.2,44.25,-44.25,100.2,44.25,0.,      1439P   1556
100.2,-1.5707963267949,1.5707963267949,0.,0.,0.;                    1439P   1557
126,1,1,0,0,1,0,-1.90282485875706,-1.90282485875706,                1441P   1558
-1.83954802259887,-1.83954802259887,1.,1.,-44.25,0.,100.2,          1441P   1559
-44.25,0.,97.3999999999999,-1.90282485875706,-1.83954802259887,     1441P   1560
0.,0.,0.;                                                           1441P   1561
126,2,2,0,0,0,0,1.5707963267949,1.5707963267949,1.5707963267949,    1443P   1562
3.14159265358979,3.14159265358979,3.14159265358979,1.,              1443P   1563
0.707106781186548,1.,3.29429988970638D-15,53.8,96.4,-53.8,53.8,     1443P   1564
96.4,-53.8,6.58859977941276D-15,96.4,1.5707963267949,               1443P   1565
3.14159265358979,0.,0.,0.;                                          1443P   1566
126,6,2,0,0,0,0,3.14159265358979,3.14159265358979,                  1445P   1567
3.14159265358979,4.71238898038469,4.71238898038469,                 1445P   1568
6.28318530717959,6.28318530717959,7.85398163397448,                 1445P   1569
7.85398163397448,7.85398163397448,1.,0.707106781186548,1.,          1445P   1570
0.707106781186547,1.,0.707106781186548,1.,-53.8,                    1445P   1571
6.58859977941276D-15,96.4,-53.8,-53.8,96.4,                         1445P   1572
-9.88289966911914D-15,-53.8,96.4,53.8,-53.8,96.4,53.8,              1445P   1573
-1.31771995588255D-14,96.4,53.8,53.8,96.4,1.64714994485319D-14,     1445P   1574
53.8,96.4,3.14159265358979,7.85398163397448,0.,0.,0.;               1445P   1575
126,2,2,0,0,0,0,-3.14159265358979,-3.14159265358979,                1447P   1576
-3.14159265358979,-1.5707963267949,-1.5707963267949,                1447P   1577
-1.5707963267949,1.,0.707106781186548,1.,2.77076338307089D-15,      1447P   1578
45.25,91.,45.25,45.25,91.,45.25,0.,91.,-3.14159265358979,           1447P   1579
-1.5707963267949,0.,0.,0.;                                          1447P   1580
126,2,2,0,0,0,0,1.57079632679489,1.57079632679489,                  1449P   1581
1.57079632679489,3.14159265358979,3.14159265358979,                 1449P   1582
3.14159265358979,1.,0.707106781186562,1.,45.25,0.,91.,44.25,0.,     1449P   1583
91.,44.25,0.,90.,1.57079632679489,3.14159265358979,0.,0.,0.;        1449P   1584
126,6,2,0,0,0,0,-1.5707963267949,-1.5707963267949,                  1451P   1585
-1.5707963267949,0.,0.,1.5707963267949,1.5707963267949,             1451P   1586
3.14159265358979,3.14159265358979,3.14159265358979,1.,              1451P   1587
0.707106781186548,1.,0.707106781186548,1.,0.707106781186548,1.,     1451P   1588
45.25,0.,91.,45.25,-45.25,91.,2.77076338307089D-15,-45.25,91.,      1451P   1589
-45.25,-45.25,91.,-45.25,-5.54152676614177D-15,91.,-45.25,45.25,    1451P   1590
91.,-8.31229014921266D-15,45.25,91.,-1.5707963267949,               1451P   1591
3.14159265358979,0.,0.,0.;                                          1451P   1592
126,2,2,0,0,0,0,1.5707963267949,1.5707963267949,1.5707963267949,    1453P   1593
3.14159265358979,3.14159265358979,3.14159265358979,1.,              1453P   1594
0.707106781186548,1.,3.29429988970638D-15,53.8,91.,-53.8,53.8,      1453P   1595
91.,-53.8,6.58859977941276D-15,91.,1.5707963267949,                 1453P   1596
3.14159265358979,0.,0.,0.;                                          1453P   1597
126,6,2,0,0,0,0,3.14159265358979,3.14159265358979,                  1455P   1598
3.14159265358979,4.71238898038469,4.71238898038469,                 1455P   1599
6.28318530717959,6.28318530717959,7.85398163397448,                 1455P   1600
7.85398163397448,7.85398163397448,1.,0.707106781186548,1.,          1455P   1601
0.707106781186547,1.,0.707106781186548,1.,-53.8,                    1455P   1602
6.58859977941276D-15,91.,-53.8,-53.8,91.,-9.88289966911914D-15,     1455P   1603
-53.8,91.,53.8,-53.8,91.,53.8,-1.31771995588255D-14,91.,53.8,       1455P   1604
53.8,91.,1.64714994485319D-14,53.8,91.,3.14159265358979,            1455P   1605
7.85398163397448,0.,0.,0.;                                          1455P   1606
126,2,2,0,0,0,0,-3.14159265358979,-3.14159265358979,                1457P   1607
-3.14159265358979,-1.5707963267949,-1.5707963267949,                1457P   1608
-1.5707963267949,1.,0.707106781186547,1.,2.77076338307089D-15,      1457P   1609
45.25,106.6,-45.25,45.25,106.6,-45.25,-4.50599160671589D-15,        1457P   1610
106.6,-3.14159265358979,-1.5707963267949,0.,0.,0.;                  1457P   1611
126,2,2,0,0,0,0,1.57079632679489,1.57079632679489,                  1459P   1612
1.57079632679489,3.14159265358979,3.14159265358979,                 1459P   1613
3.14159265358979,1.,0.707106781186554,1.,-45.25,0.,106.6,-44.25,    1459P   1614
0.,106.6,-44.25,0.,107.6,1.57079632679489,3.14159265358979,0.,      1459P   1615
0.,0.;                                                              1459P   1616
126,2,2,0,0,0,0,1.5707963267949,1.5707963267949,1.5707963267949,    1461P   1617
3.14159265358979,3.14159265358979,3.14159265358979,1.,              1461P   1618
0.707106781186548,1.,-44.25,-4.4064116817056D-15,107.6,-44.25,      1461P   1619
44.25,107.6,2.70953104311352D-15,44.25,107.6,1.5707963267949,       1461P   1620
3.14159265358979,0.,0.,0.;                                          1461P   1621
126,6,2,0,0,0,0,-3.14159265358979,-3.14159265358979,                1463P   1622
-3.14159265358979,-1.5707963267949,-1.5707963267949,                1463P   1623
-1.48029736616688D-16,-1.48029736616688D-16,1.5707963267949,        1463P   1624
1.5707963267949,1.5707963267949,1.,0.707106781186548,1.,            1463P   1625
0.707106781186547,1.,0.707106781186547,1.,1.35476552155676D-14,     1463P   1626
44.25,107.6,44.25,44.25,107.6,44.25,-1.08381241724541D-14,107.6,    1463P   1627
44.25,-44.25,107.6,-1.57827728405213D-15,-44.25,107.6,-44.25,       1463P   1628
-44.25,107.6,-44.25,-4.4064116817056D-15,107.6,                     1463P   1629
-3.14159265358979,1.5707963267949,0.,0.,0.;                         1463P   1630
126,6,2,0,0,0,0,-1.5707963267949,-1.5707963267949,                  1465P   1631
-1.5707963267949,1.48029736616688D-16,1.48029736616688D-16,         1465P   1632
1.5707963267949,1.5707963267949,3.14159265358979,                   1465P   1633
3.14159265358979,3.14159265358979,1.,0.707106781186548,1.,          1465P   1634
0.707106781186548,1.,0.707106781186548,1.,-45.25,                   1465P   1635
-4.50599160671589D-15,106.6,-45.25,-45.25,106.6,                    1465P   1636
-1.61394456730755D-15,-45.25,106.6,45.25,-45.25,106.6,45.25,        1465P   1637
-1.10830535322835D-14,106.6,45.25,45.25,106.6,                      1465P   1638
1.38538169153544D-14,45.25,106.6,-1.5707963267949,                  1465P   1639
3.14159265358979,0.,0.,0.;                                          1465P   1640
126,2,2,0,0,0,0,-3.14159265358979,-3.14159265358979,                1467P   1641
-3.14159265358979,-1.5707963267949,-1.5707963267949,                1467P   1642
-1.5707963267949,1.,0.707106781186547,1.,-8.12859312934056D-15,     1467P   1643
44.25,110.4,-44.25,44.25,110.4,-44.25,4.4064116817056D-15,110.4,    1467P   1644
-3.14159265358979,-1.5707963267949,0.,0.,0.;                        1467P   1645
126,2,2,0,0,0,0,1.5707963267949,1.5707963267949,1.5707963267949,    1469P   1646
3.14159265358979,3.14159265358979,3.14159265358979,1.,              1469P   1647
0.707106781186547,1.,44.25,0.,110.4,44.25,44.25,110.4,              1469P   1648
2.70953104311352D-15,44.25,110.4,1.5707963267949,                   1469P   1649
3.14159265358979,0.,0.,0.;                                          1469P   1650
126,4,2,0,0,0,0,-1.5707963267949,-1.5707963267949,                  1471P   1651
-1.5707963267949,-1.11022302462516D-16,-1.11022302462516D-16,       1471P   1652
1.5707963267949,1.5707963267949,1.5707963267949,1.,                 1471P   1653
0.707106781186548,1.,0.707106781186548,1.,-44.25,                   1471P   1654
4.4064116817056D-15,110.4,-44.25,-44.25,110.4,                      1471P   1655
-2.2032058408528D-15,-44.25,110.4,44.25,-44.25,110.4,44.25,0.,      1471P   1656
110.4,-1.5707963267949,1.5707963267949,0.,0.,0.;                    1471P   1657
126,1,1,0,0,1,0,-2.13333333333333,-2.13333333333333,                1473P   1658
-2.07005649717514,-2.07005649717514,1.,1.,-44.25,0.,110.4,          1473P   1659
-44.25,0.,107.6,-2.13333333333333,-2.07005649717514,0.,0.,0.;       1473P   1660
126,2,2,0,0,0,0,1.5707963267949,1.5707963267949,1.5707963267949,    1475P   1661
3.14159265358979,3.14159265358979,3.14159265358979,1.,              1475P   1662
0.707106781186548,1.,3.29429988970638D-15,53.8,106.6,-53.8,53.8,    1475P   1663
106.6,-53.8,6.58859977941276D-15,106.6,1.5707963267949,             1475P   1664
3.14159265358979,0.,0.,0.;                                          1475P   1665
126,6,2,0,0,0,0,3.14159265358979,3.14159265358979,                  1477P   1666
3.14159265358979,4.71238898038469,4.71238898038469,                 1477P   1667
6.28318530717959,6.28318530717959,7.85398163397448,                 1477P   1668
7.85398163397448,7.85398163397448,1.,0.707106781186548,1.,          1477P   1669
0.707106781186547,1.,0.707106781186548,1.,-53.8,                    1477P   1670
6.58859977941276D-15,106.6,-53.8,-53.8,106.6,                       1477P   1671
-9.88289966911914D-15,-53.8,106.6,53.8,-53.8,106.6,53.8,            1477P   1672
-1.31771995588255D-14,106.6,53.8,53.8,106.6,                        1477P   1673
1.64714994485319D-14,53.8,106.6,3.14159265358979,                   1477P   1674
7.85398163397448,0.,0.,0.;                                          1477P   1675
126,2,2,0,0,0,0,-3.14159265358979,-3.14159265358979,                1479P   1676
-3.14159265358979,-1.5707963267949,-1.5707963267949,                1479P   1677
-1.5707963267949,1.,0.707106781186548,1.,2.77076338307089D-15,      1479P   1678
45.25,101.2,45.25,45.25,101.2,45.25,0.,101.2,-3.14159265358979,     1479P   1679
-1.5707963267949,0.,0.,0.;                                          1479P   1680
126,2,2,0,0,0,0,1.57079632679489,1.57079632679489,                  1481P   1681
1.57079632679489,3.14159265358979,3.14159265358979,                 1481P   1682
3.14159265358979,1.,0.707106781186562,1.,45.25,0.,101.2,44.25,      1481P   1683
0.,101.2,44.25,0.,100.2,1.57079632679489,3.14159265358979,0.,0.,    1481P   1684
0.;                                                                 1481P   1685
126,6,2,0,0,0,0,-1.5707963267949,-1.5707963267949,                  1483P   1686
-1.5707963267949,0.,0.,1.5707963267949,1.5707963267949,             1483P   1687
3.14159265358979,3.14159265358979,3.14159265358979,1.,              1483P   1688
0.707106781186548,1.,0.707106781186548,1.,0.707106781186548,1.,     1483P   1689
45.25,0.,101.2,45.25,-45.25,101.2,2.77076338307089D-15,-45.25,      1483P   1690
101.2,-45.25,-45.25,101.2,-45.25,-5.54152676614177D-15,101.2,       1483P   1691
-45.25,45.25,101.2,-8.31229014921266D-15,45.25,101.2,               1483P   1692
-1.5707963267949,3.14159265358979,0.,0.,0.;                         1483P   1693
126,2,2,0,0,0,0,1.5707963267949,1.5707963267949,1.5707963267949,    1485P   1694
3.14159265358979,3.14159265358979,3.14159265358979,1.,              1485P   1695
0.707106781186548,1.,3.29429988970638D-15,53.8,101.2,-53.8,53.8,    1485P   1696
101.2,-53.8,6.58859977941276D-15,101.2,1.5707963267949,             1485P   1697
3.14159265358979,0.,0.,0.;                                          1485P   1698
126,6,2,0,0,0,0,3.14159265358979,3.14159265358979,                  1487P   1699
3.14159265358979,4.71238898038469,4.71238898038469,                 1487P   1700
6.28318530717959,6.28318530717959,7.85398163397448,                 1487P   1701
7.85398163397448,7.85398163397448,1.,0.707106781186548,1.,          1487P   1702
0.707106781186547,1.,0.707106781186548,1.,-53.8,                    1487P   1703
6.58859977941276D-15,101.2,-53.8,-53.8,101.2,                       1487P   1704
-9.88289966911914D-15,-53.8,101.2,53.8,-53.8,101.2,53.8,            1487P   1705
-1.31771995588255D-14,101.2,53.8,53.8,101.2,                        1487P   1706
1.64714994485319D-14,53.8,101.2,3.14159265358979,                   1487P   1707
7.85398163397448,0.,0.,0.;                                          1487P   1708
126,2,2,0,0,0,0,-3.14159265358979,-3.14159265358979,                1489P   1709
-3.14159265358979,-1.5707963267949,-1.5707963267949,                1489P   1710
-1.5707963267949,1.,0.707106781186547,1.,2.77076338307089D-15,      1489P   1711
45.25,116.8,-45.25,45.25,116.8,-45.25,-4.50599160671589D-15,        1489P   1712
116.8,-3.14159265358979,-1.5707963267949,0.,0.,0.;                  1489P   1713
126,2,2,0,0,0,0,1.57079632679489,1.57079632679489,                  1491P   1714
1.57079632679489,3.14159265358979,3.14159265358979,                 1491P   1715
3.14159265358979,1.,0.707106781186554,1.,-45.25,0.,116.8,-44.25,    1491P   1716
0.,116.8,-44.25,0.,117.8,1.57079632679489,3.14159265358979,0.,      1491P   1717
0.,0.;                                                              1491P   1718
126,2,2,0,0,0,0,1.5707963267949,1.5707963267949,1.5707963267949,    1493P   1719
3.14159265358979,3.14159265358979,3.14159265358979,1.,              1493P   1720
0.707106781186548,1.,-44.25,-4.4064116817056D-15,117.8,-44.25,      1493P   1721
44.25,117.8,2.70953104311352D-15,44.25,117.8,1.5707963267949,       1493P   1722
3.14159265358979,0.,0.,0.;                                          1493P   1723
126,6,2,0,0,0,0,-3.14159265358979,-3.14159265358979,                1495P   1724
-3.14159265358979,-1.5707963267949,-1.5707963267949,                1495P   1725
-1.48029736616688D-16,-1.48029736616688D-16,1.5707963267949,        1495P   1726
1.5707963267949,1.5707963267949,1.,0.707106781186548,1.,            1495P   1727
0.707106781186547,1.,0.707106781186547,1.,1.35476552155676D-14,     1495P   1728
44.25,117.8,44.25,44.25,117.8,44.25,-1.08381241724541D-14,117.8,    1495P   1729
44.25,-44.25,117.8,-1.57827728405213D-15,-44.25,117.8,-44.25,       1495P   1730
-44.25,117.8,-44.25,-4.4064116817056D-15,117.8,                     1495P   1731
-3.14159265358979,1.5707963267949,0.,0.,0.;                         1495P   1732
126,6,2,0,0,0,0,-1.5707963267949,-1.5707963267949,                  1497P   1733
-1.5707963267949,1.48029736616688D-16,1.48029736616688D-16,         1497P   1734
1.5707963267949,1.5707963267949,3.14159265358979,                   1497P   1735
3.14159265358979,3.14159265358979,1.,0.707106781186548,1.,          1497P   1736
0.707106781186548,1.,0.707106781186548,1.,-45.25,                   1497P   1737
-4.50599160671589D-15,116.8,-45.25,-45.25,116.8,                    1497P   1738
-1.61394456730755D-15,-45.25,116.8,45.25,-45.25,116.8,45.25,        1497P   1739
-1.10830535322835D-14,116.8,45.25,45.25,116.8,                      1497P   1740
1.38538169153544D-14,45.25,116.8,-1.5707963267949,                  1497P   1741
3.14159265358979,0.,0.,0.;                                          1497P   1742
126,2,2,0,0,0,0,-3.14159265358979,-3.14159265358979,                1499P   1743
-3.14159265358979,-1.5707963267949,-1.5707963267949,                1499P   1744
-1.5707963267949,1.,0.707106781186547,1.,-8.12859312934056D-15,     1499P   1745
44.25,120.6,-44.25,44.25,120.6,-44.25,4.4064116817056D-15,120.6,    1499P   1746
-3.14159265358979,-1.5707963267949,0.,0.,0.;                        1499P   1747
126,2,2,0,0,0,0,1.5707963267949,1.5707963267949,1.5707963267949,    1501P   1748
3.14159265358979,3.14159265358979,3.14159265358979,1.,              1501P   1749
0.707106781186547,1.,44.25,0.,120.6,44.25,44.25,120.6,              1501P   1750
2.70953104311352D-15,44.25,120.6,1.5707963267949,                   1501P   1751
3.14159265358979,0.,0.,0.;                                          1501P   1752
126,4,2,0,0,0,0,-1.5707963267949,-1.5707963267949,                  1503P   1753
-1.5707963267949,-1.11022302462516D-16,-1.11022302462516D-16,       1503P   1754
1.5707963267949,1.5707963267949,1.5707963267949,1.,                 1503P   1755
0.707106781186548,1.,0.707106781186548,1.,-44.25,                   1503P   1756
4.4064116817056D-15,120.6,-44.25,-44.25,120.6,                      1503P   1757
-2.2032058408528D-15,-44.25,120.6,44.25,-44.25,120.6,44.25,0.,      1503P   1758
120.6,-1.5707963267949,1.5707963267949,0.,0.,0.;                    1503P   1759
126,1,1,0,0,1,0,-2.3638418079096,-2.3638418079096,                  1505P   1760
-2.30056497175141,-2.30056497175141,1.,1.,-44.25,0.,120.6,          1505P   1761
-44.25,0.,117.8,-2.3638418079096,-2.30056497175141,0.,0.,0.;        1505P   1762
126,2,2,0,0,0,0,1.5707963267949,1.5707963267949,1.5707963267949,    1507P   1763
3.14159265358979,3.14159265358979,3.14159265358979,1.,              1507P   1764
0.707106781186548,1.,3.29429988970638D-15,53.8,116.8,-53.8,53.8,    1507P   1765
116.8,-53.8,6.58859977941276D-15,116.8,1.5707963267949,             1507P   1766
3.14159265358979,0.,0.,0.;                                          1507P   1767
126,6,2,0,0,0,0,3.14159265358979,3.14159265358979,                  1509P   1768
3.14159265358979,4.71238898038469,4.71238898038469,                 1509P   1769
6.28318530717959,6.28318530717959,7.85398163397448,                 1509P   1770
7.85398163397448,7.85398163397448,1.,0.707106781186548,1.,          1509P   1771
0.707106781186547,1.,0.707106781186548,1.,-53.8,                    1509P   1772
6.58859977941276D-15,116.8,-53.8,-53.8,116.8,                       1509P   1773
-9.88289966911914D-15,-53.8,116.8,53.8,-53.8,116.8,53.8,            1509P   1774
-1.31771995588255D-14,116.8,53.8,53.8,116.8,                        1509P   1775
1.64714994485319D-14,53.8,116.8,3.14159265358979,                   1509P   1776
7.85398163397448,0.,0.,0.;                                          1509P   1777
126,2,2,0,0,0,0,-3.14159265358979,-3.14159265358979,                1511P   1778
-3.14159265358979,-1.5707963267949,-1.5707963267949,                1511P   1779
-1.5707963267949,1.,0.707106781186548,1.,2.77076338307089D-15,      1511P   1780
45.25,111.4,45.25,45.25,111.4,45.25,0.,111.4,-3.14159265358979,     1511P   1781
-1.5707963267949,0.,0.,0.;                                          1511P   1782
126,2,2,0,0,0,0,1.57079632679489,1.57079632679489,                  1513P   1783
1.57079632679489,3.14159265358979,3.14159265358979,                 1513P   1784
3.14159265358979,1.,0.707106781186562,1.,45.25,0.,111.4,44.25,      1513P   1785
0.,111.4,44.25,0.,110.4,1.57079632679489,3.14159265358979,0.,0.,    1513P   1786
0.;                                                                 1513P   1787
126,6,2,0,0,0,0,-1.5707963267949,-1.5707963267949,                  1515P   1788
-1.5707963267949,0.,0.,1.5707963267949,1.5707963267949,             1515P   1789
3.14159265358979,3.14159265358979,3.14159265358979,1.,              1515P   1790
0.707106781186548,1.,0.707106781186548,1.,0.707106781186548,1.,     1515P   1791
45.25,0.,111.4,45.25,-45.25,111.4,2.77076338307089D-15,-45.25,      1515P   1792
111.4,-45.25,-45.25,111.4,-45.25,-5.54152676614177D-15,111.4,       1515P   1793
-45.25,45.25,111.4,-8.31229014921266D-15,45.25,111.4,               1515P   1794
-1.5707963267949,3.14159265358979,0.,0.,0.;                         1515P   1795
126,2,2,0,0,0,0,1.5707963267949,1.5707963267949,1.5707963267949,    1517P   1796
3.14159265358979,3.14159265358979,3.14159265358979,1.,              1517P   1797
0.707106781186548,1.,3.29429988970638D-15,53.8,111.4,-53.8,53.8,    1517P   1798
111.4,-53.8,6.58859977941276D-15,111.4,1.5707963267949,             1517P   1799
3.14159265358979,0.,0.,0.;                                          1517P   1800
126,6,2,0,0,0,0,3.14159265358979,3.14159265358979,                  1519P   1801
3.14159265358979,4.71238898038469,4.71238898038469,                 1519P   1802
6.28318530717959,6.28318530717959,7.85398163397448,                 1519P   1803
7.85398163397448,7.85398163397448,1.,0.707106781186548,1.,          1519P   1804
0.707106781186547,1.,0.707106781186548,1.,-53.8,                    1519P   1805
6.58859977941276D-15,111.4,-53.8,-53.8,111.4,                       1519P   1806
-9.88289966911914D-15,-53.8,111.4,53.8,-53.8,111.4,53.8,            1519P   1807
-1.31771995588255D-14,111.4,53.8,53.8,111.4,                        1519P   1808
1.64714994485319D-14,53.8,111.4,3.14159265358979,                   1519P   1809
7.85398163397448,0.,0.,0.;                                          1519P   1810
126,2,2,0,0,0,0,-3.14159265358979,-3.14159265358979,                1521P   1811
-3.14159265358979,-1.5707963267949,-1.5707963267949,                1521P   1812
-1.5707963267949,1.,0.707106781186547,1.,2.77076338307089D-15,      1521P   1813
45.25,127.,-45.25,45.25,127.,-45.25,-4.50599160671589D-15,127.,     1521P   1814
-3.14159265358979,-1.5707963267949,0.,0.,0.;                        1521P   1815
126,2,2,0,0,0,0,1.57079632679489,1.57079632679489,                  1523P   1816
1.57079632679489,3.14159265358979,3.14159265358979,                 1523P   1817
3.14159265358979,1.,0.707106781186554,1.,-45.25,0.,127.,-44.25,     1523P   1818
0.,127.,-44.25,0.,128.,1.57079632679489,3.14159265358979,0.,0.,     1523P   1819
0.;                                                                 1523P   1820
126,2,2,0,0,0,0,1.5707963267949,1.5707963267949,1.5707963267949,    1525P   1821
3.14159265358979,3.14159265358979,3.14159265358979,1.,              1525P   1822
0.707106781186548,1.,-44.25,-4.4064116817056D-15,128.,-44.25,       1525P   1823
44.25,128.,2.70953104311352D-15,44.25,128.,1.5707963267949,         1525P   1824
3.14159265358979,0.,0.,0.;                                          1525P   1825
126,6,2,0,0,0,0,-3.14159265358979,-3.14159265358979,                1527P   1826
-3.14159265358979,-1.5707963267949,-1.5707963267949,                1527P   1827
-1.48029736616688D-16,-1.48029736616688D-16,1.5707963267949,        1527P   1828
1.5707963267949,1.5707963267949,1.,0.707106781186548,1.,            1527P   1829
0.707106781186547,1.,0.707106781186547,1.,1.35476552155676D-14,     1527P   1830
44.25,128.,44.25,44.25,128.,44.25,-1.08381241724541D-14,128.,       1527P   1831
44.25,-44.25,128.,-1.57827728405213D-15,-44.25,128.,-44.25,         1527P   1832
-44.25,128.,-44.25,-4.4064116817056D-15,128.,-3.14159265358979,     1527P   1833
1.5707963267949,0.,0.,0.;                                           1527P   1834
126,6,2,0,0,0,0,-1.5707963267949,-1.5707963267949,                  1529P   1835
-1.5707963267949,1.48029736616688D-16,1.48029736616688D-16,         1529P   1836
1.5707963267949,1.5707963267949,3.14159265358979,                   1529P   1837
3.14159265358979,3.14159265358979,1.,0.707106781186548,1.,          1529P   1838
0.707106781186548,1.,0.707106781186548,1.,-45.25,                   1529P   1839
-4.50599160671589D-15,127.,-45.25,-45.25,127.,                      1529P   1840
-1.61394456730755D-15,-45.25,127.,45.25,-45.25,127.,45.25,          1529P   1841
-1.10830535322835D-14,127.,45.25,45.25,127.,                        1529P   1842
1.38538169153544D-14,45.25,127.,-1.5707963267949,                   1529P   1843
3.14159265358979,0.,0.,0.;                                          1529P   1844
126,2,2,0,0,0,0,-3.14159265358979,-3.14159265358979,                1531P   1845
-3.14159265358979,-1.5707963267949,-1.5707963267949,                1531P   1846
-1.5707963267949,1.,0.707106781186547,1.,-8.12859312934056D-15,     1531P   1847
44.25,130.8,-44.25,44.25,130.8,-44.25,4.4064116817056D-15,130.8,    1531P   1848
-3.14159265358979,-1.5707963267949,0.,0.,0.;                        1531P   1849
126,2,2,0,0,0,0,1.5707963267949,1.5707963267949,1.5707963267949,    1533P   1850
3.14159265358979,3.14159265358979,3.14159265358979,1.,              1533P   1851
0.707106781186547,1.,44.25,0.,130.8,44.25,44.25,130.8,              1533P   1852
2.70953104311352D-15,44.25,130.8,1.5707963267949,                   1533P   1853
3.14159265358979,0.,0.,0.;                                          1533P   1854
126,4,2,0,0,0,0,-1.5707963267949,-1.5707963267949,                  1535P   1855
-1.5707963267949,-1.11022302462516D-16,-1.11022302462516D-16,       1535P   1856
1.5707963267949,1.5707963267949,1.5707963267949,1.,                 1535P   1857
0.707106781186548,1.,0.707106781186548,1.,-44.25,                   1535P   1858
4.4064116817056D-15,130.8,-44.25,-44.25,130.8,                      1535P   1859
-2.2032058408528D-15,-44.25,130.8,44.25,-44.25,130.8,44.25,0.,      1535P   1860
130.8,-1.5707963267949,1.5707963267949,0.,0.,0.;                    1535P   1861
126,1,1,0,0,1,0,-2.59435028248588,-2.59435028248588,                1537P   1862
-2.53107344632768,-2.53107344632768,1.,1.,-44.25,0.,130.8,          1537P   1863
-44.25,0.,128.,-2.59435028248588,-2.53107344632768,0.,0.,0.;        1537P   1864
126,2,2,0,0,0,0,1.5707963267949,1.5707963267949,1.5707963267949,    1539P   1865
3.14159265358979,3.14159265358979,3.14159265358979,1.,              1539P   1866
0.707106781186548,1.,3.29429988970638D-15,53.8,127.,-53.8,53.8,     1539P   1867
127.,-53.8,6.58859977941276D-15,127.,1.5707963267949,               1539P   1868
3.14159265358979,0.,0.,0.;                                          1539P   1869
126,6,2,0,0,0,0,3.14159265358979,3.14159265358979,                  1541P   1870
3.14159265358979,4.71238898038469,4.71238898038469,                 1541P   1871
6.28318530717959,6.28318530717959,7.85398163397448,                 1541P   1872
7.85398163397448,7.85398163397448,1.,0.707106781186548,1.,          1541P   1873
0.707106781186547,1.,0.707106781186548,1.,-53.8,                    1541P   1874
6.58859977941276D-15,127.,-53.8,-53.8,127.,                         1541P   1875
-9.88289966911914D-15,-53.8,127.,53.8,-53.8,127.,53.8,              1541P   1876
-1.31771995588255D-14,127.,53.8,53.8,127.,1.64714994485319D-14,     1541P   1877
53.8,127.,3.14159265358979,7.85398163397448,0.,0.,0.;               1541P   1878
126,2,2,0,0,0,0,-3.14159265358979,-3.14159265358979,                1543P   1879
-3.14159265358979,-1.5707963267949,-1.5707963267949,                1543P   1880
-1.5707963267949,1.,0.707106781186548,1.,2.77076338307089D-15,      1543P   1881
45.25,121.6,45.25,45.25,121.6,45.25,0.,121.6,-3.14159265358979,     1543P   1882
-1.5707963267949,0.,0.,0.;                                          1543P   1883
126,2,2,0,0,0,0,1.57079632679489,1.57079632679489,                  1545P   1884
1.57079632679489,3.14159265358979,3.14159265358979,                 1545P   1885
3.14159265358979,1.,0.707106781186562,1.,45.25,0.,121.6,44.25,      1545P   1886
0.,121.6,44.25,0.,120.6,1.57079632679489,3.14159265358979,0.,0.,    1545P   1887
0.;                                                                 1545P   1888
126,6,2,0,0,0,0,-1.5707963267949,-1.5707963267949,                  1547P   1889
-1.5707963267949,0.,0.,1.5707963267949,1.5707963267949,             1547P   1890
3.14159265358979,3.14159265358979,3.14159265358979,1.,              1547P   1891
0.707106781186548,1.,0.707106781186548,1.,0.707106781186548,1.,     1547P   1892
45.25,0.,121.6,45.25,-45.25,121.6,2.77076338307089D-15,-45.25,      1547P   1893
121.6,-45.25,-45.25,121.6,-45.25,-5.54152676614177D-15,121.6,       1547P   1894
-45.25,45.25,121.6,-8.31229014921266D-15,45.25,121.6,               1547P   1895
-1.5707963267949,3.14159265358979,0.,0.,0.;                         1547P   1896
126,2,2,0,0,0,0,1.5707963267949,1.5707963267949,1.5707963267949,    1549P   1897
3.14159265358979,3.14159265358979,3.14159265358979,1.,              1549P   1898
0.707106781186548,1.,3.29429988970638D-15,53.8,121.6,-53.8,53.8,    1549P   1899
121.6,-53.8,6.58859977941276D-15,121.6,1.5707963267949,             1549P   1900
3.14159265358979,0.,0.,0.;                                          1549P   1901
126,6,2,0,0,0,0,3.14159265358979,3.14159265358979,                  1551P   1902
3.14159265358979,4.71238898038469,4.71238898038469,                 1551P   1903
6.28318530717959,6.28318530717959,7.85398163397448,                 1551P   1904
7.85398163397448,7.85398163397448,1.,0.707106781186548,1.,          1551P   1905
0.707106781186547,1.,0.707106781186548,1.,-53.8,                    1551P   1906
6.58859977941276D-15,121.6,-53.8,-53.8,121.6,                       1551P   1907
-9.88289966911914D-15,-53.8,121.6,53.8,-53.8,121.6,53.8,            1551P   1908
-1.31771995588255D-14,121.6,53.8,53.8,121.6,                        1551P   1909
1.64714994485319D-14,53.8,121.6,3.14159265358979,                   1551P   1910
7.85398163397448,0.,0.,0.;                                          1551P   1911
126,2,2,0,0,0,0,-3.14159265358979,-3.14159265358979,                1553P   1912
-3.14159265358979,-1.5707963267949,-1.5707963267949,                1553P   1913
-1.5707963267949,1.,0.707106781186547,1.,2.77076338307089D-15,      1553P   1914
45.25,137.2,-45.25,45.25,137.2,-45.25,-4.50599160671589D-15,        1553P   1915
137.2,-3.14159265358979,-1.5707963267949,0.,0.,0.;                  1553P   1916
126,2,2,0,0,0,0,1.57079632679489,1.57079632679489,                  1555P   1917
1.57079632679489,3.14159265358979,3.14159265358979,                 1555P   1918
3.14159265358979,1.,0.707106781186554,1.,-45.25,0.,137.2,-44.25,    1555P   1919
0.,137.2,-44.25,0.,138.2,1.57079632679489,3.14159265358979,0.,      1555P   1920
0.,0.;                                                              1555P   1921
126,2,2,0,0,0,0,1.5707963267949,1.5707963267949,1.5707963267949,    1557P   1922
3.14159265358979,3.14159265358979,3.14159265358979,1.,              1557P   1923
0.707106781186548,1.,-44.25,-4.4064116817056D-15,138.2,-44.25,      1557P   1924
44.25,138.2,2.70953104311352D-15,44.25,138.2,1.5707963267949,       1557P   1925
3.14159265358979,0.,0.,0.;                                          1557P   1926
126,6,2,0,0,0,0,-3.14159265358979,-3.14159265358979,                1559P   1927
-3.14159265358979,-1.5707963267949,-1.5707963267949,                1559P   1928
-1.48029736616688D-16,-1.48029736616688D-16,1.5707963267949,        1559P   1929
1.5707963267949,1.5707963267949,1.,0.707106781186548,1.,            1559P   1930
0.707106781186547,1.,0.707106781186547,1.,1.35476552155676D-14,     1559P   1931
44.25,138.2,44.25,44.25,138.2,44.25,-1.08381241724541D-14,138.2,    1559P   1932
44.25,-44.25,138.2,-1.57827728405213D-15,-44.25,138.2,-44.25,       1559P   1933
-44.25,138.2,-44.25,-4.4064116817056D-15,138.2,                     1559P   1934
-3.14159265358979,1.5707963267949,0.,0.,0.;                         1559P   1935
126,6,2,0,0,0,0,-1.5707963267949,-1.5707963267949,                  1561P   1936
-1.5707963267949,1.48029736616688D-16,1.48029736616688D-16,         1561P   1937
1.5707963267949,1.5707963267949,3.14159265358979,                   1561P   1938
3.14159265358979,3.14159265358979,1.,0.707106781186548,1.,          1561P   1939
0.707106781186548,1.,0.707106781186548,1.,-45.25,                   1561P   1940
-4.50599160671589D-15,137.2,-45.25,-45.25,137.2,                    1561P   1941
-1.61394456730755D-15,-45.25,137.2,45.25,-45.25,137.2,45.25,        1561P   1942
-1.10830535322835D-14,137.2,45.25,45.25,137.2,                      1561P   1943
1.38538169153544D-14,45.25,137.2,-1.5707963267949,                  1561P   1944
3.14159265358979,0.,0.,0.;                                          1561P   1945
126,2,2,0,0,0,0,-3.14159265358979,-3.14159265358979,                1563P   1946
-3.14159265358979,-1.5707963267949,-1.5707963267949,                1563P   1947
-1.5707963267949,1.,0.707106781186547,1.,-8.12859312934056D-15,     1563P   1948
44.25,141.,-44.25,44.25,141.,-44.25,4.4064116817056D-15,141.,       1563P   1949
-3.14159265358979,-1.5707963267949,0.,0.,0.;                        1563P   1950
126,2,2,0,0,0,0,1.5707963267949,1.5707963267949,1.5707963267949,    1565P   1951
3.14159265358979,3.14159265358979,3.14159265358979,1.,              1565P   1952
0.707106781186547,1.,44.25,0.,141.,44.25,44.25,141.,                1565P   1953
2.70953104311352D-15,44.25,141.,1.5707963267949,                    1565P   1954
3.14159265358979,0.,0.,0.;                                          1565P   1955
126,4,2,0,0,0,0,-1.5707963267949,-1.5707963267949,                  1567P   1956
-1.5707963267949,-1.11022302462516D-16,-1.11022302462516D-16,       1567P   1957
1.5707963267949,1.5707963267949,1.5707963267949,1.,                 1567P   1958
0.707106781186548,1.,0.707106781186548,1.,-44.25,                   1567P   1959
4.4064116817056D-15,141.,-44.25,-44.25,141.,                        1567P   1960
-2.2032058408528D-15,-44.25,141.,44.25,-44.25,141.,44.25,0.,        1567P   1961
141.,-1.5707963267949,1.5707963267949,0.,0.,0.;                     1567P   1962
126,1,1,0,0,1,0,-2.82485875706215,-2.82485875706215,                1569P   1963
-2.76158192090395,-2.76158192090395,1.,1.,-44.25,0.,141.,-44.25,    1569P   1964
0.,138.2,-2.82485875706215,-2.76158192090395,0.,0.,0.;              1569P   1965
126,2,2,0,0,0,0,1.5707963267949,1.5707963267949,1.5707963267949,    1571P   1966
3.14159265358979,3.14159265358979,3.14159265358979,1.,              1571P   1967
0.707106781186548,1.,3.29429988970638D-15,53.8,137.2,-53.8,53.8,    1571P   1968
137.2,-53.8,6.58859977941276D-15,137.2,1.5707963267949,             1571P   1969
3.14159265358979,0.,0.,0.;                                          1571P   1970
126,6,2,0,0,0,0,3.14159265358979,3.14159265358979,                  1573P   1971
3.14159265358979,4.71238898038469,4.71238898038469,                 1573P   1972
6.28318530717959,6.28318530717959,7.85398163397448,                 1573P   1973
7.85398163397448,7.85398163397448,1.,0.707106781186548,1.,          1573P   1974
0.707106781186547,1.,0.707106781186548,1.,-53.8,                    1573P   1975
6.58859977941276D-15,137.2,-53.8,-53.8,137.2,                       1573P   1976
-9.88289966911914D-15,-53.8,137.2,53.8,-53.8,137.2,53.8,            1573P   1977
-1.31771995588255D-14,137.2,53.8,53.8,137.2,                        1573P   1978
1.64714994485319D-14,53.8,137.2,3.14159265358979,                   1573P   1979
7.85398163397448,0.,0.,0.;                                          1573P   1980
126,2,2,0,0,0,0,-3.14159265358979,-3.14159265358979,                1575P   1981
-3.14159265358979,-1.5707963267949,-1.5707963267949,                1575P   1982
-1.5707963267949,1.,0.707106781186548,1.,2.77076338307089D-15,      1575P   1983
45.25,131.8,45.25,45.25,131.8,45.25,0.,131.8,-3.14159265358979,     1575P   1984
-1.5707963267949,0.,0.,0.;                                          1575P   1985
126,2,2,0,0,0,0,1.57079632679489,1.57079632679489,                  1577P   1986
1.57079632679489,3.14159265358979,3.14159265358979,                 1577P   1987
3.14159265358979,1.,0.707106781186562,1.,45.25,0.,131.8,44.25,      1577P   1988
0.,131.8,44.25,0.,130.8,1.57079632679489,3.14159265358979,0.,0.,    1577P   1989
0.;                                                                 1577P   1990
126,6,2,0,0,0,0,-1.5707963267949,-1.5707963267949,                  1579P   1991
-1.5707963267949,0.,0.,1.5707963267949,1.5707963267949,             1579P   1992
3.14159265358979,3.14159265358979,3.14159265358979,1.,              1579P   1993
0.707106781186548,1.,0.707106781186548,1.,0.707106781186548,1.,     1579P   1994
45.25,0.,131.8,45.25,-45.25,131.8,2.77076338307089D-15,-45.25,      1579P   1995
131.8,-45.25,-45.25,131.8,-45.25,-5.54152676614177D-15,131.8,       1579P   1996
-45.25,45.25,131.8,-8.31229014921266D-15,45.25,131.8,               1579P   1997
-1.5707963267949,3.14159265358979,0.,0.,0.;                         1579P   1998
126,2,2,0,0,0,0,1.5707963267949,1.5707963267949,1.5707963267949,    1581P   1999
3.14159265358979,3.14159265358979,3.14159265358979,1.,              1581P   2000
0.707106781186548,1.,3.29429988970638D-15,53.8,131.8,-53.8,53.8,    1581P   2001
131.8,-53.8,6.58859977941276D-15,131.8,1.5707963267949,             1581P   2002
3.14159265358979,0.,0.,0.;                                          1581P   2003
126,6,2,0,0,0,0,3.14159265358979,3.14159265358979,                  1583P   2004
3.14159265358979,4.71238898038469,4.71238898038469,                 1583P   2005
6.28318530717959,6.28318530717959,7.85398163397448,                 1583P   2006
7.85398163397448,7.85398163397448,1.,0.707106781186548,1.,          1583P   2007
0.707106781186547,1.,0.707106781186548,1.,-53.8,                    1583P   2008
6.58859977941276D-15,131.8,-53.8,-53.8,131.8,                       1583P   2009
-9.88289966911914D-15,-53.8,131.8,53.8,-53.8,131.8,53.8,            1583P   2010
-1.31771995588255D-14,131.8,53.8,53.8,131.8,                        1583P   2011
1.64714994485319D-14,53.8,131.8,3.14159265358979,                   1583P   2012
7.85398163397448,0.,0.,0.;                                          1583P   2013
126,2,2,0,0,0,0,-3.14159265358979,-3.14159265358979,                1585P   2014
-3.14159265358979,-1.5707963267949,-1.5707963267949,                1585P   2015
-1.5707963267949,1.,0.707106781186547,1.,2.77076338307089D-15,      1585P   2016
45.25,147.4,-45.25,45.25,147.4,-45.25,-4.50599160671589D-15,        1585P   2017
147.4,-3.14159265358979,-1.5707963267949,0.,0.,0.;                  1585P   2018
126,2,2,0,0,0,0,1.57079632679489,1.57079632679489,                  1587P   2019
1.57079632679489,3.14159265358979,3.14159265358979,                 1587P   2020
3.14159265358979,1.,0.707106781186554,1.,-45.25,0.,147.4,-44.25,    1587P   2021
0.,147.4,-44.25,0.,148.4,1.57079632679489,3.14159265358979,0.,      1587P   2022
0.,0.;                                                              1587P   2023
126,2,2,0,0,0,0,1.5707963267949,1.5707963267949,1.5707963267949,    1589P   2024
3.14159265358979,3.14159265358979,3.14159265358979,1.,              1589P   2025
0.707106781186548,1.,-44.25,-4.4064116817056D-15,148.4,-44.25,      1589P   2026
44.25,148.4,2.70953104311352D-15,44.25,148.4,1.5707963267949,       1589P   2027
3.14159265358979,0.,0.,0.;                                          1589P   2028
126,6,2,0,0,0,0,-3.14159265358979,-3.14159265358979,                1591P   2029
-3.14159265358979,-1.5707963267949,-1.5707963267949,                1591P   2030
-1.48029736616688D-16,-1.48029736616688D-16,1.5707963267949,        1591P   2031
1.5707963267949,1.5707963267949,1.,0.707106781186548,1.,            1591P   2032
0.707106781186547,1.,0.707106781186547,1.,1.35476552155676D-14,     1591P   2033
44.25,148.4,44.25,44.25,148.4,44.25,-1.08381241724541D-14,148.4,    1591P   2034
44.25,-44.25,148.4,-1.57827728405213D-15,-44.25,148.4,-44.25,       1591P   2035
-44.25,148.4,-44.25,-4.4064116817056D-15,148.4,                     1591P   2036
-3.14159265358979,1.5707963267949,0.,0.,0.;                         1591P   2037
126,6,2,0,0,0,0,-1.5707963267949,-1.5707963267949,                  1593P   2038
-1.5707963267949,1.48029736616688D-16,1.48029736616688D-16,         1593P   2039
1.5707963267949,1.5707963267949,3.14159265358979,                   1593P   2040
3.14159265358979,3.14159265358979,1.,0.707106781186548,1.,          1593P   2041
0.707106781186548,1.,0.707106781186548,1.,-45.25,                   1593P   2042
-4.50599160671589D-15,147.4,-45.25,-45.25,147.4,                    1593P   2043
-1.61394456730755D-15,-45.25,147.4,45.25,-45.25,147.4,45.25,        1593P   2044
-1.10830535322835D-14,147.4,45.25,45.25,147.4,                      1593P   2045
1.38538169153544D-14,45.25,147.4,-1.5707963267949,                  1593P   2046
3.14159265358979,0.,0.,0.;                                          1593P   2047
126,2,2,0,0,0,0,-3.14159265358979,-3.14159265358979,                1595P   2048
-3.14159265358979,-1.5707963267949,-1.5707963267949,                1595P   2049
-1.5707963267949,1.,0.707106781186547,1.,-8.12859312934056D-15,     1595P   2050
44.25,151.2,-44.25,44.25,151.2,-44.25,4.4064116817056D-15,151.2,    1595P   2051
-3.14159265358979,-1.5707963267949,0.,0.,0.;                        1595P   2052
126,2,2,0,0,0,0,1.5707963267949,1.5707963267949,1.5707963267949,    1597P   2053
3.14159265358979,3.14159265358979,3.14159265358979,1.,              1597P   2054
0.707106781186547,1.,44.25,0.,151.2,44.25,44.25,151.2,              1597P   2055
2.70953104311352D-15,44.25,151.2,1.5707963267949,                   1597P   2056
3.14159265358979,0.,0.,0.;                                          1597P   2057
126,4,2,0,0,0,0,-1.5707963267949,-1.5707963267949,                  1599P   2058
-1.5707963267949,-1.11022302462516D-16,-1.11022302462516D-16,       1599P   2059
1.5707963267949,1.5707963267949,1.5707963267949,1.,                 1599P   2060
0.707106781186548,1.,0.707106781186548,1.,-44.25,                   1599P   2061
4.4064116817056D-15,151.2,-44.25,-44.25,151.2,                      1599P   2062
-2.2032058408528D-15,-44.25,151.2,44.25,-44.25,151.2,44.25,0.,      1599P   2063
151.2,-1.5707963267949,1.5707963267949,0.,0.,0.;                    1599P   2064
126,1,1,0,0,1,0,-3.05536723163842,-3.05536723163842,                1601P   2065
-2.99209039548023,-2.99209039548023,1.,1.,-44.25,0.,151.2,          1601P   2066
-44.25,0.,148.4,-3.05536723163842,-2.99209039548023,0.,0.,0.;       1601P   2067
126,2,2,0,0,0,0,1.5707963267949,1.5707963267949,1.5707963267949,    1603P   2068
3.14159265358979,3.14159265358979,3.14159265358979,1.,              1603P   2069
0.707106781186548,1.,3.29429988970638D-15,53.8,147.4,-53.8,53.8,    1603P   2070
147.4,-53.8,6.58859977941276D-15,147.4,1.5707963267949,             1603P   2071
3.14159265358979,0.,0.,0.;                                          1603P   2072
126,6,2,0,0,0,0,3.14159265358979,3.14159265358979,                  1605P   2073
3.14159265358979,4.71238898038469,4.71238898038469,                 1605P   2074
6.28318530717959,6.28318530717959,7.85398163397448,                 1605P   2075
7.85398163397448,7.85398163397448,1.,0.707106781186548,1.,          1605P   2076
0.707106781186547,1.,0.707106781186548,1.,-53.8,                    1605P   2077
6.58859977941276D-15,147.4,-53.8,-53.8,147.4,                       1605P   2078
-9.88289966911914D-15,-53.8,147.4,53.8,-53.8,147.4,53.8,            1605P   2079
-1.31771995588255D-14,147.4,53.8,53.8,147.4,                        1605P   2080
1.64714994485319D-14,53.8,147.4,3.14159265358979,                   1605P   2081
7.85398163397448,0.,0.,0.;                                          1605P   2082
126,2,2,0,0,0,0,-3.14159265358979,-3.14159265358979,                1607P   2083
-3.14159265358979,-1.5707963267949,-1.5707963267949,                1607P   2084
-1.5707963267949,1.,0.707106781186548,1.,2.77076338307089D-15,      1607P   2085
45.25,142.,45.25,45.25,142.,45.25,0.,142.,-3.14159265358979,        1607P   2086
-1.5707963267949,0.,0.,0.;                                          1607P   2087
126,2,2,0,0,0,0,1.57079632679489,1.57079632679489,                  1609P   2088
1.57079632679489,3.14159265358979,3.14159265358979,                 1609P   2089
3.14159265358979,1.,0.707106781186562,1.,45.25,0.,142.,44.25,0.,    1609P   2090
142.,44.25,0.,141.,1.57079632679489,3.14159265358979,0.,0.,0.;      1609P   2091
126,6,2,0,0,0,0,-1.5707963267949,-1.5707963267949,                  1611P   2092
-1.5707963267949,0.,0.,1.5707963267949,1.5707963267949,             1611P   2093
3.14159265358979,3.14159265358979,3.14159265358979,1.,              1611P   2094
0.707106781186548,1.,0.707106781186548,1.,0.707106781186548,1.,     1611P   2095
45.25,0.,142.,45.25,-45.25,142.,2.77076338307089D-15,-45.25,        1611P   2096
142.,-45.25,-45.25,142.,-45.25,-5.54152676614177D-15,142.,          1611P   2097
-45.25,45.25,142.,-8.31229014921266D-15,45.25,142.,                 1611P   2098
-1.5707963267949,3.14159265358979,0.,0.,0.;                         1611P   2099
126,2,2,0,0,0,0,1.5707963267949,1.5707963267949,1.5707963267949,    1613P   2100
3.14159265358979,3.14159265358979,3.14159265358979,1.,              1613P   2101
0.707106781186548,1.,3.29429988970638D-15,53.8,142.,-53.8,53.8,     1613P   2102
142.,-53.8,6.58859977941276D-15,142.,1.5707963267949,               1613P   2103
3.14159265358979,0.,0.,0.;                                          1613P   2104
126,6,2,0,0,0,0,3.14159265358979,3.14159265358979,                  1615P   2105
3.14159265358979,4.71238898038469,4.71238898038469,                 1615P   2106
6.28318530717959,6.28318530717959,7.85398163397448,                 1615P   2107
7.85398163397448,7.85398163397448,1.,0.707106781186548,1.,          1615P   2108
0.707106781186547,1.,0.707106781186548,1.,-53.8,                    1615P   2109
6.58859977941276D-15,142.,-53.8,-53.8,142.,                         1615P   2110
-9.88289966911914D-15,-53.8,142.,53.8,-53.8,142.,53.8,              1615P   2111
-1.31771995588255D-14,142.,53.8,53.8,142.,1.64714994485319D-14,     1615P   2112
53.8,142.,3.14159265358979,7.85398163397448,0.,0.,0.;               1615P   2113
126,2,2,0,0,0,0,-3.14159265358979,-3.14159265358979,                1617P   2114
-3.14159265358979,-1.5707963267949,-1.5707963267949,                1617P   2115
-1.5707963267949,1.,0.707106781186547,1.,2.77076338307089D-15,      1617P   2116
45.25,157.6,-45.25,45.25,157.6,-45.25,-4.50599160671589D-15,        1617P   2117
157.6,-3.14159265358979,-1.5707963267949,0.,0.,0.;                  1617P   2118
126,2,2,0,0,0,0,1.57079632679489,1.57079632679489,                  1619P   2119
1.57079632679489,3.14159265358979,3.14159265358979,                 1619P   2120
3.14159265358979,1.,0.707106781186554,1.,-45.25,0.,157.6,-44.25,    1619P   2121
0.,157.6,-44.25,0.,158.6,1.57079632679489,3.14159265358979,0.,      1619P   2122
0.,0.;                                                              1619P   2123
126,2,2,0,0,0,0,1.5707963267949,1.5707963267949,1.5707963267949,    1621P   2124
3.14159265358979,3.14159265358979,3.14159265358979,1.,              1621P   2125
0.707106781186548,1.,-44.25,-4.4064116817056D-15,158.6,-44.25,      1621P   2126
44.25,158.6,2.70953104311352D-15,44.25,158.6,1.5707963267949,       1621P   2127
3.14159265358979,0.,0.,0.;                                          1621P   2128
126,6,2,0,0,0,0,-3.14159265358979,-3.14159265358979,                1623P   2129
-3.14159265358979,-1.5707963267949,-1.5707963267949,                1623P   2130
-1.48029736616688D-16,-1.48029736616688D-16,1.5707963267949,        1623P   2131
1.5707963267949,1.5707963267949,1.,0.707106781186548,1.,            1623P   2132
0.707106781186547,1.,0.707106781186547,1.,1.35476552155676D-14,     1623P   2133
44.25,158.6,44.25,44.25,158.6,44.25,-1.08381241724541D-14,158.6,    1623P   2134
44.25,-44.25,158.6,-1.57827728405213D-15,-44.25,158.6,-44.25,       1623P   2135
-44.25,158.6,-44.25,-4.4064116817056D-15,158.6,                     1623P   2136
-3.14159265358979,1.5707963267949,0.,0.,0.;                         1623P   2137
126,6,2,0,0,0,0,-1.5707963267949,-1.5707963267949,                  1625P   2138
-1.5707963267949,1.48029736616688D-16,1.48029736616688D-16,         1625P   2139
1.5707963267949,1.5707963267949,3.14159265358979,                   1625P   2140
3.14159265358979,3.14159265358979,1.,0.707106781186548,1.,          1625P   2141
0.707106781186548,1.,0.707106781186548,1.,-45.25,                   1625P   2142
-4.50599160671589D-15,157.6,-45.25,-45.25,157.6,                    1625P   2143
-1.61394456730755D-15,-45.25,157.6,45.25,-45.25,157.6,45.25,        1625P   2144
-1.10830535322835D-14,157.6,45.25,45.25,157.6,                      1625P   2145
1.38538169153544D-14,45.25,157.6,-1.5707963267949,                  1625P   2146
3.14159265358979,0.,0.,0.;                                          1625P   2147
126,2,2,0,0,0,0,-3.14159265358979,-3.14159265358979,                1627P   2148
-3.14159265358979,-1.5707963267949,-1.5707963267949,                1627P   2149
-1.5707963267949,1.,0.707106781186547,1.,-8.12859312934056D-15,     1627P   2150
44.25,161.4,-44.25,44.25,161.4,-44.25,4.4064116817056D-15,161.4,    1627P   2151
-3.14159265358979,-1.5707963267949,0.,0.,0.;                        1627P   2152
126,2,2,0,0,0,0,1.5707963267949,1.5707963267949,1.5707963267949,    1629P   2153
3.14159265358979,3.14159265358979,3.14159265358979,1.,              1629P   2154
0.707106781186547,1.,44.25,0.,161.4,44.25,44.25,161.4,              1629P   2155
2.70953104311352D-15,44.25,161.4,1.5707963267949,                   1629P   2156
3.14159265358979,0.,0.,0.;                                          1629P   2157
126,4,2,0,0,0,0,-1.5707963267949,-1.5707963267949,                  1631P   2158
-1.5707963267949,-1.11022302462516D-16,-1.11022302462516D-16,       1631P   2159
1.5707963267949,1.5707963267949,1.5707963267949,1.,                 1631P   2160
0.707106781186548,1.,0.707106781186548,1.,-44.25,                   1631P   2161
4.4064116817056D-15,161.4,-44.25,-44.25,161.4,                      1631P   2162
-2.2032058408528D-15,-44.25,161.4,44.25,-44.25,161.4,44.25,0.,      1631P   2163
161.4,-1.5707963267949,1.5707963267949,0.,0.,0.;                    1631P   2164
126,1,1,0,0,1,0,-3.28587570621469,-3.28587570621469,                1633P   2165
-3.2225988700565,-3.2225988700565,1.,1.,-44.25,0.,161.4,-44.25,     1633P   2166
0.,158.6,-3.28587570621469,-3.2225988700565,0.,0.,0.;               1633P   2167
126,2,2,0,0,0,0,1.5707963267949,1.5707963267949,1.5707963267949,    1635P   2168
3.14159265358979,3.14159265358979,3.14159265358979,1.,              1635P   2169
0.707106781186548,1.,3.29429988970638D-15,53.8,157.6,-53.8,53.8,    1635P   2170
157.6,-53.8,6.58859977941276D-15,157.6,1.5707963267949,             1635P   2171
3.14159265358979,0.,0.,0.;                                          1635P   2172
126,6,2,0,0,0,0,3.14159265358979,3.14159265358979,                  1637P   2173
3.14159265358979,4.71238898038469,4.71238898038469,                 1637P   2174
6.28318530717959,6.28318530717959,7.85398163397448,                 1637P   2175
7.85398163397448,7.85398163397448,1.,0.707106781186548,1.,          1637P   2176
0.707106781186547,1.,0.707106781186548,1.,-53.8,                    1637P   2177
6.58859977941276D-15,157.6,-53.8,-53.8,157.6,                       1637P   2178
-9.88289966911914D-15,-53.8,157.6,53.8,-53.8,157.6,53.8,            1637P   2179
-1.31771995588255D-14,157.6,53.8,53.8,157.6,                        1637P   2180
1.64714994485319D-14,53.8,157.6,3.14159265358979,                   1637P   2181
7.85398163397448,0.,0.,0.;                                          1637P   2182
126,2,2,0,0,0,0,-3.14159265358979,-3.14159265358979,                1639P   2183
-3.14159265358979,-1.5707963267949,-1.5707963267949,                1639P   2184
-1.5707963267949,1.,0.707106781186548,1.,2.77076338307089D-15,      1639P   2185
45.25,152.2,45.25,45.25,152.2,45.25,0.,152.2,-3.14159265358979,     1639P   2186
-1.5707963267949,0.,0.,0.;                                          1639P   2187
126,2,2,0,0,0,0,1.57079632679489,1.57079632679489,                  1641P   2188
1.57079632679489,3.14159265358979,3.14159265358979,                 1641P   2189
3.14159265358979,1.,0.707106781186562,1.,45.25,0.,152.2,44.25,      1641P   2190
0.,152.2,44.25,0.,151.2,1.57079632679489,3.14159265358979,0.,0.,    1641P   2191
0.;                                                                 1641P   2192
126,6,2,0,0,0,0,-1.5707963267949,-1.5707963267949,                  1643P   2193
-1.5707963267949,0.,0.,1.5707963267949,1.5707963267949,             1643P   2194
3.14159265358979,3.14159265358979,3.14159265358979,1.,              1643P   2195
0.707106781186548,1.,0.707106781186548,1.,0.707106781186548,1.,     1643P   2196
45.25,0.,152.2,45.25,-45.25,152.2,2.77076338307089D-15,-45.25,      1643P   2197
152.2,-45.25,-45.25,152.2,-45.25,-5.54152676614177D-15,152.2,       1643P   2198
-45.25,45.25,152.2,-8.31229014921266D-15,45.25,152.2,               1643P   2199
-1.5707963267949,3.14159265358979,0.,0.,0.;                         1643P   2200
126,2,2,0,0,0,0,1.5707963267949,1.5707963267949,1.5707963267949,    1645P   2201
3.14159265358979,3.14159265358979,3.14159265358979,1.,              1645P   2202
0.707106781186548,1.,3.29429988970638D-15,53.8,152.2,-53.8,53.8,    1645P   2203
152.2,-53.8,6.58859977941276D-15,152.2,1.5707963267949,             1645P   2204
3.14159265358979,0.,0.,0.;                                          1645P   2205
126,6,2,0,0,0,0,3.14159265358979,3.14159265358979,                  1647P   2206
3.14159265358979,4.71238898038469,4.71238898038469,                 1647P   2207
6.28318530717959,6.28318530717959,7.85398163397448,                 1647P   2208
7.85398163397448,7.85398163397448,1.,0.707106781186548,1.,          1647P   2209
0.707106781186547,1.,0.707106781186548,1.,-53.8,                    1647P   2210
6.58859977941276D-15,152.2,-53.8,-53.8,152.2,                       1647P   2211
-9.88289966911914D-15,-53.8,152.2,53.8,-53.8,152.2,53.8,            1647P   2212
-1.31771995588255D-14,152.2,53.8,53.8,152.2,                        1647P   2213
1.64714994485319D-14,53.8,152.2,3.14159265358979,                   1647P   2214
7.85398163397448,0.,0.,0.;                                          1647P   2215
126,2,2,0,0,0,0,-3.14159265358979,-3.14159265358979,                1649P   2216
-3.14159265358979,-1.5707963267949,-1.5707963267949,                1649P   2217
-1.5707963267949,1.,0.707106781186547,1.,2.77076338307089D-15,      1649P   2218
45.25,167.8,-45.25,45.25,167.8,-45.25,-4.50599160671589D-15,        1649P   2219
167.8,-3.14159265358979,-1.5707963267949,0.,0.,0.;                  1649P   2220
126,2,2,0,0,0,0,1.57079632679489,1.57079632679489,                  1651P   2221
1.57079632679489,3.14159265358979,3.14159265358979,                 1651P   2222
3.14159265358979,1.,0.707106781186517,1.,-45.25,0.,167.8,-44.25,    1651P   2223
0.,167.8,-44.25,0.,168.8,1.57079632679489,3.14159265358979,0.,      1651P   2224
0.,0.;                                                              1651P   2225
126,2,2,0,0,0,0,1.5707963267949,1.5707963267949,1.5707963267949,    1653P   2226
3.14159265358979,3.14159265358979,3.14159265358979,1.,              1653P   2227
0.707106781186548,1.,-44.25,-4.4064116817056D-15,168.8,-44.25,      1653P   2228
44.25,168.8,2.70953104311352D-15,44.25,168.8,1.5707963267949,       1653P   2229
3.14159265358979,0.,0.,0.;                                          1653P   2230
126,6,2,0,0,0,0,-3.14159265358979,-3.14159265358979,                1655P   2231
-3.14159265358979,-1.5707963267949,-1.5707963267949,                1655P   2232
-1.48029736616688D-16,-1.48029736616688D-16,1.5707963267949,        1655P   2233
1.5707963267949,1.5707963267949,1.,0.707106781186548,1.,            1655P   2234
0.707106781186547,1.,0.707106781186547,1.,1.35476552155676D-14,     1655P   2235
44.25,168.8,44.25,44.25,168.8,44.25,-1.08381241724541D-14,168.8,    1655P   2236
44.25,-44.25,168.8,-1.57827728405213D-15,-44.25,168.8,-44.25,       1655P   2237
-44.25,168.8,-44.25,-4.4064116817056D-15,168.8,                     1655P   2238
-3.14159265358979,1.5707963267949,0.,0.,0.;                         1655P   2239
126,6,2,0,0,0,0,-1.5707963267949,-1.5707963267949,                  1657P   2240
-1.5707963267949,1.48029736616688D-16,1.48029736616688D-16,         1657P   2241
1.5707963267949,1.5707963267949,3.14159265358979,                   1657P   2242
3.14159265358979,3.14159265358979,1.,0.707106781186548,1.,          1657P   2243
0.707106781186548,1.,0.707106781186548,1.,-45.25,                   1657P   2244
-4.50599160671589D-15,167.8,-45.25,-45.25,167.8,                    1657P   2245
-1.61394456730755D-15,-45.25,167.8,45.25,-45.25,167.8,45.25,        1657P   2246
-1.10830535322835D-14,167.8,45.25,45.25,167.8,                      1657P   2247
1.38538169153544D-14,45.25,167.8,-1.5707963267949,                  1657P   2248
3.14159265358979,0.,0.,0.;                                          1657P   2249
126,2,2,0,0,0,0,-3.14159265358979,-3.14159265358979,                1659P   2250
-3.14159265358979,-1.5707963267949,-1.5707963267949,                1659P   2251
-1.5707963267949,1.,0.707106781186547,1.,-8.12859312934056D-15,     1659P   2252
44.25,171.6,-44.25,44.25,171.6,-44.25,4.4064116817056D-15,171.6,    1659P   2253
-3.14159265358979,-1.5707963267949,0.,0.,0.;                        1659P   2254
126,2,2,0,0,0,0,1.5707963267949,1.5707963267949,1.5707963267949,    1661P   2255
3.14159265358979,3.14159265358979,3.14159265358979,1.,              1661P   2256
0.707106781186547,1.,44.25,0.,171.6,44.25,44.25,171.6,              1661P   2257
2.70953104311352D-15,44.25,171.6,1.5707963267949,                   1661P   2258
3.14159265358979,0.,0.,0.;                                          1661P   2259
126,4,2,0,0,0,0,-1.5707963267949,-1.5707963267949,                  1663P   2260
-1.5707963267949,-1.11022302462516D-16,-1.11022302462516D-16,       1663P   2261
1.5707963267949,1.5707963267949,1.5707963267949,1.,                 1663P   2262
0.707106781186548,1.,0.707106781186548,1.,-44.25,                   1663P   2263
4.4064116817056D-15,171.6,-44.25,-44.25,171.6,                      1663P   2264
-2.2032058408528D-15,-44.25,171.6,44.25,-44.25,171.6,44.25,0.,      1663P   2265
171.6,-1.5707963267949,1.5707963267949,0.,0.,0.;                    1663P   2266
126,1,1,0,0,1,0,-3.51638418079096,-3.51638418079096,                1665P   2267
-3.45310734463277,-3.45310734463277,1.,1.,-44.25,0.,171.6,          1665P   2268
-44.25,0.,168.8,-3.51638418079096,-3.45310734463277,0.,0.,0.;       1665P   2269
126,2,2,0,0,0,0,1.5707963267949,1.5707963267949,1.5707963267949,    1667P   2270
3.14159265358979,3.14159265358979,3.14159265358979,1.,              1667P   2271
0.707106781186548,1.,3.29429988970638D-15,53.8,167.8,-53.8,53.8,    1667P   2272
167.8,-53.8,6.58859977941276D-15,167.8,1.5707963267949,             1667P   2273
3.14159265358979,0.,0.,0.;                                          1667P   2274
126,6,2,0,0,0,0,3.14159265358979,3.14159265358979,                  1669P   2275
3.14159265358979,4.71238898038469,4.71238898038469,                 1669P   2276
6.28318530717959,6.28318530717959,7.85398163397448,                 1669P   2277
7.85398163397448,7.85398163397448,1.,0.707106781186548,1.,          1669P   2278
0.707106781186547,1.,0.707106781186548,1.,-53.8,                    1669P   2279
6.58859977941276D-15,167.8,-53.8,-53.8,167.8,                       1669P   2280
-9.88289966911914D-15,-53.8,167.8,53.8,-53.8,167.8,53.8,            1669P   2281
-1.31771995588255D-14,167.8,53.8,53.8,167.8,                        1669P   2282
1.64714994485319D-14,53.8,167.8,3.14159265358979,                   1669P   2283
7.85398163397448,0.,0.,0.;                                          1669P   2284
126,2,2,0,0,0,0,-3.14159265358979,-3.14159265358979,                1671P   2285
-3.14159265358979,-1.5707963267949,-1.5707963267949,                1671P   2286
-1.5707963267949,1.,0.707106781186548,1.,2.77076338307089D-15,      1671P   2287
45.25,162.4,45.25,45.25,162.4,45.25,0.,162.4,-3.14159265358979,     1671P   2288
-1.5707963267949,0.,0.,0.;                                          1671P   2289
126,2,2,0,0,0,0,1.57079632679489,1.57079632679489,                  1673P   2290
1.57079632679489,3.14159265358979,3.14159265358979,                 1673P   2291
3.14159265358979,1.,0.707106781186525,1.,45.25,0.,162.4,44.25,      1673P   2292
0.,162.4,44.25,0.,161.4,1.57079632679489,3.14159265358979,0.,0.,    1673P   2293
0.;                                                                 1673P   2294
126,6,2,0,0,0,0,-1.5707963267949,-1.5707963267949,                  1675P   2295
-1.5707963267949,0.,0.,1.5707963267949,1.5707963267949,             1675P   2296
3.14159265358979,3.14159265358979,3.14159265358979,1.,              1675P   2297
0.707106781186548,1.,0.707106781186548,1.,0.707106781186548,1.,     1675P   2298
45.25,0.,162.4,45.25,-45.25,162.4,2.77076338307089D-15,-45.25,      1675P   2299
162.4,-45.25,-45.25,162.4,-45.25,-5.54152676614177D-15,162.4,       1675P   2300
-45.25,45.25,162.4,-8.31229014921266D-15,45.25,162.4,               1675P   2301
-1.5707963267949,3.14159265358979,0.,0.,0.;                         1675P   2302
126,2,2,0,0,0,0,1.5707963267949,1.5707963267949,1.5707963267949,    1677P   2303
3.14159265358979,3.14159265358979,3.14159265358979,1.,              1677P   2304
0.707106781186548,1.,3.29429988970638D-15,53.8,162.4,-53.8,53.8,    1677P   2305
162.4,-53.8,6.58859977941276D-15,162.4,1.5707963267949,             1677P   2306
3.14159265358979,0.,0.,0.;                                          1677P   2307
126,6,2,0,0,0,0,3.14159265358979,3.14159265358979,                  1679P   2308
3.14159265358979,4.71238898038469,4.71238898038469,                 1679P   2309
6.28318530717959,6.28318530717959,7.85398163397448,                 1679P   2310
7.85398163397448,7.85398163397448,1.,0.707106781186548,1.,          1679P   2311
0.707106781186547,1.,0.707106781186548,1.,-53.8,                    1679P   2312
6.58859977941276D-15,162.4,-53.8,-53.8,162.4,                       1679P   2313
-9.88289966911914D-15,-53.8,162.4,53.8,-53.8,162.4,53.8,            1679P   2314
-1.31771995588255D-14,162.4,53.8,53.8,162.4,                        1679P   2315
1.64714994485319D-14,53.8,162.4,3.14159265358979,                   1679P   2316
7.85398163397448,0.,0.,0.;                                          1679P   2317
126,2,2,0,0,0,0,-3.14159265358979,-3.14159265358979,                1681P   2318
-3.14159265358979,-1.5707963267949,-1.5707963267949,                1681P   2319
-1.5707963267949,1.,0.707106781186547,1.,2.77076338307089D-15,      1681P   2320
45.25,178.,-45.25,45.25,178.,-45.25,-4.50599160671589D-15,178.,     1681P   2321
-3.14159265358979,-1.5707963267949,0.,0.,0.;                        1681P   2322
126,2,2,0,0,0,0,1.57079632679489,1.57079632679489,                  1683P   2323
1.57079632679489,3.14159265358979,3.14159265358979,                 1683P   2324
3.14159265358979,1.,0.707106781186517,1.,-45.25,0.,178.,-44.25,     1683P   2325
0.,178.,-44.25,0.,179.,1.57079632679489,3.14159265358979,0.,0.,     1683P   2326
0.;                                                                 1683P   2327
126,2,2,0,0,0,0,1.5707963267949,1.5707963267949,1.5707963267949,    1685P   2328
3.14159265358979,3.14159265358979,3.14159265358979,1.,              1685P   2329
0.707106781186548,1.,-44.25,-4.4064116817056D-15,179.,-44.25,       1685P   2330
44.25,179.,2.70953104311352D-15,44.25,179.,1.5707963267949,         1685P   2331
3.14159265358979,0.,0.,0.;                                          1685P   2332
126,6,2,0,0,0,0,-3.14159265358979,-3.14159265358979,                1687P   2333
-3.14159265358979,-1.5707963267949,-1.5707963267949,                1687P   2334
-1.48029736616688D-16,-1.48029736616688D-16,1.5707963267949,        1687P   2335
1.5707963267949,1.5707963267949,1.,0.707106781186548,1.,            1687P   2336
0.707106781186547,1.,0.707106781186547,1.,1.35476552155676D-14,     1687P   2337
44.25,179.,44.25,44.25,179.,44.25,-1.08381241724541D-14,179.,       1687P   2338
44.25,-44.25,179.,-1.57827728405213D-15,-44.25,179.,-44.25,         1687P   2339
-44.25,179.,-44.25,-4.4064116817056D-15,179.,-3.14159265358979,     1687P   2340
1.5707963267949,0.,0.,0.;                                           1687P   2341
126,6,2,0,0,0,0,-1.5707963267949,-1.5707963267949,                  1689P   2342
-1.5707963267949,1.48029736616688D-16,1.48029736616688D-16,         1689P   2343
1.5707963267949,1.5707963267949,3.14159265358979,                   1689P   2344
3.14159265358979,3.14159265358979,1.,0.707106781186548,1.,          1689P   2345
0.707106781186548,1.,0.707106781186548,1.,-45.25,                   1689P   2346
-4.50599160671589D-15,178.,-45.25,-45.25,178.,                      1689P   2347
-1.61394456730755D-15,-45.25,178.,45.25,-45.25,178.,45.25,          1689P   2348
-1.10830535322835D-14,178.,45.25,45.25,178.,                        1689P   2349
1.38538169153544D-14,45.25,178.,-1.5707963267949,                   1689P   2350
3.14159265358979,0.,0.,0.;                                          1689P   2351
126,2,2,0,0,0,0,-3.14159265358979,-3.14159265358979,                1691P   2352
-3.14159265358979,-1.5707963267949,-1.5707963267949,                1691P   2353
-1.5707963267949,1.,0.707106781186547,1.,-8.12859312934056D-15,     1691P   2354
44.25,181.8,-44.25,44.25,181.8,-44.25,4.4064116817056D-15,181.8,    1691P   2355
-3.14159265358979,-1.5707963267949,0.,0.,0.;                        1691P   2356
126,2,2,0,0,0,0,1.5707963267949,1.5707963267949,1.5707963267949,    1693P   2357
3.14159265358979,3.14159265358979,3.14159265358979,1.,              1693P   2358
0.707106781186547,1.,44.25,0.,181.8,44.25,44.25,181.8,              1693P   2359
2.70953104311352D-15,44.25,181.8,1.5707963267949,                   1693P   2360
3.14159265358979,0.,0.,0.;                                          1693P   2361
126,4,2,0,0,0,0,-1.5707963267949,-1.5707963267949,                  1695P   2362
-1.5707963267949,-1.11022302462516D-16,-1.11022302462516D-16,       1695P   2363
1.5707963267949,1.5707963267949,1.5707963267949,1.,                 1695P   2364
0.707106781186548,1.,0.707106781186548,1.,-44.25,                   1695P   2365
4.4064116817056D-15,181.8,-44.25,-44.25,181.8,                      1695P   2366
-2.2032058408528D-15,-44.25,181.8,44.25,-44.25,181.8,44.25,0.,      1695P   2367
181.8,-1.5707963267949,1.5707963267949,0.,0.,0.;                    1695P   2368
126,1,1,0,0,1,0,-3.74689265536723,-3.74689265536723,                1697P   2369
-3.68361581920904,-3.68361581920904,1.,1.,-44.25,0.,181.8,          1697P   2370
-44.25,0.,179.,-3.74689265536723,-3.68361581920904,0.,0.,0.;        1697P   2371
126,2,2,0,0,0,0,1.5707963267949,1.5707963267949,1.5707963267949,    1699P   2372
3.14159265358979,3.14159265358979,3.14159265358979,1.,              1699P   2373
0.707106781186548,1.,3.29429988970638D-15,53.8,178.,-53.8,53.8,     1699P   2374
178.,-53.8,6.58859977941276D-15,178.,1.5707963267949,               1699P   2375
3.14159265358979,0.,0.,0.;                                          1699P   2376
126,6,2,0,0,0,0,3.14159265358979,3.14159265358979,                  1701P   2377
3.14159265358979,4.71238898038469,4.71238898038469,                 1701P   2378
6.28318530717959,6.28318530717959,7.85398163397448,                 1701P   2379
7.85398163397448,7.85398163397448,1.,0.707106781186548,1.,          1701P   2380
0.707106781186547,1.,0.707106781186548,1.,-53.8,                    1701P   2381
6.58859977941276D-15,178.,-53.8,-53.8,178.,                         1701P   2382
-9.88289966911914D-15,-53.8,178.,53.8,-53.8,178.,53.8,              1701P   2383
-1.31771995588255D-14,178.,53.8,53.8,178.,1.64714994485319D-14,     1701P   2384
53.8,178.,3.14159265358979,7.85398163397448,0.,0.,0.;               1701P   2385
126,2,2,0,0,0,0,-3.14159265358979,-3.14159265358979,                1703P   2386
-3.14159265358979,-1.5707963267949,-1.5707963267949,                1703P   2387
-1.5707963267949,1.,0.707106781186548,1.,2.77076338307089D-15,      1703P   2388
45.25,172.6,45.25,45.25,172.6,45.25,0.,172.6,-3.14159265358979,     1703P   2389
-1.5707963267949,0.,0.,0.;                                          1703P   2390
126,2,2,0,0,0,0,1.57079632679489,1.57079632679489,                  1705P   2391
1.57079632679489,3.14159265358979,3.14159265358979,                 1705P   2392
3.14159265358979,1.,0.707106781186525,1.,45.25,0.,172.6,44.25,      1705P   2393
0.,172.6,44.25,0.,171.6,1.57079632679489,3.14159265358979,0.,0.,    1705P   2394
0.;                                                                 1705P   2395
126,6,2,0,0,0,0,-1.5707963267949,-1.5707963267949,                  1707P   2396
-1.5707963267949,0.,0.,1.5707963267949,1.5707963267949,             1707P   2397
3.14159265358979,3.14159265358979,3.14159265358979,1.,              1707P   2398
0.707106781186548,1.,0.707106781186548,1.,0.707106781186548,1.,     1707P   2399
45.25,0.,172.6,45.25,-45.25,172.6,2.77076338307089D-15,-45.25,      1707P   2400
172.6,-45.25,-45.25,172.6,-45.25,-5.54152676614177D-15,172.6,       1707P   2401
-45.25,45.25,172.6,-8.31229014921266D-15,45.25,172.6,               1707P   2402
-1.5707963267949,3.14159265358979,0.,0.,0.;                         1707P   2403
126,2,2,0,0,0,0,1.5707963267949,1.5707963267949,1.5707963267949,    1709P   2404
3.14159265358979,3.14159265358979,3.14159265358979,1.,              1709P   2405
0.707106781186548,1.,3.29429988970638D-15,53.8,172.6,-53.8,53.8,    1709P   2406
172.6,-53.8,6.58859977941276D-15,172.6,1.5707963267949,             1709P   2407
3.14159265358979,0.,0.,0.;                                          1709P   2408
126,6,2,0,0,0,0,3.14159265358979,3.14159265358979,                  1711P   2409
3.14159265358979,4.71238898038469,4.71238898038469,                 1711P   2410
6.28318530717959,6.28318530717959,7.85398163397448,                 1711P   2411
7.85398163397448,7.85398163397448,1.,0.707106781186548,1.,          1711P   2412
0.707106781186547,1.,0.707106781186548,1.,-53.8,                    1711P   2413
6.58859977941276D-15,172.6,-53.8,-53.8,172.6,                       1711P   2414
-9.88289966911914D-15,-53.8,172.6,53.8,-53.8,172.6,53.8,            1711P   2415
-1.31771995588255D-14,172.6,53.8,53.8,172.6,                        1711P   2416
1.64714994485319D-14,53.8,172.6,3.14159265358979,                   1711P   2417
7.85398163397448,0.,0.,0.;                                          1711P   2418
126,2,2,0,0,0,0,-3.14159265358979,-3.14159265358979,                1713P   2419
-3.14159265358979,-1.5707963267949,-1.5707963267949,                1713P   2420
-1.5707963267949,1.,0.707106781186547,1.,2.77076338307089D-15,      1713P   2421
45.25,188.2,-45.25,45.25,188.2,-45.25,-4.50599160671589D-15,        1713P   2422
188.2,-3.14159265358979,-1.5707963267949,0.,0.,0.;                  1713P   2423
126,2,2,0,0,0,0,1.57079632679489,1.57079632679489,                  1715P   2424
1.57079632679489,3.14159265358979,3.14159265358979,                 1715P   2425
3.14159265358979,1.,0.707106781186517,1.,-45.25,0.,188.2,-44.25,    1715P   2426
0.,188.2,-44.25,0.,189.2,1.57079632679489,3.14159265358979,0.,      1715P   2427
0.,0.;                                                              1715P   2428
126,2,2,0,0,0,0,1.5707963267949,1.5707963267949,1.5707963267949,    1717P   2429
3.14159265358979,3.14159265358979,3.14159265358979,1.,              1717P   2430
0.707106781186548,1.,-44.25,-4.4064116817056D-15,189.2,-44.25,      1717P   2431
44.25,189.2,2.70953104311352D-15,44.25,189.2,1.5707963267949,       1717P   2432
3.14159265358979,0.,0.,0.;                                          1717P   2433
126,6,2,0,0,0,0,-3.14159265358979,-3.14159265358979,                1719P   2434
-3.14159265358979,-1.5707963267949,-1.5707963267949,                1719P   2435
-1.48029736616688D-16,-1.48029736616688D-16,1.5707963267949,        1719P   2436
1.5707963267949,1.5707963267949,1.,0.707106781186548,1.,            1719P   2437
0.707106781186547,1.,0.707106781186547,1.,1.35476552155676D-14,     1719P   2438
44.25,189.2,44.25,44.25,189.2,44.25,-1.08381241724541D-14,189.2,    1719P   2439
44.25,-44.25,189.2,-1.57827728405213D-15,-44.25,189.2,-44.25,       1719P   2440
-44.25,189.2,-44.25,-4.4064116817056D-15,189.2,                     1719P   2441
-3.14159265358979,1.5707963267949,0.,0.,0.;                         1719P   2442
126,6,2,0,0,0,0,-1.5707963267949,-1.5707963267949,                  1721P   2443
-1.5707963267949,1.48029736616688D-16,1.48029736616688D-16,         1721P   2444
1.5707963267949,1.5707963267949,3.14159265358979,                   1721P   2445
3.14159265358979,3.14159265358979,1.,0.707106781186548,1.,          1721P   2446
0.707106781186548,1.,0.707106781186548,1.,-45.25,                   1721P   2447
-4.50599160671589D-15,188.2,-45.25,-45.25,188.2,                    1721P   2448
-1.61394456730755D-15,-45.25,188.2,45.25,-45.25,188.2,45.25,        1721P   2449
-1.10830535322835D-14,188.2,45.25,45.25,188.2,                      1721P   2450
1.38538169153544D-14,45.25,188.2,-1.5707963267949,                  1721P   2451
3.14159265358979,0.,0.,0.;                                          1721P   2452
126,2,2,0,0,0,0,-3.14159265358979,-3.14159265358979,                1723P   2453
-3.14159265358979,-1.5707963267949,-1.5707963267949,                1723P   2454
-1.5707963267949,1.,0.707106781186547,1.,-8.12859312934056D-15,     1723P   2455
44.25,192.,-44.25,44.25,192.,-44.25,4.4064116817056D-15,192.,       1723P   2456
-3.14159265358979,-1.5707963267949,0.,0.,0.;                        1723P   2457
126,2,2,0,0,0,0,1.5707963267949,1.5707963267949,1.5707963267949,    1725P   2458
3.14159265358979,3.14159265358979,3.14159265358979,1.,              1725P   2459
0.707106781186547,1.,44.25,0.,192.,44.25,44.25,192.,                1725P   2460
2.70953104311352D-15,44.25,192.,1.5707963267949,                    1725P   2461
3.14159265358979,0.,0.,0.;                                          1725P   2462
126,4,2,0,0,0,0,-1.5707963267949,-1.5707963267949,                  1727P   2463
-1.5707963267949,-1.11022302462516D-16,-1.11022302462516D-16,       1727P   2464
1.5707963267949,1.5707963267949,1.5707963267949,1.,                 1727P   2465
0.707106781186548,1.,0.707106781186548,1.,-44.25,                   1727P   2466
4.4064116817056D-15,192.,-44.25,-44.25,192.,                        1727P   2467
-2.2032058408528D-15,-44.25,192.,44.25,-44.25,192.,44.25,0.,        1727P   2468
192.,-1.5707963267949,1.5707963267949,0.,0.,0.;                     1727P   2469
126,1,1,0,0,1,0,-3.9774011299435,-3.9774011299435,                  1729P   2470
-3.91412429378531,-3.91412429378531,1.,1.,-44.25,0.,192.,-44.25,    1729P   2471
0.,189.2,-3.9774011299435,-3.91412429378531,0.,0.,0.;               1729P   2472
126,2,2,0,0,0,0,1.5707963267949,1.5707963267949,1.5707963267949,    1731P   2473
3.14159265358979,3.14159265358979,3.14159265358979,1.,              1731P   2474
0.707106781186548,1.,3.29429988970638D-15,53.8,188.2,-53.8,53.8,    1731P   2475
188.2,-53.8,6.58859977941276D-15,188.2,1.5707963267949,             1731P   2476
3.14159265358979,0.,0.,0.;                                          1731P   2477
126,6,2,0,0,0,0,3.14159265358979,3.14159265358979,                  1733P   2478
3.14159265358979,4.71238898038469,4.71238898038469,                 1733P   2479
6.28318530717959,6.28318530717959,7.85398163397448,                 1733P   2480
7.85398163397448,7.85398163397448,1.,0.707106781186548,1.,          1733P   2481
0.707106781186547,1.,0.707106781186548,1.,-53.8,                    1733P   2482
6.58859977941276D-15,188.2,-53.8,-53.8,188.2,                       1733P   2483
-9.88289966911914D-15,-53.8,188.2,53.8,-53.8,188.2,53.8,            1733P   2484
-1.31771995588255D-14,188.2,53.8,53.8,188.2,                        1733P   2485
1.64714994485319D-14,53.8,188.2,3.14159265358979,                   1733P   2486
7.85398163397448,0.,0.,0.;                                          1733P   2487
126,2,2,0,0,0,0,-3.14159265358979,-3.14159265358979,                1735P   2488
-3.14159265358979,-1.5707963267949,-1.5707963267949,                1735P   2489
-1.5707963267949,1.,0.707106781186548,1.,2.77076338307089D-15,      1735P   2490
45.25,182.8,45.25,45.25,182.8,45.25,0.,182.8,-3.14159265358979,     1735P   2491
-1.5707963267949,0.,0.,0.;                                          1735P   2492
126,2,2,0,0,0,0,1.57079632679489,1.57079632679489,                  1737P   2493
1.57079632679489,3.14159265358979,3.14159265358979,                 1737P   2494
3.14159265358979,1.,0.707106781186525,1.,45.25,0.,182.8,44.25,      1737P   2495
0.,182.8,44.25,0.,181.8,1.57079632679489,3.14159265358979,0.,0.,    1737P   2496
0.;                                                                 1737P   2497
126,6,2,0,0,0,0,-1.5707963267949,-1.5707963267949,                  1739P   2498
-1.5707963267949,0.,0.,1.5707963267949,1.5707963267949,             1739P   2499
3.14159265358979,3.14159265358979,3.14159265358979,1.,              1739P   2500
0.707106781186548,1.,0.707106781186548,1.,0.707106781186548,1.,     1739P   2501
45.25,0.,182.8,45.25,-45.25,182.8,2.77076338307089D-15,-45.25,      1739P   2502
182.8,-45.25,-45.25,182.8,-45.25,-5.54152676614177D-15,182.8,       1739P   2503
-45.25,45.25,182.8,-8.31229014921266D-15,45.25,182.8,               1739P   2504
-1.5707963267949,3.14159265358979,0.,0.,0.;                         1739P   2505
126,2,2,0,0,0,0,1.5707963267949,1.5707963267949,1.5707963267949,    1741P   2506
3.14159265358979,3.14159265358979,3.14159265358979,1.,              1741P   2507
0.707106781186548,1.,3.29429988970638D-15,53.8,182.8,-53.8,53.8,    1741P   2508
182.8,-53.8,6.58859977941276D-15,182.8,1.5707963267949,             1741P   2509
3.14159265358979,0.,0.,0.;                                          1741P   2510
126,6,2,0,0,0,0,3.14159265358979,3.14159265358979,                  1743P   2511
3.14159265358979,4.71238898038469,4.71238898038469,                 1743P   2512
6.28318530717959,6.28318530717959,7.85398163397448,                 1743P   2513
7.85398163397448,7.85398163397448,1.,0.707106781186548,1.,          1743P   2514
0.707106781186547,1.,0.707106781186548,1.,-53.8,                    1743P   2515
6.58859977941276D-15,182.8,-53.8,-53.8,182.8,                       1743P   2516
-9.88289966911914D-15,-53.8,182.8,53.8,-53.8,182.8,53.8,            1743P   2517
-1.31771995588255D-14,182.8,53.8,53.8,182.8,                        1743P   2518
1.64714994485319D-14,53.8,182.8,3.14159265358979,                   1743P   2519
7.85398163397448,0.,0.,0.;                                          1743P   2520
126,2,2,0,0,0,0,-3.14159265358979,-3.14159265358979,                1745P   2521
-3.14159265358979,-1.5707963267949,-1.5707963267949,                1745P   2522
-1.5707963267949,1.,0.707106781186547,1.,2.77076338307089D-15,      1745P   2523
45.25,198.4,-45.25,45.25,198.4,-45.25,-4.50599160671589D-15,        1745P   2524
198.4,-3.14159265358979,-1.5707963267949,0.,0.,0.;                  1745P   2525
126,2,2,0,0,0,0,1.57079632679489,1.57079632679489,                  1747P   2526
1.57079632679489,3.14159265358979,3.14159265358979,                 1747P   2527
3.14159265358979,1.,0.707106781186517,1.,-45.25,0.,198.4,-44.25,    1747P   2528
0.,198.4,-44.25,0.,199.4,1.57079632679489,3.14159265358979,0.,      1747P   2529
0.,0.;                                                              1747P   2530
126,2,2,0,0,0,0,1.5707963267949,1.5707963267949,1.5707963267949,    1749P   2531
3.14159265358979,3.14159265358979,3.14159265358979,1.,              1749P   2532
0.707106781186548,1.,-44.25,-4.4064116817056D-15,199.4,-44.25,      1749P   2533
44.25,199.4,2.70953104311352D-15,44.25,199.4,1.5707963267949,       1749P   2534
3.14159265358979,0.,0.,0.;                                          1749P   2535
126,6,2,0,0,0,0,-3.14159265358979,-3.14159265358979,                1751P   2536
-3.14159265358979,-1.5707963267949,-1.5707963267949,                1751P   2537
-1.48029736616688D-16,-1.48029736616688D-16,1.5707963267949,        1751P   2538
1.5707963267949,1.5707963267949,1.,0.707106781186548,1.,            1751P   2539
0.707106781186547,1.,0.707106781186547,1.,1.35476552155676D-14,     1751P   2540
44.25,199.4,44.25,44.25,199.4,44.25,-1.08381241724541D-14,199.4,    1751P   2541
44.25,-44.25,199.4,-1.57827728405213D-15,-44.25,199.4,-44.25,       1751P   2542
-44.25,199.4,-44.25,-4.4064116817056D-15,199.4,                     1751P   2543
-3.14159265358979,1.5707963267949,0.,0.,0.;                         1751P   2544
126,6,2,0,0,0,0,-1.5707963267949,-1.5707963267949,                  1753P   2545
-1.5707963267949,1.48029736616688D-16,1.48029736616688D-16,         1753P   2546
1.5707963267949,1.5707963267949,3.14159265358979,                   1753P   2547
3.14159265358979,3.14159265358979,1.,0.707106781186548,1.,          1753P   2548
0.707106781186548,1.,0.707106781186548,1.,-45.25,                   1753P   2549
-4.50599160671589D-15,198.4,-45.25,-45.25,198.4,                    1753P   2550
-1.61394456730755D-15,-45.25,198.4,45.25,-45.25,198.4,45.25,        1753P   2551
-1.10830535322835D-14,198.4,45.25,45.25,198.4,                      1753P   2552
1.38538169153544D-14,45.25,198.4,-1.5707963267949,                  1753P   2553
3.14159265358979,0.,0.,0.;                                          1753P   2554
126,2,2,0,0,0,0,-3.14159265358979,-3.14159265358979,                1755P   2555
-3.14159265358979,-1.5707963267949,-1.5707963267949,                1755P   2556
-1.5707963267949,1.,0.707106781186547,1.,-8.12859312934056D-15,     1755P   2557
44.25,202.2,-44.25,44.25,202.2,-44.25,4.4064116817056D-15,202.2,    1755P   2558
-3.14159265358979,-1.5707963267949,0.,0.,0.;                        1755P   2559
126,2,2,0,0,0,0,1.5707963267949,1.5707963267949,1.5707963267949,    1757P   2560
3.14159265358979,3.14159265358979,3.14159265358979,1.,              1757P   2561
0.707106781186547,1.,44.25,0.,202.2,44.25,44.25,202.2,              1757P   2562
2.70953104311352D-15,44.25,202.2,1.5707963267949,                   1757P   2563
3.14159265358979,0.,0.,0.;                                          1757P   2564
126,4,2,0,0,0,0,-1.5707963267949,-1.5707963267949,                  1759P   2565
-1.5707963267949,-1.11022302462516D-16,-1.11022302462516D-16,       1759P   2566
1.5707963267949,1.5707963267949,1.5707963267949,1.,                 1759P   2567
0.707106781186548,1.,0.707106781186548,1.,-44.25,                   1759P   2568
4.4064116817056D-15,202.2,-44.25,-44.25,202.2,                      1759P   2569
-2.2032058408528D-15,-44.25,202.2,44.25,-44.25,202.2,44.25,0.,      1759P   2570
202.2,-1.5707963267949,1.5707963267949,0.,0.,0.;                    1759P   2571
126,1,1,0,0,1,0,-4.20790960451977,-4.20790960451977,                1761P   2572
-4.14463276836158,-4.14463276836158,1.,1.,-44.25,0.,202.2,          1761P   2573
-44.25,0.,199.4,-4.20790960451977,-4.14463276836158,0.,0.,0.;       1761P   2574
126,2,2,0,0,0,0,1.5707963267949,1.5707963267949,1.5707963267949,    1763P   2575
3.14159265358979,3.14159265358979,3.14159265358979,1.,              1763P   2576
0.707106781186548,1.,3.29429988970638D-15,53.8,198.4,-53.8,53.8,    1763P   2577
198.4,-53.8,6.58859977941276D-15,198.4,1.5707963267949,             1763P   2578
3.14159265358979,0.,0.,0.;                                          1763P   2579
126,6,2,0,0,0,0,3.14159265358979,3.14159265358979,                  1765P   2580
3.14159265358979,4.71238898038469,4.71238898038469,                 1765P   2581
6.28318530717959,6.28318530717959,7.85398163397448,                 1765P   2582
7.85398163397448,7.85398163397448,1.,0.707106781186548,1.,          1765P   2583
0.707106781186547,1.,0.707106781186548,1.,-53.8,                    1765P   2584
6.58859977941276D-15,198.4,-53.8,-53.8,198.4,                       1765P   2585
-9.88289966911914D-15,-53.8,198.4,53.8,-53.8,198.4,53.8,            1765P   2586
-1.31771995588255D-14,198.4,53.8,53.8,198.4,                        1765P   2587
1.64714994485319D-14,53.8,198.4,3.14159265358979,                   1765P   2588
7.85398163397448,0.,0.,0.;                                          1765P   2589
126,2,2,0,0,0,0,-3.14159265358979,-3.14159265358979,                1767P   2590
-3.14159265358979,-1.5707963267949,-1.5707963267949,                1767P   2591
-1.5707963267949,1.,0.707106781186548,1.,2.77076338307089D-15,      1767P   2592
45.25,193.,45.25,45.25,193.,45.25,0.,193.,-3.14159265358979,        1767P   2593
-1.5707963267949,0.,0.,0.;                                          1767P   2594
126,2,2,0,0,0,0,1.57079632679489,1.57079632679489,                  1769P   2595
1.57079632679489,3.14159265358979,3.14159265358979,                 1769P   2596
3.14159265358979,1.,0.707106781186525,1.,45.25,0.,193.,44.25,0.,    1769P   2597
193.,44.25,0.,192.,1.57079632679489,3.14159265358979,0.,0.,0.;      1769P   2598
126,6,2,0,0,0,0,-1.5707963267949,-1.5707963267949,                  1771P   2599
-1.5707963267949,0.,0.,1.5707963267949,1.5707963267949,             1771P   2600
3.14159265358979,3.14159265358979,3.14159265358979,1.,              1771P   2601
0.707106781186548,1.,0.707106781186548,1.,0.707106781186548,1.,     1771P   2602
45.25,0.,193.,45.25,-45.25,193.,2.77076338307089D-15,-45.25,        1771P   2603
193.,-45.25,-45.25,193.,-45.25,-5.54152676614177D-15,193.,          1771P   2604
-45.25,45.25,193.,-8.31229014921266D-15,45.25,193.,                 1771P   2605
-1.5707963267949,3.14159265358979,0.,0.,0.;                         1771P   2606
126,2,2,0,0,0,0,1.5707963267949,1.5707963267949,1.5707963267949,    1773P   2607
3.14159265358979,3.14159265358979,3.14159265358979,1.,              1773P   2608
0.707106781186548,1.,3.29429988970638D-15,53.8,193.,-53.8,53.8,     1773P   2609
193.,-53.8,6.58859977941276D-15,193.,1.5707963267949,               1773P   2610
3.14159265358979,0.,0.,0.;                                          1773P   2611
126,6,2,0,0,0,0,3.14159265358979,3.14159265358979,                  1775P   2612
3.14159265358979,4.71238898038469,4.71238898038469,                 1775P   2613
6.28318530717959,6.28318530717959,7.85398163397448,                 1775P   2614
7.85398163397448,7.85398163397448,1.,0.707106781186548,1.,          1775P   2615
0.707106781186547,1.,0.707106781186548,1.,-53.8,                    1775P   2616
6.58859977941276D-15,193.,-53.8,-53.8,193.,                         1775P   2617
-9.88289966911914D-15,-53.8,193.,53.8,-53.8,193.,53.8,              1775P   2618
-1.31771995588255D-14,193.,53.8,53.8,193.,1.64714994485319D-14,     1775P   2619
53.8,193.,3.14159265358979,7.85398163397448,0.,0.,0.;               1775P   2620
126,2,2,0,0,0,0,-3.14159265358979,-3.14159265358979,                1777P   2621
-3.14159265358979,-1.5707963267949,-1.5707963267949,                1777P   2622
-1.5707963267949,1.,0.707106781186547,1.,2.77076338307089D-15,      1777P   2623
45.25,208.6,-45.25,45.25,208.6,-45.25,-4.50599160671589D-15,        1777P   2624
208.6,-3.14159265358979,-1.5707963267949,0.,0.,0.;                  1777P   2625
126,2,2,0,0,0,0,1.57079632679489,1.57079632679489,                  1779P   2626
1.57079632679489,3.14159265358979,3.14159265358979,                 1779P   2627
3.14159265358979,1.,0.707106781186517,1.,-45.25,0.,208.6,-44.25,    1779P   2628
0.,208.6,-44.25,0.,209.6,1.57079632679489,3.14159265358979,0.,      1779P   2629
0.,0.;                                                              1779P   2630
126,2,2,0,0,0,0,1.5707963267949,1.5707963267949,1.5707963267949,    1781P   2631
3.14159265358979,3.14159265358979,3.14159265358979,1.,              1781P   2632
0.707106781186548,1.,-44.25,-4.4064116817056D-15,209.6,-44.25,      1781P   2633
44.25,209.6,2.70953104311352D-15,44.25,209.6,1.5707963267949,       1781P   2634
3.14159265358979,0.,0.,0.;                                          1781P   2635
126,6,2,0,0,0,0,-3.14159265358979,-3.14159265358979,                1783P   2636
-3.14159265358979,-1.5707963267949,-1.5707963267949,                1783P   2637
-1.48029736616688D-16,-1.48029736616688D-16,1.5707963267949,        1783P   2638
1.5707963267949,1.5707963267949,1.,0.707106781186548,1.,            1783P   2639
0.707106781186547,1.,0.707106781186547,1.,1.35476552155676D-14,     1783P   2640
44.25,209.6,44.25,44.25,209.6,44.25,-1.08381241724541D-14,209.6,    1783P   2641
44.25,-44.25,209.6,-1.57827728405213D-15,-44.25,209.6,-44.25,       1783P   2642
-44.25,209.6,-44.25,-4.4064116817056D-15,209.6,                     1783P   2643
-3.14159265358979,1.5707963267949,0.,0.,0.;                         1783P   2644
126,6,2,0,0,0,0,-1.5707963267949,-1.5707963267949,                  1785P   2645
-1.5707963267949,1.48029736616688D-16,1.48029736616688D-16,         1785P   2646
1.5707963267949,1.5707963267949,3.14159265358979,                   1785P   2647
3.14159265358979,3.14159265358979,1.,0.707106781186548,1.,          1785P   2648
0.707106781186548,1.,0.707106781186548,1.,-45.25,                   1785P   2649
-4.50599160671589D-15,208.6,-45.25,-45.25,208.6,                    1785P   2650
-1.61394456730755D-15,-45.25,208.6,45.25,-45.25,208.6,45.25,        1785P   2651
-1.10830535322835D-14,208.6,45.25,45.25,208.6,                      1785P   2652
1.38538169153544D-14,45.25,208.6,-1.5707963267949,                  1785P   2653
3.14159265358979,0.,0.,0.;                                          1785P   2654
126,2,2,0,0,0,0,-3.14159265358979,-3.14159265358979,                1787P   2655
-3.14159265358979,-1.5707963267949,-1.5707963267949,                1787P   2656
-1.5707963267949,1.,0.707106781186547,1.,-8.12859312934056D-15,     1787P   2657
44.25,212.4,-44.25,44.25,212.4,-44.25,4.4064116817056D-15,212.4,    1787P   2658
-3.14159265358979,-1.5707963267949,0.,0.,0.;                        1787P   2659
126,2,2,0,0,0,0,1.5707963267949,1.5707963267949,1.5707963267949,    1789P   2660
3.14159265358979,3.14159265358979,3.14159265358979,1.,              1789P   2661
0.707106781186547,1.,44.25,0.,212.4,44.25,44.25,212.4,              1789P   2662
2.70953104311352D-15,44.25,212.4,1.5707963267949,                   1789P   2663
3.14159265358979,0.,0.,0.;                                          1789P   2664
126,4,2,0,0,0,0,-1.5707963267949,-1.5707963267949,                  1791P   2665
-1.5707963267949,-1.11022302462516D-16,-1.11022302462516D-16,       1791P   2666
1.5707963267949,1.5707963267949,1.5707963267949,1.,                 1791P   2667
0.707106781186548,1.,0.707106781186548,1.,-44.25,                   1791P   2668
4.4064116817056D-15,212.4,-44.25,-44.25,212.4,                      1791P   2669
-2.2032058408528D-15,-44.25,212.4,44.25,-44.25,212.4,44.25,0.,      1791P   2670
212.4,-1.5707963267949,1.5707963267949,0.,0.,0.;                    1791P   2671
126,1,1,0,0,1,0,-4.43841807909604,-4.43841807909604,                1793P   2672
-4.37514124293785,-4.37514124293785,1.,1.,-44.25,0.,212.4,          1793P   2673
-44.25,0.,209.6,-4.43841807909604,-4.37514124293785,0.,0.,0.;       1793P   2674
126,2,2,0,0,0,0,1.5707963267949,1.5707963267949,1.5707963267949,    1795P   2675
3.14159265358979,3.14159265358979,3.14159265358979,1.,              1795P   2676
0.707106781186548,1.,3.29429988970638D-15,53.8,208.6,-53.8,53.8,    1795P   2677
208.6,-53.8,6.58859977941276D-15,208.6,1.5707963267949,             1795P   2678
3.14159265358979,0.,0.,0.;                                          1795P   2679
126,6,2,0,0,0,0,3.14159265358979,3.14159265358979,                  1797P   2680
3.14159265358979,4.71238898038469,4.71238898038469,                 1797P   2681
6.28318530717959,6.28318530717959,7.85398163397448,                 1797P   2682
7.85398163397448,7.85398163397448,1.,0.707106781186548,1.,          1797P   2683
0.707106781186547,1.,0.707106781186548,1.,-53.8,                    1797P   2684
6.58859977941276D-15,208.6,-53.8,-53.8,208.6,                       1797P   2685
-9.88289966911914D-15,-53.8,208.6,53.8,-53.8,208.6,53.8,            1797P   2686
-1.31771995588255D-14,208.6,53.8,53.8,208.6,                        1797P   2687
1.64714994485319D-14,53.8,208.6,3.14159265358979,                   1797P   2688
7.85398163397448,0.,0.,0.;                                          1797P   2689
126,2,2,0,0,0,0,-3.14159265358979,-3.14159265358979,                1799P   2690
-3.14159265358979,-1.5707963267949,-1.5707963267949,                1799P   2691
-1.5707963267949,1.,0.707106781186548,1.,2.77076338307089D-15,      1799P   2692
45.25,203.2,45.25,45.25,203.2,45.25,0.,203.2,-3.14159265358979,     1799P   2693
-1.5707963267949,0.,0.,0.;                                          1799P   2694
126,2,2,0,0,0,0,1.57079632679489,1.57079632679489,                  1801P   2695
1.57079632679489,3.14159265358979,3.14159265358979,                 1801P   2696
3.14159265358979,1.,0.707106781186525,1.,45.25,0.,203.2,44.25,      1801P   2697
0.,203.2,44.25,0.,202.2,1.57079632679489,3.14159265358979,0.,0.,    1801P   2698
0.;                                                                 1801P   2699
126,6,2,0,0,0,0,-1.5707963267949,-1.5707963267949,                  1803P   2700
-1.5707963267949,0.,0.,1.5707963267949,1.5707963267949,             1803P   2701
3.14159265358979,3.14159265358979,3.14159265358979,1.,              1803P   2702
0.707106781186548,1.,0.707106781186548,1.,0.707106781186548,1.,     1803P   2703
45.25,0.,203.2,45.25,-45.25,203.2,2.77076338307089D-15,-45.25,      1803P   2704
203.2,-45.25,-45.25,203.2,-45.25,-5.54152676614177D-15,203.2,       1803P   2705
-45.25,45.25,203.2,-8.31229014921266D-15,45.25,203.2,               1803P   2706
-1.5707963267949,3.14159265358979,0.,0.,0.;                         1803P   2707
126,2,2,0,0,0,0,1.5707963267949,1.5707963267949,1.5707963267949,    1805P   2708
3.14159265358979,3.14159265358979,3.14159265358979,1.,              1805P   2709
0.707106781186548,1.,3.29429988970638D-15,53.8,203.2,-53.8,53.8,    1805P   2710
203.2,-53.8,6.58859977941276D-15,203.2,1.5707963267949,             1805P   2711
3.14159265358979,0.,0.,0.;                                          1805P   2712
126,6,2,0,0,0,0,3.14159265358979,3.14159265358979,                  1807P   2713
3.14159265358979,4.71238898038469,4.71238898038469,                 1807P   2714
6.28318530717959,6.28318530717959,7.85398163397448,                 1807P   2715
7.85398163397448,7.85398163397448,1.,0.707106781186548,1.,          1807P   2716
0.707106781186547,1.,0.707106781186548,1.,-53.8,                    1807P   2717
6.58859977941276D-15,203.2,-53.8,-53.8,203.2,                       1807P   2718
-9.88289966911914D-15,-53.8,203.2,53.8,-53.8,203.2,53.8,            1807P   2719
-1.31771995588255D-14,203.2,53.8,53.8,203.2,                        1807P   2720
1.64714994485319D-14,53.8,203.2,3.14159265358979,                   1807P   2721
7.85398163397448,0.,0.,0.;                                          1807P   2722
126,2,2,0,0,0,0,-3.14159265358979,-3.14159265358979,                1809P   2723
-3.14159265358979,-1.5707963267949,-1.5707963267949,                1809P   2724
-1.5707963267949,1.,0.707106781186547,1.,2.77076338307089D-15,      1809P   2725
45.25,218.8,-45.25,45.25,218.8,-45.25,-4.50599160671589D-15,        1809P   2726
218.8,-3.14159265358979,-1.5707963267949,0.,0.,0.;                  1809P   2727
126,2,2,0,0,0,0,1.57079632679489,1.57079632679489,                  1811P   2728
1.57079632679489,3.14159265358979,3.14159265358979,                 1811P   2729
3.14159265358979,1.,0.707106781186517,1.,-45.25,0.,218.8,-44.25,    1811P   2730
0.,218.8,-44.25,0.,219.8,1.57079632679489,3.14159265358979,0.,      1811P   2731
0.,0.;                                                              1811P   2732
126,2,2,0,0,0,0,1.5707963267949,1.5707963267949,1.5707963267949,    1813P   2733
3.14159265358979,3.14159265358979,3.14159265358979,1.,              1813P   2734
0.707106781186548,1.,-44.25,-4.4064116817056D-15,219.8,-44.25,      1813P   2735
44.25,219.8,2.70953104311352D-15,44.25,219.8,1.5707963267949,       1813P   2736
3.14159265358979,0.,0.,0.;                                          1813P   2737
126,6,2,0,0,0,0,-3.14159265358979,-3.14159265358979,                1815P   2738
-3.14159265358979,-1.5707963267949,-1.5707963267949,                1815P   2739
-1.48029736616688D-16,-1.48029736616688D-16,1.5707963267949,        1815P   2740
1.5707963267949,1.5707963267949,1.,0.707106781186548,1.,            1815P   2741
0.707106781186547,1.,0.707106781186547,1.,1.35476552155676D-14,     1815P   2742
44.25,219.8,44.25,44.25,219.8,44.25,-1.08381241724541D-14,219.8,    1815P   2743
44.25,-44.25,219.8,-1.57827728405213D-15,-44.25,219.8,-44.25,       1815P   2744
-44.25,219.8,-44.25,-4.4064116817056D-15,219.8,                     1815P   2745
-3.14159265358979,1.5707963267949,0.,0.,0.;                         1815P   2746
126,6,2,0,0,0,0,-1.5707963267949,-1.5707963267949,                  1817P   2747
-1.5707963267949,1.48029736616688D-16,1.48029736616688D-16,         1817P   2748
1.5707963267949,1.5707963267949,3.14159265358979,                   1817P   2749
3.14159265358979,3.14159265358979,1.,0.707106781186548,1.,          1817P   2750
0.707106781186548,1.,0.707106781186548,1.,-45.25,                   1817P   2751
-4.50599160671589D-15,218.8,-45.25,-45.25,218.8,                    1817P   2752
-1.61394456730755D-15,-45.25,218.8,45.25,-45.25,218.8,45.25,        1817P   2753
-1.10830535322835D-14,218.8,45.25,45.25,218.8,                      1817P   2754
1.38538169153544D-14,45.25,218.8,-1.5707963267949,                  1817P   2755
3.14159265358979,0.,0.,0.;                                          1817P   2756
126,2,2,0,0,0,0,1.5707963267949,1.5707963267949,1.5707963267949,    1819P   2757
3.14159265358979,3.14159265358979,3.14159265358979,1.,              1819P   2758
0.707106781186548,1.,3.29429988970638D-15,53.8,218.8,-53.8,53.8,    1819P   2759
218.8,-53.8,6.58859977941276D-15,218.8,1.5707963267949,             1819P   2760
3.14159265358979,0.,0.,0.;                                          1819P   2761
126,6,2,0,0,0,0,3.14159265358979,3.14159265358979,                  1821P   2762
3.14159265358979,4.71238898038469,4.71238898038469,                 1821P   2763
6.28318530717959,6.28318530717959,7.85398163397448,                 1821P   2764
7.85398163397448,7.85398163397448,1.,0.707106781186548,1.,          1821P   2765
0.707106781186547,1.,0.707106781186548,1.,-53.8,                    1821P   2766
6.58859977941276D-15,218.8,-53.8,-53.8,218.8,                       1821P   2767
-9.88289966911914D-15,-53.8,218.8,53.8,-53.8,218.8,53.8,            1821P   2768
-1.31771995588255D-14,218.8,53.8,53.8,218.8,                        1821P   2769
1.64714994485319D-14,53.8,218.8,3.14159265358979,                   1821P   2770
7.85398163397448,0.,0.,0.;                                          1821P   2771
126,2,2,0,0,0,0,-3.14159265358979,-3.14159265358979,                1823P   2772
-3.14159265358979,-1.5707963267949,-1.5707963267949,                1823P   2773
-1.5707963267949,1.,0.707106781186548,1.,2.70953104311352D-15,      1823P   2774
44.25,222.6,-44.25,44.25,222.6,-44.25,-4.4064116817056D-15,         1823P   2775
222.6,-3.14159265358979,-1.5707963267949,0.,0.,0.;                  1823P   2776
126,6,2,0,0,0,0,-1.5707963267949,-1.5707963267949,                  1825P   2777
-1.5707963267949,1.48029736616688D-16,1.48029736616688D-16,         1825P   2778
1.5707963267949,1.5707963267949,3.14159265358979,                   1825P   2779
3.14159265358979,3.14159265358979,1.,0.707106781186547,1.,          1825P   2780
0.707106781186547,1.,0.707106781186548,1.,-44.25,                   1825P   2781
-4.4064116817056D-15,222.6,-44.25,-44.25,222.6,                     1825P   2782
-1.57827728405213D-15,-44.25,222.6,44.25,-44.25,222.6,44.25,        1825P   2783
-1.08381241724541D-14,222.6,44.25,44.25,222.6,                      1825P   2784
1.35476552155676D-14,44.25,222.6,-1.5707963267949,                  1825P   2785
3.14159265358979,0.,0.,0.;                                          1825P   2786
126,1,1,0,0,1,0,-4.66892655367232,-4.66892655367232,                1827P   2787
-4.60564971751412,-4.60564971751412,1.,1.,-44.25,0.,222.6,          1827P   2788
-44.25,0.,219.8,-4.66892655367232,-4.60564971751412,0.,0.,0.;       1827P   2789
126,2,2,0,0,0,0,-3.14159265358979,-3.14159265358979,                1829P   2790
-3.14159265358979,-1.5707963267949,-1.5707963267949,                1829P   2791
-1.5707963267949,1.,0.707106781186548,1.,2.77076338307089D-15,      1829P   2792
45.25,213.4,45.25,45.25,213.4,45.25,0.,213.4,-3.14159265358979,     1829P   2793
-1.5707963267949,0.,0.,0.;                                          1829P   2794
126,2,2,0,0,0,0,1.57079632679489,1.57079632679489,                  1831P   2795
1.57079632679489,3.14159265358979,3.14159265358979,                 1831P   2796
3.14159265358979,1.,0.707106781186525,1.,45.25,0.,213.4,44.25,      1831P   2797
0.,213.4,44.25,0.,212.4,1.57079632679489,3.14159265358979,0.,0.,    1831P   2798
0.;                                                                 1831P   2799
126,6,2,0,0,0,0,-1.5707963267949,-1.5707963267949,                  1833P   2800
-1.5707963267949,0.,0.,1.5707963267949,1.5707963267949,             1833P   2801
3.14159265358979,3.14159265358979,3.14159265358979,1.,              1833P   2802
0.707106781186548,1.,0.707106781186548,1.,0.707106781186548,1.,     1833P   2803
45.25,0.,213.4,45.25,-45.25,213.4,2.77076338307089D-15,-45.25,      1833P   2804
213.4,-45.25,-45.25,213.4,-45.25,-5.54152676614177D-15,213.4,       1833P   2805
-45.25,45.25,213.4,-8.31229014921266D-15,45.25,213.4,               1833P   2806
-1.5707963267949,3.14159265358979,0.,0.,0.;                         1833P   2807
126,2,2,0,0,0,0,1.5707963267949,1.5707963267949,1.5707963267949,    1835P   2808
3.14159265358979,3.14159265358979,3.14159265358979,1.,              1835P   2809
0.707106781186548,1.,3.29429988970638D-15,53.8,213.4,-53.8,53.8,    1835P   2810
213.4,-53.8,6.58859977941276D-15,213.4,1.5707963267949,             1835P   2811
3.14159265358979,0.,0.,0.;                                          1835P   2812
126,6,2,0,0,0,0,3.14159265358979,3.14159265358979,                  1837P   2813
3.14159265358979,4.71238898038469,4.71238898038469,                 1837P   2814
6.28318530717959,6.28318530717959,7.85398163397448,                 1837P   2815
7.85398163397448,7.85398163397448,1.,0.707106781186548,1.,          1837P   2816
0.707106781186547,1.,0.707106781186548,1.,-53.8,                    1837P   2817
6.58859977941276D-15,213.4,-53.8,-53.8,213.4,                       1837P   2818
-9.88289966911914D-15,-53.8,213.4,53.8,-53.8,213.4,53.8,            1837P   2819
-1.31771995588255D-14,213.4,53.8,53.8,213.4,                        1837P   2820
1.64714994485319D-14,53.8,213.4,3.14159265358979,                   1837P   2821
7.85398163397448,0.,0.,0.;                                          1837P   2822
126,8,2,0,1,0,0,0.,0.,0.,1.5707963267949,1.5707963267949,           1839P   2823
3.14159265358979,3.14159265358979,4.71238898038469,                 1839P   2824
4.71238898038469,6.28318530717959,6.28318530717959,                 1839P   2825
6.28318530717959,1.,0.707106781186548,1.,0.707106781186548,1.,      1839P   2826
0.707106781186548,1.,0.707106781186547,1.,53.8,0.,24.,53.8,         1839P   2827
-53.8,24.,3.29429988970638D-15,-53.8,24.,-53.8,-53.8,24.,-53.8,     1839P   2828
-6.58859977941276D-15,24.,-53.8,53.8,24.,-9.88289966911914D-15,     1839P   2829
53.8,24.,53.8,53.8,24.,53.8,1.31771995588255D-14,24.,0.,            1839P   2830
6.28318530717959,0.,0.,0.;                                          1839P   2831
126,8,2,0,1,0,0,-3.14159265358979,-3.14159265358979,                1841P   2832
-3.14159265358979,-1.5707963267949,-1.5707963267949,0.,0.,          1841P   2833
1.5707963267949,1.5707963267949,3.14159265358979,                   1841P   2834
3.14159265358979,3.14159265358979,1.,0.707106781186548,1.,          1841P   2835
0.707106781186548,1.,0.707106781186548,1.,0.707106781186548,1.,     1841P   2836
-44.,5.38844591624835D-15,24.,-44.,44.,24.,2.69422295812418D-15,    1841P   2837
44.,24.,44.,44.,24.,44.,0.,24.,44.,-44.,24.,                        1841P   2838
2.69422295812418D-15,-44.,24.,-44.,-44.,24.,-44.,                   1841P   2839
-5.38844591624835D-15,24.,-3.14159265358979,3.14159265358979,0.,    1841P   2840
0.,0.;                                                              1841P   2841
126,4,2,0,0,0,0,-1.5707963267949,-1.5707963267949,                  1843P   2842
-1.5707963267949,0.,0.,1.5707963267949,1.5707963267949,             1843P   2843
1.5707963267949,1.,0.707106781186546,1.,0.707106781186546,1.,       1843P   2844
53.8,0.,24.,55.5,0.,24.,55.5,0.,22.3,55.5,0.,20.6,53.8,0.,20.6,     1843P   2845
-1.5707963267949,1.5707963267949,0.,0.,0.;                          1843P   2846
126,8,2,0,1,0,0,0.,0.,0.,1.5707963267949,1.5707963267949,           1845P   2847
3.14159265358979,3.14159265358979,4.71238898038469,                 1845P   2848
4.71238898038469,6.28318530717959,6.28318530717959,                 1845P   2849
6.28318530717959,1.,0.707106781186548,1.,0.707106781186548,1.,      1845P   2850
0.707106781186548,1.,0.707106781186547,1.,53.8,0.,20.6,53.8,        1845P   2851
-53.8,20.6,3.29429988970638D-15,-53.8,20.6,-53.8,-53.8,20.6,        1845P   2852
-53.8,-6.58859977941276D-15,20.6,-53.8,53.8,20.6,                   1845P   2853
-9.88289966911914D-15,53.8,20.6,53.8,53.8,20.6,53.8,                1845P   2854
1.31771995588255D-14,20.6,0.,6.28318530717959,0.,0.,0.;             1845P   2855
126,8,2,0,1,0,0,-3.14159265358979,-3.14159265358979,                1847P   2856
-3.14159265358979,-1.5707963267949,-1.5707963267949,0.,0.,          1847P   2857
1.5707963267949,1.5707963267949,3.14159265358979,                   1847P   2858
3.14159265358979,3.14159265358979,1.,0.707106781186548,1.,          1847P   2859
0.707106781186548,1.,0.707106781186548,1.,0.707106781186548,1.,     1847P   2860
-44.,-5.38844591624835D-15,20.6,-44.,-44.,20.6,                     1847P   2861
2.69422295812418D-15,-44.,20.6,44.,-44.,20.6,44.,0.,20.6,44.,       1847P   2862
44.,20.6,2.69422295812418D-15,44.,20.6,-44.,44.,20.6,-44.,          1847P   2863
5.38844591624835D-15,20.6,-3.14159265358979,3.14159265358979,0.,    1847P   2864
0.,0.;                                                              1847P   2865
126,8,2,0,1,0,0,0.,0.,0.,1.5707963267949,1.5707963267949,           1849P   2866
3.14159265358979,3.14159265358979,4.71238898038469,                 1849P   2867
4.71238898038469,6.28318530717959,6.28318530717959,                 1849P   2868
6.28318530717959,1.,0.707106781186548,1.,0.707106781186548,1.,      1849P   2869
0.707106781186548,1.,0.707106781186547,1.,53.8,0.,34.2,53.8,        1849P   2870
-53.8,34.2,3.29429988970638D-15,-53.8,34.2,-53.8,-53.8,34.2,        1849P   2871
-53.8,-6.58859977941276D-15,34.2,-53.8,53.8,34.2,                   1849P   2872
-9.88289966911914D-15,53.8,34.2,53.8,53.8,34.2,53.8,                1849P   2873
1.31771995588255D-14,34.2,0.,6.28318530717959,0.,0.,0.;             1849P   2874
126,8,2,0,1,0,0,-3.14159265358979,-3.14159265358979,                1851P   2875
-3.14159265358979,-1.5707963267949,-1.5707963267949,0.,0.,          1851P   2876
1.5707963267949,1.5707963267949,3.14159265358979,                   1851P   2877
3.14159265358979,3.14159265358979,1.,0.707106781186548,1.,          1851P   2878
0.707106781186548,1.,0.707106781186548,1.,0.707106781186548,1.,     1851P   2879
-44.,5.38844591624835D-15,34.2,-44.,44.,34.2,                       1851P   2880
2.69422295812418D-15,44.,34.2,44.,44.,34.2,44.,0.,34.2,44.,-44.,    1851P   2881
34.2,2.69422295812418D-15,-44.,34.2,-44.,-44.,34.2,-44.,            1851P   2882
-5.38844591624835D-15,34.2,-3.14159265358979,3.14159265358979,      1851P   2883
0.,0.,0.;                                                           1851P   2884
126,4,2,0,0,0,0,-1.5707963267949,-1.5707963267949,                  1853P   2885
-1.5707963267949,0.,0.,1.5707963267949,1.5707963267949,             1853P   2886
1.5707963267949,1.,0.707106781186546,1.,0.707106781186546,1.,       1853P   2887
53.8,0.,34.2,55.5,0.,34.2,55.5,0.,32.5,55.5,0.,30.8,53.8,0.,        1853P   2888
30.8,-1.5707963267949,1.5707963267949,0.,0.,0.;                     1853P   2889
126,8,2,0,1,0,0,0.,0.,0.,1.5707963267949,1.5707963267949,           1855P   2890
3.14159265358979,3.14159265358979,4.71238898038469,                 1855P   2891
4.71238898038469,6.28318530717959,6.28318530717959,                 1855P   2892
6.28318530717959,1.,0.707106781186548,1.,0.707106781186548,1.,      1855P   2893
0.707106781186548,1.,0.707106781186547,1.,53.8,0.,30.8,53.8,        1855P   2894
-53.8,30.8,3.29429988970638D-15,-53.8,30.8,-53.8,-53.8,30.8,        1855P   2895
-53.8,-6.58859977941276D-15,30.8,-53.8,53.8,30.8,                   1855P   2896
-9.88289966911914D-15,53.8,30.8,53.8,53.8,30.8,53.8,                1855P   2897
1.31771995588255D-14,30.8,0.,6.28318530717959,0.,0.,0.;             1855P   2898
126,8,2,0,1,0,0,-3.14159265358979,-3.14159265358979,                1857P   2899
-3.14159265358979,-1.5707963267949,-1.5707963267949,0.,0.,          1857P   2900
1.5707963267949,1.5707963267949,3.14159265358979,                   1857P   2901
3.14159265358979,3.14159265358979,1.,0.707106781186548,1.,          1857P   2902
0.707106781186548,1.,0.707106781186548,1.,0.707106781186548,1.,     1857P   2903
-44.,-5.38844591624835D-15,30.8,-44.,-44.,30.8,                     1857P   2904
2.69422295812418D-15,-44.,30.8,44.,-44.,30.8,44.,0.,30.8,44.,       1857P   2905
44.,30.8,2.69422295812418D-15,44.,30.8,-44.,44.,30.8,-44.,          1857P   2906
5.38844591624835D-15,30.8,-3.14159265358979,3.14159265358979,0.,    1857P   2907
0.,0.;                                                              1857P   2908
126,8,2,0,1,0,0,0.,0.,0.,1.5707963267949,1.5707963267949,           1859P   2909
3.14159265358979,3.14159265358979,4.71238898038469,                 1859P   2910
4.71238898038469,6.28318530717959,6.28318530717959,                 1859P   2911
6.28318530717959,1.,0.707106781186548,1.,0.707106781186548,1.,      1859P   2912
0.707106781186548,1.,0.707106781186547,1.,53.8,0.,44.4,53.8,        1859P   2913
-53.8,44.4,3.29429988970638D-15,-53.8,44.4,-53.8,-53.8,44.4,        1859P   2914
-53.8,-6.58859977941276D-15,44.4,-53.8,53.8,44.4,                   1859P   2915
-9.88289966911914D-15,53.8,44.4,53.8,53.8,44.4,53.8,                1859P   2916
1.31771995588255D-14,44.4,0.,6.28318530717959,0.,0.,0.;             1859P   2917
126,8,2,0,1,0,0,-3.14159265358979,-3.14159265358979,                1861P   2918
-3.14159265358979,-1.5707963267949,-1.5707963267949,0.,0.,          1861P   2919
1.5707963267949,1.5707963267949,3.14159265358979,                   1861P   2920
3.14159265358979,3.14159265358979,1.,0.707106781186548,1.,          1861P   2921
0.707106781186548,1.,0.707106781186548,1.,0.707106781186548,1.,     1861P   2922
-44.,5.38844591624835D-15,44.4,-44.,44.,44.4,                       1861P   2923
2.69422295812418D-15,44.,44.4,44.,44.,44.4,44.,0.,44.4,44.,-44.,    1861P   2924
44.4,2.69422295812418D-15,-44.,44.4,-44.,-44.,44.4,-44.,            1861P   2925
-5.38844591624835D-15,44.4,-3.14159265358979,3.14159265358979,      1861P   2926
0.,0.,0.;                                                           1861P   2927
126,4,2,0,0,0,0,-1.5707963267949,-1.5707963267949,                  1863P   2928
-1.5707963267949,0.,0.,1.5707963267949,1.5707963267949,             1863P   2929
1.5707963267949,1.,0.707106781186542,1.,0.707106781186542,1.,       1863P   2930
53.8,0.,44.4,55.5,0.,44.4,55.5,0.,42.7,55.5,0.,41.,53.8,0.,41.,     1863P   2931
-1.5707963267949,1.5707963267949,0.,0.,0.;                          1863P   2932
126,8,2,0,1,0,0,0.,0.,0.,1.5707963267949,1.5707963267949,           1865P   2933
3.14159265358979,3.14159265358979,4.71238898038469,                 1865P   2934
4.71238898038469,6.28318530717959,6.28318530717959,                 1865P   2935
6.28318530717959,1.,0.707106781186548,1.,0.707106781186548,1.,      1865P   2936
0.707106781186548,1.,0.707106781186547,1.,53.8,0.,41.,53.8,         1865P   2937
-53.8,41.,3.29429988970638D-15,-53.8,41.,-53.8,-53.8,41.,-53.8,     1865P   2938
-6.58859977941276D-15,41.,-53.8,53.8,41.,-9.88289966911914D-15,     1865P   2939
53.8,41.,53.8,53.8,41.,53.8,1.31771995588255D-14,41.,0.,            1865P   2940
6.28318530717959,0.,0.,0.;                                          1865P   2941
126,8,2,0,1,0,0,-3.14159265358979,-3.14159265358979,                1867P   2942
-3.14159265358979,-1.5707963267949,-1.5707963267949,0.,0.,          1867P   2943
1.5707963267949,1.5707963267949,3.14159265358979,                   1867P   2944
3.14159265358979,3.14159265358979,1.,0.707106781186548,1.,          1867P   2945
0.707106781186548,1.,0.707106781186548,1.,0.707106781186548,1.,     1867P   2946
-44.,-5.38844591624835D-15,41.,-44.,-44.,41.,                       1867P   2947
2.69422295812418D-15,-44.,41.,44.,-44.,41.,44.,0.,41.,44.,44.,      1867P   2948
41.,2.69422295812418D-15,44.,41.,-44.,44.,41.,-44.,                 1867P   2949
5.38844591624835D-15,41.,-3.14159265358979,3.14159265358979,0.,     1867P   2950
0.,0.;                                                              1867P   2951
126,8,2,0,1,0,0,0.,0.,0.,1.5707963267949,1.5707963267949,           1869P   2952
3.14159265358979,3.14159265358979,4.71238898038469,                 1869P   2953
4.71238898038469,6.28318530717959,6.28318530717959,                 1869P   2954
6.28318530717959,1.,0.707106781186548,1.,0.707106781186548,1.,      1869P   2955
0.707106781186548,1.,0.707106781186547,1.,53.8,0.,54.6,53.8,        1869P   2956
-53.8,54.6,3.29429988970638D-15,-53.8,54.6,-53.8,-53.8,54.6,        1869P   2957
-53.8,-6.58859977941276D-15,54.6,-53.8,53.8,54.6,                   1869P   2958
-9.88289966911914D-15,53.8,54.6,53.8,53.8,54.6,53.8,                1869P   2959
1.31771995588255D-14,54.6,0.,6.28318530717959,0.,0.,0.;             1869P   2960
126,8,2,0,1,0,0,-3.14159265358979,-3.14159265358979,                1871P   2961
-3.14159265358979,-1.5707963267949,-1.5707963267949,0.,0.,          1871P   2962
1.5707963267949,1.5707963267949,3.14159265358979,                   1871P   2963
3.14159265358979,3.14159265358979,1.,0.707106781186548,1.,          1871P   2964
0.707106781186548,1.,0.707106781186548,1.,0.707106781186548,1.,     1871P   2965
-44.,5.38844591624835D-15,54.6,-44.,44.,54.6,                       1871P   2966
2.69422295812418D-15,44.,54.6,44.,44.,54.6,44.,0.,54.6,44.,-44.,    1871P   2967
54.6,2.69422295812418D-15,-44.,54.6,-44.,-44.,54.6,-44.,            1871P   2968
-5.38844591624835D-15,54.6,-3.14159265358979,3.14159265358979,      1871P   2969
0.,0.,0.;                                                           1871P   2970
126,4,2,0,0,0,0,-1.5707963267949,-1.5707963267949,                  1873P   2971
-1.5707963267949,0.,0.,1.5707963267949,1.5707963267949,             1873P   2972
1.5707963267949,1.,0.707106781186542,1.,0.707106781186542,1.,       1873P   2973
53.8,0.,54.6,55.5,0.,54.6,55.5,0.,52.9,55.5,0.,51.2,53.8,0.,        1873P   2974
51.2,-1.5707963267949,1.5707963267949,0.,0.,0.;                     1873P   2975
126,8,2,0,1,0,0,0.,0.,0.,1.5707963267949,1.5707963267949,           1875P   2976
3.14159265358979,3.14159265358979,4.71238898038469,                 1875P   2977
4.71238898038469,6.28318530717959,6.28318530717959,                 1875P   2978
6.28318530717959,1.,0.707106781186548,1.,0.707106781186548,1.,      1875P   2979
0.707106781186548,1.,0.707106781186547,1.,53.8,0.,51.2,53.8,        1875P   2980
-53.8,51.2,3.29429988970638D-15,-53.8,51.2,-53.8,-53.8,51.2,        1875P   2981
-53.8,-6.58859977941276D-15,51.2,-53.8,53.8,51.2,                   1875P   2982
-9.88289966911914D-15,53.8,51.2,53.8,53.8,51.2,53.8,                1875P   2983
1.31771995588255D-14,51.2,0.,6.28318530717959,0.,0.,0.;             1875P   2984
126,8,2,0,1,0,0,-3.14159265358979,-3.14159265358979,                1877P   2985
-3.14159265358979,-1.5707963267949,-1.5707963267949,0.,0.,          1877P   2986
1.5707963267949,1.5707963267949,3.14159265358979,                   1877P   2987
3.14159265358979,3.14159265358979,1.,0.707106781186548,1.,          1877P   2988
0.707106781186548,1.,0.707106781186548,1.,0.707106781186548,1.,     1877P   2989
-44.,-5.38844591624835D-15,51.2,-44.,-44.,51.2,                     1877P   2990
2.69422295812418D-15,-44.,51.2,44.,-44.,51.2,44.,0.,51.2,44.,       1877P   2991
44.,51.2,2.69422295812418D-15,44.,51.2,-44.,44.,51.2,-44.,          1877P   2992
5.38844591624835D-15,51.2,-3.14159265358979,3.14159265358979,0.,    1877P   2993
0.,0.;                                                              1877P   2994
126,8,2,0,1,0,0,0.,0.,0.,1.5707963267949,1.5707963267949,           1879P   2995
3.14159265358979,3.14159265358979,4.71238898038469,                 1879P   2996
4.71238898038469,6.28318530717959,6.28318530717959,                 1879P   2997
6.28318530717959,1.,0.707106781186548,1.,0.707106781186548,1.,      1879P   2998
0.707106781186548,1.,0.707106781186547,1.,53.8,0.,64.8,53.8,        1879P   2999
-53.8,64.8,3.29429988970638D-15,-53.8,64.8,-53.8,-53.8,64.8,        1879P   3000
-53.8,-6.58859977941276D-15,64.8,-53.8,53.8,64.8,                   1879P   3001
-9.88289966911914D-15,53.8,64.8,53.8,53.8,64.8,53.8,                1879P   3002
1.31771995588255D-14,64.8,0.,6.28318530717959,0.,0.,0.;             1879P   3003
126,8,2,0,1,0,0,-3.14159265358979,-3.14159265358979,                1881P   3004
-3.14159265358979,-1.5707963267949,-1.5707963267949,0.,0.,          1881P   3005
1.5707963267949,1.5707963267949,3.14159265358979,                   1881P   3006
3.14159265358979,3.14159265358979,1.,0.707106781186548,1.,          1881P   3007
0.707106781186548,1.,0.707106781186548,1.,0.707106781186548,1.,     1881P   3008
-44.,5.38844591624835D-15,64.8,-44.,44.,64.8,                       1881P   3009
2.69422295812418D-15,44.,64.8,44.,44.,64.8,44.,0.,64.8,44.,-44.,    1881P   3010
64.8,2.69422295812418D-15,-44.,64.8,-44.,-44.,64.8,-44.,            1881P   3011
-5.38844591624835D-15,64.8,-3.14159265358979,3.14159265358979,      1881P   3012
0.,0.,0.;                                                           1881P   3013
126,4,2,0,0,0,0,-1.5707963267949,-1.5707963267949,                  1883P   3014
-1.5707963267949,0.,0.,1.5707963267949,1.5707963267949,             1883P   3015
1.5707963267949,1.,0.707106781186542,1.,0.707106781186542,1.,       1883P   3016
53.8,0.,64.8,55.5,0.,64.8,55.5,0.,63.1,55.5,0.,61.4,53.8,0.,        1883P   3017
61.4,-1.5707963267949,1.5707963267949,0.,0.,0.;                     1883P   3018
126,8,2,0,1,0,0,0.,0.,0.,1.5707963267949,1.5707963267949,           1885P   3019
3.14159265358979,3.14159265358979,4.71238898038469,                 1885P   3020
4.71238898038469,6.28318530717959,6.28318530717959,                 1885P   3021
6.28318530717959,1.,0.707106781186548,1.,0.707106781186548,1.,      1885P   3022
0.707106781186548,1.,0.707106781186547,1.,53.8,0.,61.4,53.8,        1885P   3023
-53.8,61.4,3.29429988970638D-15,-53.8,61.4,-53.8,-53.8,61.4,        1885P   3024
-53.8,-6.58859977941276D-15,61.4,-53.8,53.8,61.4,                   1885P   3025
-9.88289966911914D-15,53.8,61.4,53.8,53.8,61.4,53.8,                1885P   3026
1.31771995588255D-14,61.4,0.,6.28318530717959,0.,0.,0.;             1885P   3027
126,8,2,0,1,0,0,-3.14159265358979,-3.14159265358979,                1887P   3028
-3.14159265358979,-1.5707963267949,-1.5707963267949,0.,0.,          1887P   3029
1.5707963267949,1.5707963267949,3.14159265358979,                   1887P   3030
3.14159265358979,3.14159265358979,1.,0.707106781186548,1.,          1887P   3031
0.707106781186548,1.,0.707106781186548,1.,0.707106781186548,1.,     1887P   3032
-44.,-5.38844591624835D-15,61.4,-44.,-44.,61.4,                     1887P   3033
2.69422295812418D-15,-44.,61.4,44.,-44.,61.4,44.,0.,61.4,44.,       1887P   3034
44.,61.4,2.69422295812418D-15,44.,61.4,-44.,44.,61.4,-44.,          1887P   3035
5.38844591624835D-15,61.4,-3.14159265358979,3.14159265358979,0.,    1887P   3036
0.,0.;                                                              1887P   3037
126,8,2,0,1,0,0,0.,0.,0.,1.5707963267949,1.5707963267949,           1889P   3038
3.14159265358979,3.14159265358979,4.71238898038469,                 1889P   3039
4.71238898038469,6.28318530717959,6.28318530717959,                 1889P   3040
6.28318530717959,1.,0.707106781186548,1.,0.707106781186548,1.,      1889P   3041
0.707106781186548,1.,0.707106781186547,1.,53.8,0.,75.,53.8,         1889P   3042
-53.8,75.,3.29429988970638D-15,-53.8,75.,-53.8,-53.8,75.,-53.8,     1889P   3043
-6.58859977941276D-15,75.,-53.8,53.8,75.,-9.88289966911914D-15,     1889P   3044
53.8,75.,53.8,53.8,75.,53.8,1.31771995588255D-14,75.,0.,            1889P   3045
6.28318530717959,0.,0.,0.;                                          1889P   3046
126,8,2,0,1,0,0,-3.14159265358979,-3.14159265358979,                1891P   3047
-3.14159265358979,-1.5707963267949,-1.5707963267949,0.,0.,          1891P   3048
1.5707963267949,1.5707963267949,3.14159265358979,                   1891P   3049
3.14159265358979,3.14159265358979,1.,0.707106781186548,1.,          1891P   3050
0.707106781186548,1.,0.707106781186548,1.,0.707106781186548,1.,     1891P   3051
-44.,5.38844591624835D-15,75.,-44.,44.,75.,2.69422295812418D-15,    1891P   3052
44.,75.,44.,44.,75.,44.,0.,75.,44.,-44.,75.,                        1891P   3053
2.69422295812418D-15,-44.,75.,-44.,-44.,75.,-44.,                   1891P   3054
-5.38844591624835D-15,75.,-3.14159265358979,3.14159265358979,0.,    1891P   3055
0.,0.;                                                              1891P   3056
126,4,2,0,0,0,0,-1.5707963267949,-1.5707963267949,                  1893P   3057
-1.5707963267949,0.,0.,1.5707963267949,1.5707963267949,             1893P   3058
1.5707963267949,1.,0.707106781186542,1.,0.707106781186542,1.,       1893P   3059
53.8,0.,75.,55.5,0.,75.,55.5,0.,73.3,55.5,0.,71.6,53.8,0.,71.6,     1893P   3060
-1.5707963267949,1.5707963267949,0.,0.,0.;                          1893P   3061
126,8,2,0,1,0,0,0.,0.,0.,1.5707963267949,1.5707963267949,           1895P   3062
3.14159265358979,3.14159265358979,4.71238898038469,                 1895P   3063
4.71238898038469,6.28318530717959,6.28318530717959,                 1895P   3064
6.28318530717959,1.,0.707106781186548,1.,0.707106781186548,1.,      1895P   3065
0.707106781186548,1.,0.707106781186547,1.,53.8,0.,71.6,53.8,        1895P   3066
-53.8,71.6,3.29429988970638D-15,-53.8,71.6,-53.8,-53.8,71.6,        1895P   3067
-53.8,-6.58859977941276D-15,71.6,-53.8,53.8,71.6,                   1895P   3068
-9.88289966911914D-15,53.8,71.6,53.8,53.8,71.6,53.8,                1895P   3069
1.31771995588255D-14,71.6,0.,6.28318530717959,0.,0.,0.;             1895P   3070
126,8,2,0,1,0,0,-3.14159265358979,-3.14159265358979,                1897P   3071
-3.14159265358979,-1.5707963267949,-1.5707963267949,0.,0.,          1897P   3072
1.5707963267949,1.5707963267949,3.14159265358979,                   1897P   3073
3.14159265358979,3.14159265358979,1.,0.707106781186548,1.,          1897P   3074
0.707106781186548,1.,0.707106781186548,1.,0.707106781186548,1.,     1897P   3075
-44.,-5.38844591624835D-15,71.6,-44.,-44.,71.6,                     1897P   3076
2.69422295812418D-15,-44.,71.6,44.,-44.,71.6,44.,0.,71.6,44.,       1897P   3077
44.,71.6,2.69422295812418D-15,44.,71.6,-44.,44.,71.6,-44.,          1897P   3078
5.38844591624835D-15,71.6,-3.14159265358979,3.14159265358979,0.,    1897P   3079
0.,0.;                                                              1897P   3080
126,8,2,0,1,0,0,0.,0.,0.,1.5707963267949,1.5707963267949,           1899P   3081
3.14159265358979,3.14159265358979,4.71238898038469,                 1899P   3082
4.71238898038469,6.28318530717959,6.28318530717959,                 1899P   3083
6.28318530717959,1.,0.707106781186548,1.,0.707106781186548,1.,      1899P   3084
0.707106781186548,1.,0.707106781186547,1.,53.8,0.,85.2,53.8,        1899P   3085
-53.8,85.2,3.29429988970638D-15,-53.8,85.2,-53.8,-53.8,85.2,        1899P   3086
-53.8,-6.58859977941276D-15,85.2,-53.8,53.8,85.2,                   1899P   3087
-9.88289966911914D-15,53.8,85.2,53.8,53.8,85.2,53.8,                1899P   3088
1.31771995588255D-14,85.2,0.,6.28318530717959,0.,0.,0.;             1899P   3089
126,8,2,0,1,0,0,-3.14159265358979,-3.14159265358979,                1901P   3090
-3.14159265358979,-1.5707963267949,-1.5707963267949,0.,0.,          1901P   3091
1.5707963267949,1.5707963267949,3.14159265358979,                   1901P   3092
3.14159265358979,3.14159265358979,1.,0.707106781186548,1.,          1901P   3093
0.707106781186548,1.,0.707106781186548,1.,0.707106781186548,1.,     1901P   3094
-44.,5.38844591624835D-15,85.2,-44.,44.,85.2,                       1901P   3095
2.69422295812418D-15,44.,85.2,44.,44.,85.2,44.,0.,85.2,44.,-44.,    1901P   3096
85.2,2.69422295812418D-15,-44.,85.2,-44.,-44.,85.2,-44.,            1901P   3097
-5.38844591624835D-15,85.2,-3.14159265358979,3.14159265358979,      1901P   3098
0.,0.,0.;                                                           1901P   3099
126,4,2,0,0,0,0,-1.5707963267949,-1.5707963267949,                  1903P   3100
-1.5707963267949,0.,0.,1.5707963267949,1.5707963267949,             1903P   3101
1.5707963267949,1.,0.707106781186557,1.,0.707106781186557,1.,       1903P   3102
53.8,0.,85.2,55.5,0.,85.2,55.5,0.,83.5,55.5,0.,81.8,53.8,0.,        1903P   3103
81.8,-1.5707963267949,1.5707963267949,0.,0.,0.;                     1903P   3104
126,8,2,0,1,0,0,0.,0.,0.,1.5707963267949,1.5707963267949,           1905P   3105
3.14159265358979,3.14159265358979,4.71238898038469,                 1905P   3106
4.71238898038469,6.28318530717959,6.28318530717959,                 1905P   3107
6.28318530717959,1.,0.707106781186548,1.,0.707106781186548,1.,      1905P   3108
0.707106781186548,1.,0.707106781186547,1.,53.8,0.,81.8,53.8,        1905P   3109
-53.8,81.8,3.29429988970638D-15,-53.8,81.8,-53.8,-53.8,81.8,        1905P   3110
-53.8,-6.58859977941276D-15,81.8,-53.8,53.8,81.8,                   1905P   3111
-9.88289966911914D-15,53.8,81.8,53.8,53.8,81.8,53.8,                1905P   3112
1.31771995588255D-14,81.8,0.,6.28318530717959,0.,0.,0.;             1905P   3113
126,8,2,0,1,0,0,-3.14159265358979,-3.14159265358979,                1907P   3114
-3.14159265358979,-1.5707963267949,-1.5707963267949,0.,0.,          1907P   3115
1.5707963267949,1.5707963267949,3.14159265358979,                   1907P   3116
3.14159265358979,3.14159265358979,1.,0.707106781186548,1.,          1907P   3117
0.707106781186548,1.,0.707106781186548,1.,0.707106781186548,1.,     1907P   3118
-44.,-5.38844591624835D-15,81.8,-44.,-44.,81.8,                     1907P   3119
2.69422295812418D-15,-44.,81.8,44.,-44.,81.8,44.,0.,81.8,44.,       1907P   3120
44.,81.8,2.69422295812418D-15,44.,81.8,-44.,44.,81.8,-44.,          1907P   3121
5.38844591624835D-15,81.8,-3.14159265358979,3.14159265358979,0.,    1907P   3122
0.,0.;                                                              1907P   3123
126,8,2,0,1,0,0,0.,0.,0.,1.5707963267949,1.5707963267949,           1909P   3124
3.14159265358979,3.14159265358979,4.71238898038469,                 1909P   3125
4.71238898038469,6.28318530717959,6.28318530717959,                 1909P   3126
6.28318530717959,1.,0.707106781186548,1.,0.707106781186548,1.,      1909P   3127
0.707106781186548,1.,0.707106781186547,1.,53.8,0.,95.4,53.8,        1909P   3128
-53.8,95.4,3.29429988970638D-15,-53.8,95.4,-53.8,-53.8,95.4,        1909P   3129
-53.8,-6.58859977941276D-15,95.4,-53.8,53.8,95.4,                   1909P   3130
-9.88289966911914D-15,53.8,95.4,53.8,53.8,95.4,53.8,                1909P   3131
1.31771995588255D-14,95.4,0.,6.28318530717959,0.,0.,0.;             1909P   3132
126,8,2,0,1,0,0,-3.14159265358979,-3.14159265358979,                1911P   3133
-3.14159265358979,-1.5707963267949,-1.5707963267949,0.,0.,          1911P   3134
1.5707963267949,1.5707963267949,3.14159265358979,                   1911P   3135
3.14159265358979,3.14159265358979,1.,0.707106781186548,1.,          1911P   3136
0.707106781186548,1.,0.707106781186548,1.,0.707106781186548,1.,     1911P   3137
-44.,5.38844591624835D-15,95.4,-44.,44.,95.4,                       1911P   3138
2.69422295812418D-15,44.,95.4,44.,44.,95.4,44.,0.,95.4,44.,-44.,    1911P   3139
95.4,2.69422295812418D-15,-44.,95.4,-44.,-44.,95.4,-44.,            1911P   3140
-5.38844591624835D-15,95.4,-3.14159265358979,3.14159265358979,      1911P   3141
0.,0.,0.;                                                           1911P   3142
126,4,2,0,0,0,0,-1.5707963267949,-1.5707963267949,                  1913P   3143
-1.5707963267949,0.,0.,1.5707963267949,1.5707963267949,             1913P   3144
1.5707963267949,1.,0.707106781186557,1.,0.707106781186557,1.,       1913P   3145
53.8,0.,95.4,55.5,0.,95.4,55.5,0.,93.7,55.5,0.,92.,53.8,0.,92.,     1913P   3146
-1.5707963267949,1.5707963267949,0.,0.,0.;                          1913P   3147
126,8,2,0,1,0,0,0.,0.,0.,1.5707963267949,1.5707963267949,           1915P   3148
3.14159265358979,3.14159265358979,4.71238898038469,                 1915P   3149
4.71238898038469,6.28318530717959,6.28318530717959,                 1915P   3150
6.28318530717959,1.,0.707106781186548,1.,0.707106781186548,1.,      1915P   3151
0.707106781186548,1.,0.707106781186547,1.,53.8,0.,92.,53.8,         1915P   3152
-53.8,92.,3.29429988970638D-15,-53.8,92.,-53.8,-53.8,92.,-53.8,     1915P   3153
-6.58859977941276D-15,92.,-53.8,53.8,92.,-9.88289966911914D-15,     1915P   3154
53.8,92.,53.8,53.8,92.,53.8,1.31771995588255D-14,92.,0.,            1915P   3155
6.28318530717959,0.,0.,0.;                                          1915P   3156
126,8,2,0,1,0,0,-3.14159265358979,-3.14159265358979,                1917P   3157
-3.14159265358979,-1.5707963267949,-1.5707963267949,0.,0.,          1917P   3158
1.5707963267949,1.5707963267949,3.14159265358979,                   1917P   3159
3.14159265358979,3.14159265358979,1.,0.707106781186548,1.,          1917P   3160
0.707106781186548,1.,0.707106781186548,1.,0.707106781186548,1.,     1917P   3161
-44.,-5.38844591624835D-15,92.,-44.,-44.,92.,                       1917P   3162
2.69422295812418D-15,-44.,92.,44.,-44.,92.,44.,0.,92.,44.,44.,      1917P   3163
92.,2.69422295812418D-15,44.,92.,-44.,44.,92.,-44.,                 1917P   3164
5.38844591624835D-15,92.,-3.14159265358979,3.14159265358979,0.,     1917P   3165
0.,0.;                                                              1917P   3166
126,8,2,0,1,0,0,0.,0.,0.,1.5707963267949,1.5707963267949,           1919P   3167
3.14159265358979,3.14159265358979,4.71238898038469,                 1919P   3168
4.71238898038469,6.28318530717959,6.28318530717959,                 1919P   3169
6.28318530717959,1.,0.707106781186548,1.,0.707106781186548,1.,      1919P   3170
0.707106781186548,1.,0.707106781186547,1.,53.8,0.,105.6,53.8,       1919P   3171
-53.8,105.6,3.29429988970638D-15,-53.8,105.6,-53.8,-53.8,105.6,     1919P   3172
-53.8,-6.58859977941276D-15,105.6,-53.8,53.8,105.6,                 1919P   3173
-9.88289966911914D-15,53.8,105.6,53.8,53.8,105.6,53.8,              1919P   3174
1.31771995588255D-14,105.6,0.,6.28318530717959,0.,0.,0.;            1919P   3175
126,8,2,0,1,0,0,-3.14159265358979,-3.14159265358979,                1921P   3176
-3.14159265358979,-1.5707963267949,-1.5707963267949,0.,0.,          1921P   3177
1.5707963267949,1.5707963267949,3.14159265358979,                   1921P   3178
3.14159265358979,3.14159265358979,1.,0.707106781186548,1.,          1921P   3179
0.707106781186548,1.,0.707106781186548,1.,0.707106781186548,1.,     1921P   3180
-44.,5.38844591624835D-15,105.6,-44.,44.,105.6,                     1921P   3181
2.69422295812418D-15,44.,105.6,44.,44.,105.6,44.,0.,105.6,44.,      1921P   3182
-44.,105.6,2.69422295812418D-15,-44.,105.6,-44.,-44.,105.6,-44.,    1921P   3183
-5.38844591624835D-15,105.6,-3.14159265358979,3.14159265358979,     1921P   3184
0.,0.,0.;                                                           1921P   3185
126,4,2,0,0,0,0,-1.5707963267949,-1.5707963267949,                  1923P   3186
-1.5707963267949,0.,0.,1.5707963267949,1.5707963267949,             1923P   3187
1.5707963267949,1.,0.707106781186557,1.,0.707106781186557,1.,       1923P   3188
53.8,0.,105.6,55.5,0.,105.6,55.5,0.,103.9,55.5,0.,102.2,53.8,0.,    1923P   3189
102.2,-1.5707963267949,1.5707963267949,0.,0.,0.;                    1923P   3190
126,8,2,0,1,0,0,0.,0.,0.,1.5707963267949,1.5707963267949,           1925P   3191
3.14159265358979,3.14159265358979,4.71238898038469,                 1925P   3192
4.71238898038469,6.28318530717959,6.28318530717959,                 1925P   3193
6.28318530717959,1.,0.707106781186548,1.,0.707106781186548,1.,      1925P   3194
0.707106781186548,1.,0.707106781186547,1.,53.8,0.,102.2,53.8,       1925P   3195
-53.8,102.2,3.29429988970638D-15,-53.8,102.2,-53.8,-53.8,102.2,     1925P   3196
-53.8,-6.58859977941276D-15,102.2,-53.8,53.8,102.2,                 1925P   3197
-9.88289966911914D-15,53.8,102.2,53.8,53.8,102.2,53.8,              1925P   3198
1.31771995588255D-14,102.2,0.,6.28318530717959,0.,0.,0.;            1925P   3199
126,8,2,0,1,0,0,-3.14159265358979,-3.14159265358979,                1927P   3200
-3.14159265358979,-1.5707963267949,-1.5707963267949,0.,0.,          1927P   3201
1.5707963267949,1.5707963267949,3.14159265358979,                   1927P   3202
3.14159265358979,3.14159265358979,1.,0.707106781186548,1.,          1927P   3203
0.707106781186548,1.,0.707106781186548,1.,0.707106781186548,1.,     1927P   3204
-44.,-5.38844591624835D-15,102.2,-44.,-44.,102.2,                   1927P   3205
2.69422295812418D-15,-44.,102.2,44.,-44.,102.2,44.,0.,102.2,44.,    1927P   3206
44.,102.2,2.69422295812418D-15,44.,102.2,-44.,44.,102.2,-44.,       1927P   3207
5.38844591624835D-15,102.2,-3.14159265358979,3.14159265358979,      1927P   3208
0.,0.,0.;                                                           1927P   3209
126,8,2,0,1,0,0,0.,0.,0.,1.5707963267949,1.5707963267949,           1929P   3210
3.14159265358979,3.14159265358979,4.71238898038469,                 1929P   3211
4.71238898038469,6.28318530717959,6.28318530717959,                 1929P   3212
6.28318530717959,1.,0.707106781186548,1.,0.707106781186548,1.,      1929P   3213
0.707106781186548,1.,0.707106781186547,1.,53.8,0.,115.8,53.8,       1929P   3214
-53.8,115.8,3.29429988970638D-15,-53.8,115.8,-53.8,-53.8,115.8,     1929P   3215
-53.8,-6.58859977941276D-15,115.8,-53.8,53.8,115.8,                 1929P   3216
-9.88289966911914D-15,53.8,115.8,53.8,53.8,115.8,53.8,              1929P   3217
1.31771995588255D-14,115.8,0.,6.28318530717959,0.,0.,0.;            1929P   3218
126,8,2,0,1,0,0,-3.14159265358979,-3.14159265358979,                1931P   3219
-3.14159265358979,-1.5707963267949,-1.5707963267949,0.,0.,          1931P   3220
1.5707963267949,1.5707963267949,3.14159265358979,                   1931P   3221
3.14159265358979,3.14159265358979,1.,0.707106781186548,1.,          1931P   3222
0.707106781186548,1.,0.707106781186548,1.,0.707106781186548,1.,     1931P   3223
-44.,5.38844591624835D-15,115.8,-44.,44.,115.8,                     1931P   3224
2.69422295812418D-15,44.,115.8,44.,44.,115.8,44.,0.,115.8,44.,      1931P   3225
-44.,115.8,2.69422295812418D-15,-44.,115.8,-44.,-44.,115.8,-44.,    1931P   3226
-5.38844591624835D-15,115.8,-3.14159265358979,3.14159265358979,     1931P   3227
0.,0.,0.;                                                           1931P   3228
126,4,2,0,0,0,0,-1.5707963267949,-1.5707963267949,                  1933P   3229
-1.5707963267949,0.,0.,1.5707963267949,1.5707963267949,             1933P   3230
1.5707963267949,1.,0.707106781186557,1.,0.707106781186557,1.,       1933P   3231
53.8,0.,115.8,55.5,0.,115.8,55.5,0.,114.1,55.5,0.,112.4,53.8,0.,    1933P   3232
112.4,-1.5707963267949,1.5707963267949,0.,0.,0.;                    1933P   3233
126,8,2,0,1,0,0,0.,0.,0.,1.5707963267949,1.5707963267949,           1935P   3234
3.14159265358979,3.14159265358979,4.71238898038469,                 1935P   3235
4.71238898038469,6.28318530717959,6.28318530717959,                 1935P   3236
6.28318530717959,1.,0.707106781186548,1.,0.707106781186548,1.,      1935P   3237
0.707106781186548,1.,0.707106781186547,1.,53.8,0.,112.4,53.8,       1935P   3238
-53.8,112.4,3.29429988970638D-15,-53.8,112.4,-53.8,-53.8,112.4,     1935P   3239
-53.8,-6.58859977941276D-15,112.4,-53.8,53.8,112.4,                 1935P   3240
-9.88289966911914D-15,53.8,112.4,53.8,53.8,112.4,53.8,              1935P   3241
1.31771995588255D-14,112.4,0.,6.28318530717959,0.,0.,0.;            1935P   3242
126,8,2,0,1,0,0,-3.14159265358979,-3.14159265358979,                1937P   3243
-3.14159265358979,-1.5707963267949,-1.5707963267949,0.,0.,          1937P   3244
1.5707963267949,1.5707963267949,3.14159265358979,                   1937P   3245
3.14159265358979,3.14159265358979,1.,0.707106781186548,1.,          1937P   3246
0.707106781186548,1.,0.707106781186548,1.,0.707106781186548,1.,     1937P   3247
-44.,-5.38844591624835D-15,112.4,-44.,-44.,112.4,                   1937P   3248
2.69422295812418D-15,-44.,112.4,44.,-44.,112.4,44.,0.,112.4,44.,    1937P   3249
44.,112.4,2.69422295812418D-15,44.,112.4,-44.,44.,112.4,-44.,       1937P   3250
5.38844591624835D-15,112.4,-3.14159265358979,3.14159265358979,      1937P   3251
0.,0.,0.;                                                           1937P   3252
126,8,2,0,1,0,0,0.,0.,0.,1.5707963267949,1.5707963267949,           1939P   3253
3.14159265358979,3.14159265358979,4.71238898038469,                 1939P   3254
4.71238898038469,6.28318530717959,6.28318530717959,                 1939P   3255
6.28318530717959,1.,0.707106781186548,1.,0.707106781186548,1.,      1939P   3256
0.707106781186548,1.,0.707106781186547,1.,53.8,0.,126.,53.8,        1939P   3257
-53.8,126.,3.29429988970638D-15,-53.8,126.,-53.8,-53.8,126.,        1939P   3258
-53.8,-6.58859977941276D-15,126.,-53.8,53.8,126.,                   1939P   3259
-9.88289966911914D-15,53.8,126.,53.8,53.8,126.,53.8,                1939P   3260
1.31771995588255D-14,126.,0.,6.28318530717959,0.,0.,0.;             1939P   3261
126,8,2,0,1,0,0,-3.14159265358979,-3.14159265358979,                1941P   3262
-3.14159265358979,-1.5707963267949,-1.5707963267949,0.,0.,          1941P   3263
1.5707963267949,1.5707963267949,3.14159265358979,                   1941P   3264
3.14159265358979,3.14159265358979,1.,0.707106781186548,1.,          1941P   3265
0.707106781186548,1.,0.707106781186548,1.,0.707106781186548,1.,     1941P   3266
-44.,5.38844591624835D-15,126.,-44.,44.,126.,                       1941P   3267
2.69422295812418D-15,44.,126.,44.,44.,126.,44.,0.,126.,44.,-44.,    1941P   3268
126.,2.69422295812418D-15,-44.,126.,-44.,-44.,126.,-44.,            1941P   3269
-5.38844591624835D-15,126.,-3.14159265358979,3.14159265358979,      1941P   3270
0.,0.,0.;                                                           1941P   3271
126,4,2,0,0,0,0,-1.5707963267949,-1.5707963267949,                  1943P   3272
-1.5707963267949,0.,0.,1.5707963267949,1.5707963267949,             1943P   3273
1.5707963267949,1.,0.707106781186557,1.,0.707106781186557,1.,       1943P   3274
53.8,0.,126.,55.5,0.,126.,55.5,0.,124.3,55.5,0.,122.6,53.8,0.,      1943P   3275
122.6,-1.5707963267949,1.5707963267949,0.,0.,0.;                    1943P   3276
126,8,2,0,1,0,0,0.,0.,0.,1.5707963267949,1.5707963267949,           1945P   3277
3.14159265358979,3.14159265358979,4.71238898038469,                 1945P   3278
4.71238898038469,6.28318530717959,6.28318530717959,                 1945P   3279
6.28318530717959,1.,0.707106781186548,1.,0.707106781186548,1.,      1945P   3280
0.707106781186548,1.,0.707106781186547,1.,53.8,0.,122.6,53.8,       1945P   3281
-53.8,122.6,3.29429988970638D-15,-53.8,122.6,-53.8,-53.8,122.6,     1945P   3282
-53.8,-6.58859977941276D-15,122.6,-53.8,53.8,122.6,                 1945P   3283
-9.88289966911914D-15,53.8,122.6,53.8,53.8,122.6,53.8,              1945P   3284
1.31771995588255D-14,122.6,0.,6.28318530717959,0.,0.,0.;            1945P   3285
126,8,2,0,1,0,0,-3.14159265358979,-3.14159265358979,                1947P   3286
-3.14159265358979,-1.5707963267949,-1.5707963267949,0.,0.,          1947P   3287
1.5707963267949,1.5707963267949,3.14159265358979,                   1947P   3288
3.14159265358979,3.14159265358979,1.,0.707106781186548,1.,          1947P   3289
0.707106781186548,1.,0.707106781186548,1.,0.707106781186548,1.,     1947P   3290
-44.,-5.38844591624835D-15,122.6,-44.,-44.,122.6,                   1947P   3291
2.69422295812418D-15,-44.,122.6,44.,-44.,122.6,44.,0.,122.6,44.,    1947P   3292
44.,122.6,2.69422295812418D-15,44.,122.6,-44.,44.,122.6,-44.,       1947P   3293
5.38844591624835D-15,122.6,-3.14159265358979,3.14159265358979,      1947P   3294
0.,0.,0.;                                                           1947P   3295
126,8,2,0,1,0,0,0.,0.,0.,1.5707963267949,1.5707963267949,           1949P   3296
3.14159265358979,3.14159265358979,4.71238898038469,                 1949P   3297
4.71238898038469,6.28318530717959,6.28318530717959,                 1949P   3298
6.28318530717959,1.,0.707106781186548,1.,0.707106781186548,1.,      1949P   3299
0.707106781186548,1.,0.707106781186547,1.,53.8,0.,136.2,53.8,       1949P   3300
-53.8,136.2,3.29429988970638D-15,-53.8,136.2,-53.8,-53.8,136.2,     1949P   3301
-53.8,-6.58859977941276D-15,136.2,-53.8,53.8,136.2,                 1949P   3302
-9.88289966911914D-15,53.8,136.2,53.8,53.8,136.2,53.8,              1949P   3303
1.31771995588255D-14,136.2,0.,6.28318530717959,0.,0.,0.;            1949P   3304
126,8,2,0,1,0,0,-3.14159265358979,-3.14159265358979,                1951P   3305
-3.14159265358979,-1.5707963267949,-1.5707963267949,0.,0.,          1951P   3306
1.5707963267949,1.5707963267949,3.14159265358979,                   1951P   3307
3.14159265358979,3.14159265358979,1.,0.707106781186548,1.,          1951P   3308
0.707106781186548,1.,0.707106781186548,1.,0.707106781186548,1.,     1951P   3309
-44.,5.38844591624835D-15,136.2,-44.,44.,136.2,                     1951P   3310
2.69422295812418D-15,44.,136.2,44.,44.,136.2,44.,0.,136.2,44.,      1951P   3311
-44.,136.2,2.69422295812418D-15,-44.,136.2,-44.,-44.,136.2,-44.,    1951P   3312
-5.38844591624835D-15,136.2,-3.14159265358979,3.14159265358979,     1951P   3313
0.,0.,0.;                                                           1951P   3314
126,4,2,0,0,0,0,-1.5707963267949,-1.5707963267949,                  1953P   3315
-1.5707963267949,0.,0.,1.5707963267949,1.5707963267949,             1953P   3316
1.5707963267949,1.,0.707106781186557,1.,0.707106781186557,1.,       1953P   3317
53.8,0.,136.2,55.5,0.,136.2,55.5,0.,134.5,55.5,0.,132.8,53.8,0.,    1953P   3318
132.8,-1.5707963267949,1.5707963267949,0.,0.,0.;                    1953P   3319
126,8,2,0,1,0,0,0.,0.,0.,1.5707963267949,1.5707963267949,           1955P   3320
3.14159265358979,3.14159265358979,4.71238898038469,                 1955P   3321
4.71238898038469,6.28318530717959,6.28318530717959,                 1955P   3322
6.28318530717959,1.,0.707106781186548,1.,0.707106781186548,1.,      1955P   3323
0.707106781186548,1.,0.707106781186547,1.,53.8,0.,132.8,53.8,       1955P   3324
-53.8,132.8,3.29429988970638D-15,-53.8,132.8,-53.8,-53.8,132.8,     1955P   3325
-53.8,-6.58859977941276D-15,132.8,-53.8,53.8,132.8,                 1955P   3326
-9.88289966911914D-15,53.8,132.8,53.8,53.8,132.8,53.8,              1955P   3327
1.31771995588255D-14,132.8,0.,6.28318530717959,0.,0.,0.;            1955P   3328
126,8,2,0,1,0,0,-3.14159265358979,-3.14159265358979,                1957P   3329
-3.14159265358979,-1.5707963267949,-1.5707963267949,0.,0.,          1957P   3330
1.5707963267949,1.5707963267949,3.14159265358979,                   1957P   3331
3.14159265358979,3.14159265358979,1.,0.707106781186548,1.,          1957P   3332
0.707106781186548,1.,0.707106781186548,1.,0.707106781186548,1.,     1957P   3333
-44.,-5.38844591624835D-15,132.8,-44.,-44.,132.8,                   1957P   3334
2.69422295812418D-15,-44.,132.8,44.,-44.,132.8,44.,0.,132.8,44.,    1957P   3335
44.,132.8,2.69422295812418D-15,44.,132.8,-44.,44.,132.8,-44.,       1957P   3336
5.38844591624835D-15,132.8,-3.14159265358979,3.14159265358979,      1957P   3337
0.,0.,0.;                                                           1957P   3338
126,8,2,0,1,0,0,0.,0.,0.,1.5707963267949,1.5707963267949,           1959P   3339
3.14159265358979,3.14159265358979,4.71238898038469,                 1959P   3340
4.71238898038469,6.28318530717959,6.28318530717959,                 1959P   3341
6.28318530717959,1.,0.707106781186548,1.,0.707106781186548,1.,      1959P   3342
0.707106781186548,1.,0.707106781186547,1.,53.8,0.,146.4,53.8,       1959P   3343
-53.8,146.4,3.29429988970638D-15,-53.8,146.4,-53.8,-53.8,146.4,     1959P   3344
-53.8,-6.58859977941276D-15,146.4,-53.8,53.8,146.4,                 1959P   3345
-9.88289966911914D-15,53.8,146.4,53.8,53.8,146.4,53.8,              1959P   3346
1.31771995588255D-14,146.4,0.,6.28318530717959,0.,0.,0.;            1959P   3347
126,8,2,0,1,0,0,-3.14159265358979,-3.14159265358979,                1961P   3348
-3.14159265358979,-1.5707963267949,-1.5707963267949,0.,0.,          1961P   3349
1.5707963267949,1.5707963267949,3.14159265358979,                   1961P   3350
3.14159265358979,3.14159265358979,1.,0.707106781186548,1.,          1961P   3351
0.707106781186548,1.,0.707106781186548,1.,0.707106781186548,1.,     1961P   3352
-44.,5.38844591624835D-15,146.4,-44.,44.,146.4,                     1961P   3353
2.69422295812418D-15,44.,146.4,44.,44.,146.4,44.,0.,146.4,44.,      1961P   3354
-44.,146.4,2.69422295812418D-15,-44.,146.4,-44.,-44.,146.4,-44.,    1961P   3355
-5.38844591624835D-15,146.4,-3.14159265358979,3.14159265358979,     1961P   3356
0.,0.,0.;                                                           1961P   3357
126,4,2,0,0,0,0,-1.5707963267949,-1.5707963267949,                  1963P   3358
-1.5707963267949,0.,0.,1.5707963267949,1.5707963267949,             1963P   3359
1.5707963267949,1.,0.707106781186557,1.,0.707106781186557,1.,       1963P   3360
53.8,0.,146.4,55.5,0.,146.4,55.5,0.,144.7,55.5,0.,143.,53.8,0.,     1963P   3361
143.,-1.5707963267949,1.5707963267949,0.,0.,0.;                     1963P   3362
126,8,2,0,1,0,0,0.,0.,0.,1.5707963267949,1.5707963267949,           1965P   3363
3.14159265358979,3.14159265358979,4.71238898038469,                 1965P   3364
4.71238898038469,6.28318530717959,6.28318530717959,                 1965P   3365
6.28318530717959,1.,0.707106781186548,1.,0.707106781186548,1.,      1965P   3366
0.707106781186548,1.,0.707106781186547,1.,53.8,0.,143.,53.8,        1965P   3367
-53.8,143.,3.29429988970638D-15,-53.8,143.,-53.8,-53.8,143.,        1965P   3368
-53.8,-6.58859977941276D-15,143.,-53.8,53.8,143.,                   1965P   3369
-9.88289966911914D-15,53.8,143.,53.8,53.8,143.,53.8,                1965P   3370
1.31771995588255D-14,143.,0.,6.28318530717959,0.,0.,0.;             1965P   3371
126,8,2,0,1,0,0,-3.14159265358979,-3.14159265358979,                1967P   3372
-3.14159265358979,-1.5707963267949,-1.5707963267949,0.,0.,          1967P   3373
1.5707963267949,1.5707963267949,3.14159265358979,                   1967P   3374
3.14159265358979,3.14159265358979,1.,0.707106781186548,1.,          1967P   3375
0.707106781186548,1.,0.707106781186548,1.,0.707106781186548,1.,     1967P   3376
-44.,-5.38844591624835D-15,143.,-44.,-44.,143.,                     1967P   3377
2.69422295812418D-15,-44.,143.,44.,-44.,143.,44.,0.,143.,44.,       1967P   3378
44.,143.,2.69422295812418D-15,44.,143.,-44.,44.,143.,-44.,          1967P   3379
5.38844591624835D-15,143.,-3.14159265358979,3.14159265358979,0.,    1967P   3380
0.,0.;                                                              1967P   3381
126,8,2,0,1,0,0,0.,0.,0.,1.5707963267949,1.5707963267949,           1969P   3382
3.14159265358979,3.14159265358979,4.71238898038469,                 1969P   3383
4.71238898038469,6.28318530717959,6.28318530717959,                 1969P   3384
6.28318530717959,1.,0.707106781186548,1.,0.707106781186548,1.,      1969P   3385
0.707106781186548,1.,0.707106781186547,1.,53.8,0.,156.6,53.8,       1969P   3386
-53.8,156.6,3.29429988970638D-15,-53.8,156.6,-53.8,-53.8,156.6,     1969P   3387
-53.8,-6.58859977941276D-15,156.6,-53.8,53.8,156.6,                 1969P   3388
-9.88289966911914D-15,53.8,156.6,53.8,53.8,156.6,53.8,              1969P   3389
1.31771995588255D-14,156.6,0.,6.28318530717959,0.,0.,0.;            1969P   3390
126,8,2,0,1,0,0,-3.14159265358979,-3.14159265358979,                1971P   3391
-3.14159265358979,-1.5707963267949,-1.5707963267949,0.,0.,          1971P   3392
1.5707963267949,1.5707963267949,3.14159265358979,                   1971P   3393
3.14159265358979,3.14159265358979,1.,0.707106781186548,1.,          1971P   3394
0.707106781186548,1.,0.707106781186548,1.,0.707106781186548,1.,     1971P   3395
-44.,5.38844591624835D-15,156.6,-44.,44.,156.6,                     1971P   3396
2.69422295812418D-15,44.,156.6,44.,44.,156.6,44.,0.,156.6,44.,      1971P   3397
-44.,156.6,2.69422295812418D-15,-44.,156.6,-44.,-44.,156.6,-44.,    1971P   3398
-5.38844591624835D-15,156.6,-3.14159265358979,3.14159265358979,     1971P   3399
0.,0.,0.;                                                           1971P   3400
126,4,2,0,0,0,0,-1.5707963267949,-1.5707963267949,                  1973P   3401
-1.5707963267949,0.,0.,1.5707963267949,1.5707963267949,             1973P   3402
1.5707963267949,1.,0.707106781186557,1.,0.707106781186557,1.,       1973P   3403
53.8,0.,156.6,55.5,0.,156.6,55.5,0.,154.9,55.5,0.,153.2,53.8,0.,    1973P   3404
153.2,-1.5707963267949,1.5707963267949,0.,0.,0.;                    1973P   3405
126,8,2,0,1,0,0,0.,0.,0.,1.5707963267949,1.5707963267949,           1975P   3406
3.14159265358979,3.14159265358979,4.71238898038469,                 1975P   3407
4.71238898038469,6.28318530717959,6.28318530717959,                 1975P   3408
6.28318530717959,1.,0.707106781186548,1.,0.707106781186548,1.,      1975P   3409
0.707106781186548,1.,0.707106781186547,1.,53.8,0.,153.2,53.8,       1975P   3410
-53.8,153.2,3.29429988970638D-15,-53.8,153.2,-53.8,-53.8,153.2,     1975P   3411
-53.8,-6.58859977941276D-15,153.2,-53.8,53.8,153.2,                 1975P   3412
-9.88289966911914D-15,53.8,153.2,53.8,53.8,153.2,53.8,              1975P   3413
1.31771995588255D-14,153.2,0.,6.28318530717959,0.,0.,0.;            1975P   3414
126,8,2,0,1,0,0,-3.14159265358979,-3.14159265358979,                1977P   3415
-3.14159265358979,-1.5707963267949,-1.5707963267949,0.,0.,          1977P   3416
1.5707963267949,1.5707963267949,3.14159265358979,                   1977P   3417
3.14159265358979,3.14159265358979,1.,0.707106781186548,1.,          1977P   3418
0.707106781186548,1.,0.707106781186548,1.,0.707106781186548,1.,     1977P   3419
-44.,-5.38844591624835D-15,153.2,-44.,-44.,153.2,                   1977P   3420
2.69422295812418D-15,-44.,153.2,44.,-44.,153.2,44.,0.,153.2,44.,    1977P   3421
44.,153.2,2.69422295812418D-15,44.,153.2,-44.,44.,153.2,-44.,       1977P   3422
5.38844591624835D-15,153.2,-3.14159265358979,3.14159265358979,      1977P   3423
0.,0.,0.;                                                           1977P   3424
126,8,2,0,1,0,0,0.,0.,0.,1.5707963267949,1.5707963267949,           1979P   3425
3.14159265358979,3.14159265358979,4.71238898038469,                 1979P   3426
4.71238898038469,6.28318530717959,6.28318530717959,                 1979P   3427
6.28318530717959,1.,0.707106781186548,1.,0.707106781186548,1.,      1979P   3428
0.707106781186548,1.,0.707106781186547,1.,53.8,0.,166.8,53.8,       1979P   3429
-53.8,166.8,3.29429988970638D-15,-53.8,166.8,-53.8,-53.8,166.8,     1979P   3430
-53.8,-6.58859977941276D-15,166.8,-53.8,53.8,166.8,                 1979P   3431
-9.88289966911914D-15,53.8,166.8,53.8,53.8,166.8,53.8,              1979P   3432
1.31771995588255D-14,166.8,0.,6.28318530717959,0.,0.,0.;            1979P   3433
126,8,2,0,1,0,0,-3.14159265358979,-3.14159265358979,                1981P   3434
-3.14159265358979,-1.5707963267949,-1.5707963267949,0.,0.,          1981P   3435
1.5707963267949,1.5707963267949,3.14159265358979,                   1981P   3436
3.14159265358979,3.14159265358979,1.,0.707106781186548,1.,          1981P   3437
0.707106781186548,1.,0.707106781186548,1.,0.707106781186548,1.,     1981P   3438
-44.,5.38844591624835D-15,166.8,-44.,44.,166.8,                     1981P   3439
2.69422295812418D-15,44.,166.8,44.,44.,166.8,44.,0.,166.8,44.,      1981P   3440
-44.,166.8,2.69422295812418D-15,-44.,166.8,-44.,-44.,166.8,-44.,    1981P   3441
-5.38844591624835D-15,166.8,-3.14159265358979,3.14159265358979,     1981P   3442
0.,0.,0.;                                                           1981P   3443
126,4,2,0,0,0,0,-1.5707963267949,-1.5707963267949,                  1983P   3444
-1.5707963267949,3.33066907387547D-16,3.33066907387547D-16,         1983P   3445
1.5707963267949,1.5707963267949,1.5707963267949,1.,                 1983P   3446
0.707106781186557,1.,0.707106781186561,1.,53.8,0.,166.8,55.5,0.,    1983P   3447
166.8,55.5,0.,165.1,55.5,0.,163.4,53.8,0.,163.4,                    1983P   3448
-1.5707963267949,1.5707963267949,0.,0.,0.;                          1983P   3449
126,8,2,0,1,0,0,0.,0.,0.,1.5707963267949,1.5707963267949,           1985P   3450
3.14159265358979,3.14159265358979,4.71238898038469,                 1985P   3451
4.71238898038469,6.28318530717959,6.28318530717959,                 1985P   3452
6.28318530717959,1.,0.707106781186548,1.,0.707106781186548,1.,      1985P   3453
0.707106781186548,1.,0.707106781186547,1.,53.8,0.,163.4,53.8,       1985P   3454
-53.8,163.4,3.29429988970638D-15,-53.8,163.4,-53.8,-53.8,163.4,     1985P   3455
-53.8,-6.58859977941276D-15,163.4,-53.8,53.8,163.4,                 1985P   3456
-9.88289966911914D-15,53.8,163.4,53.8,53.8,163.4,53.8,              1985P   3457
1.31771995588255D-14,163.4,0.,6.28318530717959,0.,0.,0.;            1985P   3458
126,8,2,0,1,0,0,-3.14159265358979,-3.14159265358979,                1987P   3459
-3.14159265358979,-1.5707963267949,-1.5707963267949,0.,0.,          1987P   3460
1.5707963267949,1.5707963267949,3.14159265358979,                   1987P   3461
3.14159265358979,3.14159265358979,1.,0.707106781186548,1.,          1987P   3462
0.707106781186548,1.,0.707106781186548,1.,0.707106781186548,1.,     1987P   3463
-44.,-5.38844591624835D-15,163.4,-44.,-44.,163.4,                   1987P   3464
2.69422295812418D-15,-44.,163.4,44.,-44.,163.4,44.,0.,163.4,44.,    1987P   3465
44.,163.4,2.69422295812418D-15,44.,163.4,-44.,44.,163.4,-44.,       1987P   3466
5.38844591624835D-15,163.4,-3.14159265358979,3.14159265358979,      1987P   3467
0.,0.,0.;                                                           1987P   3468
126,8,2,0,1,0,0,0.,0.,0.,1.5707963267949,1.5707963267949,           1989P   3469
3.14159265358979,3.14159265358979,4.71238898038469,                 1989P   3470
4.71238898038469,6.28318530717959,6.28318530717959,                 1989P   3471
6.28318530717959,1.,0.707106781186548,1.,0.707106781186548,1.,      1989P   3472
0.707106781186548,1.,0.707106781186547,1.,53.8,0.,177.,53.8,        1989P   3473
-53.8,177.,3.29429988970638D-15,-53.8,177.,-53.8,-53.8,177.,        1989P   3474
-53.8,-6.58859977941276D-15,177.,-53.8,53.8,177.,                   1989P   3475
-9.88289966911914D-15,53.8,177.,53.8,53.8,177.,53.8,                1989P   3476
1.31771995588255D-14,177.,0.,6.28318530717959,0.,0.,0.;             1989P   3477
126,8,2,0,1,0,0,-3.14159265358979,-3.14159265358979,                1991P   3478
-3.14159265358979,-1.5707963267949,-1.5707963267949,0.,0.,          1991P   3479
1.5707963267949,1.5707963267949,3.14159265358979,                   1991P   3480
3.14159265358979,3.14159265358979,1.,0.707106781186548,1.,          1991P   3481
0.707106781186548,1.,0.707106781186548,1.,0.707106781186548,1.,     1991P   3482
-44.,5.38844591624835D-15,177.,-44.,44.,177.,                       1991P   3483
2.69422295812418D-15,44.,177.,44.,44.,177.,44.,0.,177.,44.,-44.,    1991P   3484
177.,2.69422295812418D-15,-44.,177.,-44.,-44.,177.,-44.,            1991P   3485
-5.38844591624835D-15,177.,-3.14159265358979,3.14159265358979,      1991P   3486
0.,0.,0.;                                                           1991P   3487
126,4,2,0,0,0,0,-1.5707963267949,-1.5707963267949,                  1993P   3488
-1.5707963267949,-3.33066907387547D-16,-3.33066907387547D-16,       1993P   3489
1.5707963267949,1.5707963267949,1.5707963267949,1.,                 1993P   3490
0.707106781186561,1.,0.707106781186557,1.,53.8,0.,177.,55.5,0.,     1993P   3491
177.,55.5,0.,175.3,55.5,0.,173.6,53.8,0.,173.6,-1.5707963267949,    1993P   3492
1.5707963267949,0.,0.,0.;                                           1993P   3493
126,8,2,0,1,0,0,0.,0.,0.,1.5707963267949,1.5707963267949,           1995P   3494
3.14159265358979,3.14159265358979,4.71238898038469,                 1995P   3495
4.71238898038469,6.28318530717959,6.28318530717959,                 1995P   3496
6.28318530717959,1.,0.707106781186548,1.,0.707106781186548,1.,      1995P   3497
0.707106781186548,1.,0.707106781186547,1.,53.8,0.,173.6,53.8,       1995P   3498
-53.8,173.6,3.29429988970638D-15,-53.8,173.6,-53.8,-53.8,173.6,     1995P   3499
-53.8,-6.58859977941276D-15,173.6,-53.8,53.8,173.6,                 1995P   3500
-9.88289966911914D-15,53.8,173.6,53.8,53.8,173.6,53.8,              1995P   3501
1.31771995588255D-14,173.6,0.,6.28318530717959,0.,0.,0.;            1995P   3502
126,8,2,0,1,0,0,-3.14159265358979,-3.14159265358979,                1997P   3503
-3.14159265358979,-1.5707963267949,-1.5707963267949,0.,0.,          1997P   3504
1.5707963267949,1.5707963267949,3.14159265358979,                   1997P   3505
3.14159265358979,3.14159265358979,1.,0.707106781186548,1.,          1997P   3506
0.707106781186548,1.,0.707106781186548,1.,0.707106781186548,1.,     1997P   3507
-44.,-5.38844591624835D-15,173.6,-44.,-44.,173.6,                   1997P   3508
2.69422295812418D-15,-44.,173.6,44.,-44.,173.6,44.,0.,173.6,44.,    1997P   3509
44.,173.6,2.69422295812418D-15,44.,173.6,-44.,44.,173.6,-44.,       1997P   3510
5.38844591624835D-15,173.6,-3.14159265358979,3.14159265358979,      1997P   3511
0.,0.,0.;                                                           1997P   3512
126,8,2,0,1,0,0,0.,0.,0.,1.5707963267949,1.5707963267949,           1999P   3513
3.14159265358979,3.14159265358979,4.71238898038469,                 1999P   3514
4.71238898038469,6.28318530717959,6.28318530717959,                 1999P   3515
6.28318530717959,1.,0.707106781186548,1.,0.707106781186548,1.,      1999P   3516
0.707106781186548,1.,0.707106781186547,1.,53.8,0.,187.2,53.8,       1999P   3517
-53.8,187.2,3.29429988970638D-15,-53.8,187.2,-53.8,-53.8,187.2,     1999P   3518
-53.8,-6.58859977941276D-15,187.2,-53.8,53.8,187.2,                 1999P   3519
-9.88289966911914D-15,53.8,187.2,53.8,53.8,187.2,53.8,              1999P   3520
1.31771995588255D-14,187.2,0.,6.28318530717959,0.,0.,0.;            1999P   3521
126,8,2,0,1,0,0,-3.14159265358979,-3.14159265358979,                2001P   3522
-3.14159265358979,-1.5707963267949,-1.5707963267949,0.,0.,          2001P   3523
1.5707963267949,1.5707963267949,3.14159265358979,                   2001P   3524
3.14159265358979,3.14159265358979,1.,0.707106781186548,1.,          2001P   3525
0.707106781186548,1.,0.707106781186548,1.,0.707106781186548,1.,     2001P   3526
-44.,5.38844591624835D-15,187.2,-44.,44.,187.2,                     2001P   3527
2.69422295812418D-15,44.,187.2,44.,44.,187.2,44.,0.,187.2,44.,      2001P   3528
-44.,187.2,2.69422295812418D-15,-44.,187.2,-44.,-44.,187.2,-44.,    2001P   3529
-5.38844591624835D-15,187.2,-3.14159265358979,3.14159265358979,     2001P   3530
0.,0.,0.;                                                           2001P   3531
126,4,2,0,0,0,0,-1.5707963267949,-1.5707963267949,                  2003P   3532
-1.5707963267949,0.,0.,1.5707963267949,1.5707963267949,             2003P   3533
1.5707963267949,1.,0.707106781186557,1.,0.707106781186557,1.,       2003P   3534
53.8,0.,187.2,55.5,0.,187.2,55.5,0.,185.5,55.5,0.,183.8,53.8,0.,    2003P   3535
183.8,-1.5707963267949,1.5707963267949,0.,0.,0.;                    2003P   3536
126,8,2,0,1,0,0,0.,0.,0.,1.5707963267949,1.5707963267949,           2005P   3537
3.14159265358979,3.14159265358979,4.71238898038469,                 2005P   3538
4.71238898038469,6.28318530717959,6.28318530717959,                 2005P   3539
6.28318530717959,1.,0.707106781186548,1.,0.707106781186548,1.,      2005P   3540
0.707106781186548,1.,0.707106781186547,1.,53.8,0.,183.8,53.8,       2005P   3541
-53.8,183.8,3.29429988970638D-15,-53.8,183.8,-53.8,-53.8,183.8,     2005P   3542
-53.8,-6.58859977941276D-15,183.8,-53.8,53.8,183.8,                 2005P   3543
-9.88289966911914D-15,53.8,183.8,53.8,53.8,183.8,53.8,              2005P   3544
1.31771995588255D-14,183.8,0.,6.28318530717959,0.,0.,0.;            2005P   3545
126,8,2,0,1,0,0,-3.14159265358979,-3.14159265358979,                2007P   3546
-3.14159265358979,-1.5707963267949,-1.5707963267949,0.,0.,          2007P   3547
1.5707963267949,1.5707963267949,3.14159265358979,                   2007P   3548
3.14159265358979,3.14159265358979,1.,0.707106781186548,1.,          2007P   3549
0.707106781186548,1.,0.707106781186548,1.,0.707106781186548,1.,     2007P   3550
-44.,-5.38844591624835D-15,183.8,-44.,-44.,183.8,                   2007P   3551
2.69422295812418D-15,-44.,183.8,44.,-44.,183.8,44.,0.,183.8,44.,    2007P   3552
44.,183.8,2.69422295812418D-15,44.,183.8,-44.,44.,183.8,-44.,       2007P   3553
5.38844591624835D-15,183.8,-3.14159265358979,3.14159265358979,      2007P   3554
0.,0.,0.;                                                           2007P   3555
126,8,2,0,1,0,0,0.,0.,0.,1.5707963267949,1.5707963267949,           2009P   3556
3.14159265358979,3.14159265358979,4.71238898038469,                 2009P   3557
4.71238898038469,6.28318530717959,6.28318530717959,                 2009P   3558
6.28318530717959,1.,0.707106781186548,1.,0.707106781186548,1.,      2009P   3559
0.707106781186548,1.,0.707106781186547,1.,53.8,0.,197.4,53.8,       2009P   3560
-53.8,197.4,3.29429988970638D-15,-53.8,197.4,-53.8,-53.8,197.4,     2009P   3561
-53.8,-6.58859977941276D-15,197.4,-53.8,53.8,197.4,                 2009P   3562
-9.88289966911914D-15,53.8,197.4,53.8,53.8,197.4,53.8,              2009P   3563
1.31771995588255D-14,197.4,0.,6.28318530717959,0.,0.,0.;            2009P   3564
126,8,2,0,1,0,0,-3.14159265358979,-3.14159265358979,                2011P   3565
-3.14159265358979,-1.5707963267949,-1.5707963267949,0.,0.,          2011P   3566
1.5707963267949,1.5707963267949,3.14159265358979,                   2011P   3567
3.14159265358979,3.14159265358979,1.,0.707106781186548,1.,          2011P   3568
0.707106781186548,1.,0.707106781186548,1.,0.707106781186548,1.,     2011P   3569
-44.,5.38844591624835D-15,197.4,-44.,44.,197.4,                     2011P   3570
2.69422295812418D-15,44.,197.4,44.,44.,197.4,44.,0.,197.4,44.,      2011P   3571
-44.,197.4,2.69422295812418D-15,-44.,197.4,-44.,-44.,197.4,-44.,    2011P   3572
-5.38844591624835D-15,197.4,-3.14159265358979,3.14159265358979,     2011P   3573
0.,0.,0.;                                                           2011P   3574
126,4,2,0,0,0,0,-1.5707963267949,-1.5707963267949,                  2013P   3575
-1.5707963267949,0.,0.,1.5707963267949,1.5707963267949,             2013P   3576
1.5707963267949,1.,0.707106781186557,1.,0.707106781186557,1.,       2013P   3577
53.8,0.,197.4,55.5,0.,197.4,55.5,0.,195.7,55.5,0.,194.,53.8,0.,     2013P   3578
194.,-1.5707963267949,1.5707963267949,0.,0.,0.;                     2013P   3579
126,8,2,0,1,0,0,0.,0.,0.,1.5707963267949,1.5707963267949,           2015P   3580
3.14159265358979,3.14159265358979,4.71238898038469,                 2015P   3581
4.71238898038469,6.28318530717959,6.28318530717959,                 2015P   3582
6.28318530717959,1.,0.707106781186548,1.,0.707106781186548,1.,      2015P   3583
0.707106781186548,1.,0.707106781186547,1.,53.8,0.,194.,53.8,        2015P   3584
-53.8,194.,3.29429988970638D-15,-53.8,194.,-53.8,-53.8,194.,        2015P   3585
-53.8,-6.58859977941276D-15,194.,-53.8,53.8,194.,                   2015P   3586
-9.88289966911914D-15,53.8,194.,53.8,53.8,194.,53.8,                2015P   3587
1.31771995588255D-14,194.,0.,6.28318530717959,0.,0.,0.;             2015P   3588
126,8,2,0,1,0,0,-3.14159265358979,-3.14159265358979,                2017P   3589
-3.14159265358979,-1.5707963267949,-1.5707963267949,0.,0.,          2017P   3590
1.5707963267949,1.5707963267949,3.14159265358979,                   2017P   3591
3.14159265358979,3.14159265358979,1.,0.707106781186548,1.,          2017P   3592
0.707106781186548,1.,0.707106781186548,1.,0.707106781186548,1.,     2017P   3593
-44.,-5.38844591624835D-15,194.,-44.,-44.,194.,                     2017P   3594
2.69422295812418D-15,-44.,194.,44.,-44.,194.,44.,0.,194.,44.,       2017P   3595
44.,194.,2.69422295812418D-15,44.,194.,-44.,44.,194.,-44.,          2017P   3596
5.38844591624835D-15,194.,-3.14159265358979,3.14159265358979,0.,    2017P   3597
0.,0.;                                                              2017P   3598
126,8,2,0,1,0,0,0.,0.,0.,1.5707963267949,1.5707963267949,           2019P   3599
3.14159265358979,3.14159265358979,4.71238898038469,                 2019P   3600
4.71238898038469,6.28318530717959,6.28318530717959,                 2019P   3601
6.28318530717959,1.,0.707106781186548,1.,0.707106781186548,1.,      2019P   3602
0.707106781186548,1.,0.707106781186547,1.,53.8,0.,207.6,53.8,       2019P   3603
-53.8,207.6,3.29429988970638D-15,-53.8,207.6,-53.8,-53.8,207.6,     2019P   3604
-53.8,-6.58859977941276D-15,207.6,-53.8,53.8,207.6,                 2019P   3605
-9.88289966911914D-15,53.8,207.6,53.8,53.8,207.6,53.8,              2019P   3606
1.31771995588255D-14,207.6,0.,6.28318530717959,0.,0.,0.;            2019P   3607
126,8,2,0,1,0,0,-3.14159265358979,-3.14159265358979,                2021P   3608
-3.14159265358979,-1.5707963267949,-1.5707963267949,0.,0.,          2021P   3609
1.5707963267949,1.5707963267949,3.14159265358979,                   2021P   3610
3.14159265358979,3.14159265358979,1.,0.707106781186548,1.,          2021P   3611
0.707106781186548,1.,0.707106781186548,1.,0.707106781186548,1.,     2021P   3612
-44.,5.38844591624835D-15,207.6,-44.,44.,207.6,                     2021P   3613
2.69422295812418D-15,44.,207.6,44.,44.,207.6,44.,0.,207.6,44.,      2021P   3614
-44.,207.6,2.69422295812418D-15,-44.,207.6,-44.,-44.,207.6,-44.,    2021P   3615
-5.38844591624835D-15,207.6,-3.14159265358979,3.14159265358979,     2021P   3616
0.,0.,0.;                                                           2021P   3617
126,4,2,0,0,0,0,-1.5707963267949,-1.5707963267949,                  2023P   3618
-1.5707963267949,0.,0.,1.5707963267949,1.5707963267949,             2023P   3619
1.5707963267949,1.,0.707106781186557,1.,0.707106781186557,1.,       2023P   3620
53.8,0.,207.6,55.5,0.,207.6,55.5,0.,205.9,55.5,0.,204.2,53.8,0.,    2023P   3621
204.2,-1.5707963267949,1.5707963267949,0.,0.,0.;                    2023P   3622
126,8,2,0,1,0,0,0.,0.,0.,1.5707963267949,1.5707963267949,           2025P   3623
3.14159265358979,3.14159265358979,4.71238898038469,                 2025P   3624
4.71238898038469,6.28318530717959,6.28318530717959,                 2025P   3625
6.28318530717959,1.,0.707106781186548,1.,0.707106781186548,1.,      2025P   3626
0.707106781186548,1.,0.707106781186547,1.,53.8,0.,204.2,53.8,       2025P   3627
-53.8,204.2,3.29429988970638D-15,-53.8,204.2,-53.8,-53.8,204.2,     2025P   3628
-53.8,-6.58859977941276D-15,204.2,-53.8,53.8,204.2,                 2025P   3629
-9.88289966911914D-15,53.8,204.2,53.8,53.8,204.2,53.8,              2025P   3630
1.31771995588255D-14,204.2,0.,6.28318530717959,0.,0.,0.;            2025P   3631
126,8,2,0,1,0,0,-3.14159265358979,-3.14159265358979,                2027P   3632
-3.14159265358979,-1.5707963267949,-1.5707963267949,0.,0.,          2027P   3633
1.5707963267949,1.5707963267949,3.14159265358979,                   2027P   3634
3.14159265358979,3.14159265358979,1.,0.707106781186548,1.,          2027P   3635
0.707106781186548,1.,0.707106781186548,1.,0.707106781186548,1.,     2027P   3636
-44.,-5.38844591624835D-15,204.2,-44.,-44.,204.2,                   2027P   3637
2.69422295812418D-15,-44.,204.2,44.,-44.,204.2,44.,0.,204.2,44.,    2027P   3638
44.,204.2,2.69422295812418D-15,44.,204.2,-44.,44.,204.2,-44.,       2027P   3639
5.38844591624835D-15,204.2,-3.14159265358979,3.14159265358979,      2027P   3640
0.,0.,0.;                                                           2027P   3641
126,8,2,0,1,0,0,0.,0.,0.,1.5707963267949,1.5707963267949,           2029P   3642
3.14159265358979,3.14159265358979,4.71238898038469,                 2029P   3643
4.71238898038469,6.28318530717959,6.28318530717959,                 2029P   3644
6.28318530717959,1.,0.707106781186548,1.,0.707106781186548,1.,      2029P   3645
0.707106781186548,1.,0.707106781186547,1.,53.8,0.,217.8,53.8,       2029P   3646
-53.8,217.8,3.29429988970638D-15,-53.8,217.8,-53.8,-53.8,217.8,     2029P   3647
-53.8,-6.58859977941276D-15,217.8,-53.8,53.8,217.8,                 2029P   3648
-9.88289966911914D-15,53.8,217.8,53.8,53.8,217.8,53.8,              2029P   3649
1.31771995588255D-14,217.8,0.,6.28318530717959,0.,0.,0.;            2029P   3650
126,8,2,0,1,0,0,-3.14159265358979,-3.14159265358979,                2031P   3651
-3.14159265358979,-1.5707963267949,-1.5707963267949,0.,0.,          2031P   3652
1.5707963267949,1.5707963267949,3.14159265358979,                   2031P   3653
3.14159265358979,3.14159265358979,1.,0.707106781186548,1.,          2031P   3654
0.707106781186548,1.,0.707106781186548,1.,0.707106781186548,1.,     2031P   3655
-44.,5.38844591624835D-15,217.8,-44.,44.,217.8,                     2031P   3656
2.69422295812418D-15,44.,217.8,44.,44.,217.8,44.,0.,217.8,44.,      2031P   3657
-44.,217.8,2.69422295812418D-15,-44.,217.8,-44.,-44.,217.8,-44.,    2031P   3658
-5.38844591624835D-15,217.8,-3.14159265358979,3.14159265358979,     2031P   3659
0.,0.,0.;                                                           2031P   3660
126,4,2,0,0,0,0,-1.5707963267949,-1.5707963267949,                  2033P   3661
-1.5707963267949,0.,0.,1.5707963267949,1.5707963267949,             2033P   3662
1.5707963267949,1.,0.707106781186557,1.,0.707106781186557,1.,       2033P   3663
53.8,0.,217.8,55.5,0.,217.8,55.5,0.,216.1,55.5,0.,214.4,53.8,0.,    2033P   3664
214.4,-1.5707963267949,1.5707963267949,0.,0.,0.;                    2033P   3665
126,8,2,0,1,0,0,0.,0.,0.,1.5707963267949,1.5707963267949,           2035P   3666
3.14159265358979,3.14159265358979,4.71238898038469,                 2035P   3667
4.71238898038469,6.28318530717959,6.28318530717959,                 2035P   3668
6.28318530717959,1.,0.707106781186548,1.,0.707106781186548,1.,      2035P   3669
0.707106781186548,1.,0.707106781186547,1.,53.8,0.,214.4,53.8,       2035P   3670
-53.8,214.4,3.29429988970638D-15,-53.8,214.4,-53.8,-53.8,214.4,     2035P   3671
-53.8,-6.58859977941276D-15,214.4,-53.8,53.8,214.4,                 2035P   3672
-9.88289966911914D-15,53.8,214.4,53.8,53.8,214.4,53.8,              2035P   3673
1.31771995588255D-14,214.4,0.,6.28318530717959,0.,0.,0.;            2035P   3674
126,8,2,0,1,0,0,-3.14159265358979,-3.14159265358979,                2037P   3675
-3.14159265358979,-1.5707963267949,-1.5707963267949,0.,0.,          2037P   3676
1.5707963267949,1.5707963267949,3.14159265358979,                   2037P   3677
3.14159265358979,3.14159265358979,1.,0.707106781186548,1.,          2037P   3678
0.707106781186548,1.,0.707106781186548,1.,0.707106781186548,1.,     2037P   3679
-44.,-5.38844591624835D-15,214.4,-44.,-44.,214.4,                   2037P   3680
2.69422295812418D-15,-44.,214.4,44.,-44.,214.4,44.,0.,214.4,44.,    2037P   3681
44.,214.4,2.69422295812418D-15,44.,214.4,-44.,44.,214.4,-44.,       2037P   3682
5.38844591624835D-15,214.4,-3.14159265358979,3.14159265358979,      2037P   3683
0.,0.,0.;                                                           2037P   3684
126,1,1,0,0,1,0,0.809090909090909,0.809090909090909,                2039P   3685
0.963636363636364,0.963636363636364,1.,1.,-44.,0.,214.4,-44.,0.,    2039P   3686
207.6,0.809090909090909,0.963636363636364,0.,0.,0.;                 2039P   3687
126,1,1,0,0,1,0,1.04090909090909,1.04090909090909,                  2041P   3688
1.19545454545455,1.19545454545455,1.,1.,-44.,0.,204.2,-44.,0.,      2041P   3689
197.4,1.04090909090909,1.19545454545455,0.,0.,0.;                   2041P   3690
126,1,1,0,0,1,0,1.27272727272727,1.27272727272727,                  2043P   3691
1.42727272727273,1.42727272727273,1.,1.,-44.,0.,194.,-44.,0.,       2043P   3692
187.2,1.27272727272727,1.42727272727273,0.,0.,0.;                   2043P   3693
126,1,1,0,0,1,0,1.50454545454545,1.50454545454545,                  2045P   3694
1.65909090909091,1.65909090909091,1.,1.,-44.,0.,183.8,-44.,0.,      2045P   3695
177.,1.50454545454545,1.65909090909091,0.,0.,0.;                    2045P   3696
126,1,1,0,0,1,0,1.73636363636364,1.73636363636364,                  2047P   3697
1.89090909090909,1.89090909090909,1.,1.,-44.,0.,173.6,-44.,0.,      2047P   3698
166.8,1.73636363636364,1.89090909090909,0.,0.,0.;                   2047P   3699
126,1,1,0,0,1,0,1.96818181818182,1.96818181818182,                  2049P   3700
2.12272727272727,2.12272727272727,1.,1.,-44.,0.,163.4,-44.,0.,      2049P   3701
156.6,1.96818181818182,2.12272727272727,0.,0.,0.;                   2049P   3702
126,1,1,0,0,1,0,2.2,2.2,2.35454545454546,2.35454545454546,1.,1.,    2051P   3703
-44.,0.,153.2,-44.,0.,146.4,2.2,2.35454545454546,0.,0.,0.;          2051P   3704
126,1,1,0,0,1,0,2.43181818181818,2.43181818181818,                  2053P   3705
2.58636363636364,2.58636363636364,1.,1.,-44.,0.,143.,-44.,0.,       2053P   3706
136.2,2.43181818181818,2.58636363636364,0.,0.,0.;                   2053P   3707
126,1,1,0,0,1,0,2.66363636363636,2.66363636363636,                  2055P   3708
2.81818181818182,2.81818181818182,1.,1.,-44.,0.,132.8,-44.,0.,      2055P   3709
126.,2.66363636363636,2.81818181818182,0.,0.,0.;                    2055P   3710
126,1,1,0,0,1,0,2.89545454545455,2.89545454545455,3.05,3.05,1.,     2057P   3711
1.,-44.,0.,122.6,-44.,0.,115.8,2.89545454545455,3.05,0.,0.,0.;      2057P   3712
126,1,1,0,0,1,0,3.12727272727273,3.12727272727273,                  2059P   3713
3.28181818181818,3.28181818181818,1.,1.,-44.,0.,112.4,-44.,0.,      2059P   3714
105.6,3.12727272727273,3.28181818181818,0.,0.,0.;                   2059P   3715
126,1,1,0,0,1,0,3.35909090909091,3.35909090909091,                  2061P   3716
3.51363636363637,3.51363636363637,1.,1.,-44.,0.,102.2,-44.,0.,      2061P   3717
95.4,3.35909090909091,3.51363636363637,0.,0.,0.;                    2061P   3718
126,1,1,0,0,1,0,3.59090909090909,3.59090909090909,                  2063P   3719
3.74545454545455,3.74545454545455,1.,1.,-44.,0.,92.,-44.,0.,        2063P   3720
85.2,3.59090909090909,3.74545454545455,0.,0.,0.;                    2063P   3721
126,1,1,0,0,1,0,3.82272727272727,3.82272727272727,                  2065P   3722
3.97727272727273,3.97727272727273,1.,1.,-44.,0.,81.8,-44.,0.,       2065P   3723
75.,3.82272727272727,3.97727272727273,0.,0.,0.;                     2065P   3724
126,1,1,0,0,1,0,4.05454545454546,4.05454545454546,                  2067P   3725
4.20909090909091,4.20909090909091,1.,1.,-44.,0.,71.6,-44.,0.,       2067P   3726
64.8,4.05454545454546,4.20909090909091,0.,0.,0.;                    2067P   3727
126,1,1,0,0,1,0,4.28636363636364,4.28636363636364,                  2069P   3728
4.44090909090909,4.44090909090909,1.,1.,-44.,0.,61.4,-44.,0.,       2069P   3729
54.6,4.28636363636364,4.44090909090909,0.,0.,0.;                    2069P   3730
126,1,1,0,0,1,0,4.51818181818182,4.51818181818182,                  2071P   3731
4.67272727272727,4.67272727272727,1.,1.,-44.,0.,51.2,-44.,0.,       2071P   3732
44.4,4.51818181818182,4.67272727272727,0.,0.,0.;                    2071P   3733
126,1,1,0,0,1,0,4.75,4.75,4.90454545454546,4.90454545454546,1.,     2073P   3734
1.,-44.,0.,41.,-44.,0.,34.1999999999999,4.75,4.90454545454546,      2073P   3735
0.,0.,0.;                                                           2073P   3736
126,1,1,0,0,1,0,4.98181818181818,4.98181818181818,                  2075P   3737
5.13636363636364,5.13636363636364,1.,1.,-44.,0.,30.8,-44.,0.,       2075P   3738
24.,4.98181818181818,5.13636363636364,0.,0.,0.;                     2075P   3739
126,1,1,0,0,1,0,5.21363636363636,5.21363636363636,                  2077P   3740
5.63636363636364,5.63636363636364,1.,1.,-44.,0.,20.6,-44.,0.,       2077P   3741
1.99999999999999,5.21363636363636,5.63636363636364,0.,0.,0.;        2077P   3742
126,8,2,0,1,0,0,-3.14159265358979,-3.14159265358979,                2079P   3743
-3.14159265358979,-1.5707963267949,-1.5707963267949,0.,0.,          2079P   3744
1.5707963267949,1.5707963267949,3.14159265358979,                   2079P   3745
3.14159265358979,3.14159265358979,1.,0.707106781186548,1.,          2079P   3746
0.707106781186548,1.,0.707106781186548,1.,0.707106781186548,1.,     2079P   3747
-44.,-5.38844591624835D-15,1.99999999999999,-44.,-44.,              2079P   3748
1.99999999999999,2.69422295812418D-15,-44.,1.99999999999999,44.,    2079P   3749
-44.,1.99999999999999,44.,0.,1.99999999999999,44.,44.,              2079P   3750
1.99999999999999,2.69422295812418D-15,44.,1.99999999999999,-44.,    2079P   3751
44.,1.99999999999999,-44.,5.38844591624835D-15,1.99999999999999,    2079P   3752
-3.14159265358979,3.14159265358979,0.,0.,0.;                        2079P   3753
126,4,2,0,0,0,0,-1.5707963267949,-1.5707963267949,                  2081P   3754
-1.5707963267949,-1.55431223447522D-15,-1.55431223447522D-15,       2081P   3755
1.5707963267949,1.5707963267949,1.5707963267949,1.,                 2081P   3756
0.707106781186544,1.,0.707106781186543,1.,-53.8,0.,25.,-56.5,0.,    2081P   3757
25.,-56.5,0.,22.3,-56.5,0.,19.6,-53.8,0.,19.6,-1.5707963267949,     2081P   3758
1.5707963267949,0.,0.,0.;                                           2081P   3759
126,4,2,0,0,0,0,-1.5707963267949,-1.5707963267949,                  2083P   3760
-1.5707963267949,-1.55431223447522D-15,-1.55431223447522D-15,       2083P   3761
1.5707963267949,1.5707963267949,1.5707963267949,1.,                 2083P   3762
0.707106781186544,1.,0.707106781186545,1.,-53.8,0.,35.2,-56.5,      2083P   3763
0.,35.2,-56.5,0.,32.5,-56.5,0.,29.8,-53.8,0.,29.8,                  2083P   3764
-1.5707963267949,1.5707963267949,0.,0.,0.;                          2083P   3765
126,4,2,0,0,0,0,-1.5707963267949,-1.5707963267949,                  2085P   3766
-1.5707963267949,-1.55431223447522D-15,-1.55431223447522D-15,       2085P   3767
1.5707963267949,1.5707963267949,1.5707963267949,1.,                 2085P   3768
0.707106781186537,1.,0.707106781186543,1.,-53.8,0.,45.4,-56.5,      2085P   3769
0.,45.4,-56.5,0.,42.7,-56.5,0.,40.,-53.8,0.,40.,                    2085P   3770
-1.5707963267949,1.5707963267949,0.,0.,0.;                          2085P   3771
126,4,2,0,0,0,0,-1.5707963267949,-1.5707963267949,                  2087P   3772
-1.5707963267949,-1.55431223447522D-15,-1.55431223447522D-15,       2087P   3773
1.5707963267949,1.5707963267949,1.5707963267949,1.,                 2087P   3774
0.707106781186537,1.,0.70710678118654,1.,-53.8,0.,55.6,-56.5,0.,    2087P   3775
55.6,-56.5,0.,52.9,-56.5,0.,50.2,-53.8,0.,50.2,-1.5707963267949,    2087P   3776
1.5707963267949,0.,0.,0.;                                           2087P   3777
126,4,2,0,0,0,0,-1.5707963267949,-1.5707963267949,                  2089P   3778
-1.5707963267949,-1.55431223447522D-15,-1.55431223447522D-15,       2089P   3779
1.5707963267949,1.5707963267949,1.5707963267949,1.,                 2089P   3780
0.707106781186537,1.,0.70710678118654,1.,-53.8,0.,65.8,-56.5,0.,    2089P   3781
65.8,-56.5,0.,63.1,-56.5,0.,60.4,-53.8,0.,60.4,-1.5707963267949,    2089P   3782
1.5707963267949,0.,0.,0.;                                           2089P   3783
126,4,2,0,0,0,0,-1.5707963267949,-1.5707963267949,                  2091P   3784
-1.5707963267949,-1.55431223447522D-15,-1.55431223447522D-15,       2091P   3785
1.5707963267949,1.5707963267949,1.5707963267949,1.,                 2091P   3786
0.707106781186537,1.,0.70710678118654,1.,-53.8,0.,76.,-56.5,0.,     2091P   3787
76.,-56.5,0.,73.3,-56.5,0.,70.6,-53.8,0.,70.6,-1.5707963267949,     2091P   3788
1.5707963267949,0.,0.,0.;                                           2091P   3789
126,4,2,0,0,0,0,-1.5707963267949,-1.5707963267949,                  2093P   3790
-1.5707963267949,-1.55431223447522D-15,-1.55431223447522D-15,       2093P   3791
1.5707963267949,1.5707963267949,1.5707963267949,1.,                 2093P   3792
0.707106781186558,1.,0.707106781186537,1.,-53.8,0.,86.2,-56.5,      2093P   3793
0.,86.2,-56.5,0.,83.5,-56.5,0.,80.8,-53.8,0.,80.8,                  2093P   3794
-1.5707963267949,1.5707963267949,0.,0.,0.;                          2093P   3795
126,4,2,0,0,0,0,-1.5707963267949,-1.5707963267949,                  2095P   3796
-1.5707963267949,-1.55431223447522D-15,-1.55431223447522D-15,       2095P   3797
1.5707963267949,1.5707963267949,1.5707963267949,1.,                 2095P   3798
0.707106781186558,1.,0.707106781186537,1.,-53.8,0.,96.4,-56.5,      2095P   3799
0.,96.4,-56.5,0.,93.7,-56.5,0.,91.,-53.8,0.,91.,                    2095P   3800
-1.5707963267949,1.5707963267949,0.,0.,0.;                          2095P   3801
126,4,2,0,0,0,0,-1.5707963267949,-1.5707963267949,                  2097P   3802
-1.5707963267949,-1.55431223447522D-15,-1.55431223447522D-15,       2097P   3803
1.5707963267949,1.5707963267949,1.5707963267949,1.,                 2097P   3804
0.707106781186558,1.,0.707106781186537,1.,-53.8,0.,106.6,-56.5,     2097P   3805
0.,106.6,-56.5,0.,103.9,-56.5,0.,101.2,-53.8,0.,101.2,              2097P   3806
-1.5707963267949,1.5707963267949,0.,0.,0.;                          2097P   3807
126,4,2,0,0,0,0,-1.5707963267949,-1.5707963267949,                  2099P   3808
-1.5707963267949,-1.55431223447522D-15,-1.55431223447522D-15,       2099P   3809
1.5707963267949,1.5707963267949,1.5707963267949,1.,                 2099P   3810
0.707106781186558,1.,0.707106781186537,1.,-53.8,0.,116.8,-56.5,     2099P   3811
0.,116.8,-56.5,0.,114.1,-56.5,0.,111.4,-53.8,0.,111.4,              2099P   3812
-1.5707963267949,1.5707963267949,0.,0.,0.;                          2099P   3813
126,4,2,0,0,0,0,-1.5707963267949,-1.5707963267949,                  2101P   3814
-1.5707963267949,-1.55431223447522D-15,-1.55431223447522D-15,       2101P   3815
1.5707963267949,1.5707963267949,1.5707963267949,1.,                 2101P   3816
0.707106781186558,1.,0.707106781186537,1.,-53.8,0.,127.,-56.5,      2101P   3817
0.,127.,-56.5,0.,124.3,-56.5,0.,121.6,-53.8,0.,121.6,               2101P   3818
-1.5707963267949,1.5707963267949,0.,0.,0.;                          2101P   3819
126,4,2,0,0,0,0,-1.5707963267949,-1.5707963267949,                  2103P   3820
-1.5707963267949,-1.55431223447522D-15,-1.55431223447522D-15,       2103P   3821
1.5707963267949,1.5707963267949,1.5707963267949,1.,                 2103P   3822
0.707106781186558,1.,0.707106781186537,1.,-53.8,0.,137.2,-56.5,     2103P   3823
0.,137.2,-56.5,0.,134.5,-56.5,0.,131.8,-53.8,0.,131.8,              2103P   3824
-1.5707963267949,1.5707963267949,0.,0.,0.;                          2103P   3825
126,4,2,0,0,0,0,-1.5707963267949,-1.5707963267949,                  2105P   3826
-1.5707963267949,-1.55431223447522D-15,-1.55431223447522D-15,       2105P   3827
1.5707963267949,1.5707963267949,1.5707963267949,1.,                 2105P   3828
0.707106781186558,1.,0.707106781186537,1.,-53.8,0.,147.4,-56.5,     2105P   3829
0.,147.4,-56.5,0.,144.7,-56.5,0.,142.,-53.8,0.,142.,                2105P   3830
-1.5707963267949,1.5707963267949,0.,0.,0.;                          2105P   3831
126,4,2,0,0,0,0,-1.5707963267949,-1.5707963267949,                  2107P   3832
-1.5707963267949,-1.55431223447522D-15,-1.55431223447522D-15,       2107P   3833
1.5707963267949,1.5707963267949,1.5707963267949,1.,                 2107P   3834
0.707106781186558,1.,0.707106781186537,1.,-53.8,0.,157.6,-56.5,     2107P   3835
0.,157.6,-56.5,0.,154.9,-56.5,0.,152.2,-53.8,0.,152.2,              2107P   3836
-1.5707963267949,1.5707963267949,0.,0.,0.;                          2107P   3837
126,4,2,0,0,0,0,-1.5707963267949,-1.5707963267949,                  2109P   3838
-1.5707963267949,-1.55431223447522D-15,-1.55431223447522D-15,       2109P   3839
1.5707963267949,1.5707963267949,1.5707963267949,1.,                 2109P   3840
0.707106781186538,1.,0.707106781186537,1.,-53.8,0.,167.8,-56.5,     2109P   3841
0.,167.8,-56.5,0.,165.1,-56.5,0.,162.4,-53.8,0.,162.4,              2109P   3842
-1.5707963267949,1.5707963267949,0.,0.,0.;                          2109P   3843
126,4,2,0,0,0,0,-1.5707963267949,-1.5707963267949,                  2111P   3844
-1.5707963267949,-1.55431223447522D-15,-1.55431223447522D-15,       2111P   3845
1.5707963267949,1.5707963267949,1.5707963267949,1.,                 2111P   3846
0.707106781186538,1.,0.707106781186537,1.,-53.8,0.,178.,-56.5,      2111P   3847
0.,178.,-56.5,0.,175.3,-56.5,0.,172.6,-53.8,0.,172.6,               2111P   3848
-1.5707963267949,1.5707963267949,0.,0.,0.;                          2111P   3849
126,4,2,0,0,0,0,-1.5707963267949,-1.5707963267949,                  2113P   3850
-1.5707963267949,-1.55431223447522D-15,-1.55431223447522D-15,       2113P   3851
1.5707963267949,1.5707963267949,1.5707963267949,1.,                 2113P   3852
0.707106781186538,1.,0.707106781186537,1.,-53.8,0.,188.2,-56.5,     2113P   3853
0.,188.2,-56.5,0.,185.5,-56.5,0.,182.8,-53.8,0.,182.8,              2113P   3854
-1.5707963267949,1.5707963267949,0.,0.,0.;                          2113P   3855
126,4,2,0,0,0,0,-1.5707963267949,-1.5707963267949,                  2115P   3856
-1.5707963267949,-1.55431223447522D-15,-1.55431223447522D-15,       2115P   3857
1.5707963267949,1.5707963267949,1.5707963267949,1.,                 2115P   3858
0.707106781186538,1.,0.707106781186537,1.,-53.8,0.,198.4,-56.5,     2115P   3859
0.,198.4,-56.5,0.,195.7,-56.5,0.,193.,-53.8,0.,193.,                2115P   3860
-1.5707963267949,1.5707963267949,0.,0.,0.;                          2115P   3861
126,4,2,0,0,0,0,-1.5707963267949,-1.5707963267949,                  2117P   3862
-1.5707963267949,-1.55431223447522D-15,-1.55431223447522D-15,       2117P   3863
1.5707963267949,1.5707963267949,1.5707963267949,1.,                 2117P   3864
0.707106781186538,1.,0.707106781186537,1.,-53.8,0.,208.6,-56.5,     2117P   3865
0.,208.6,-56.5,0.,205.9,-56.5,0.,203.2,-53.8,0.,203.2,              2117P   3866
-1.5707963267949,1.5707963267949,0.,0.,0.;                          2117P   3867
126,4,2,0,0,0,0,-1.5707963267949,-1.5707963267949,                  2119P   3868
-1.5707963267949,-1.55431223447522D-15,-1.55431223447522D-15,       2119P   3869
1.5707963267949,1.5707963267949,1.5707963267949,1.,                 2119P   3870
0.707106781186538,1.,0.707106781186537,1.,-53.8,0.,218.8,-56.5,     2119P   3871
0.,218.8,-56.5,0.,216.1,-56.5,0.,213.4,-53.8,0.,213.4,              2119P   3872
-1.5707963267949,1.5707963267949,0.,0.,0.;                          2119P   3873
126,8,2,0,1,0,0,-3.14159265358979,-3.14159265358979,                2121P   3874
-3.14159265358979,-1.5707963267949,-1.5707963267949,0.,0.,          2121P   3875
1.5707963267949,1.5707963267949,3.14159265358979,                   2121P   3876
3.14159265358979,3.14159265358979,1.,0.707106781186548,1.,          2121P   3877
0.707106781186548,1.,0.707106781186548,1.,0.707106781186548,1.,     2121P   3878
-46.,5.63337527607782D-15,0.,-46.,46.,0.,2.81668763803891D-15,      2121P   3879
46.,0.,46.,46.,0.,46.,0.,0.,46.,-46.,0.,2.81668763803891D-15,       2121P   3880
-46.,0.,-46.,-46.,0.,-46.,-5.63337527607782D-15,0.,                 2121P   3881
-3.14159265358979,3.14159265358979,0.,0.,0.;                        2121P   3882
126,1,1,0,0,1,0,-0.0314269680527355,-0.0314269680527355,            2123P   3883
0.0314269680527354,0.0314269680527354,1.,1.,-46.,0.,                2123P   3884
-2.35922392732846D-15,-44.,0.,1.99999999999999,                     2123P   3885
-0.0314269680527355,0.0314269680527354,0.,0.,0.;                    2123P   3886
126,8,2,0,1,0,0,-3.14159265358979,-3.14159265358979,                2125P   3887
-3.14159265358979,-1.5707963267949,-1.5707963267949,0.,0.,          2125P   3888
1.5707963267949,1.5707963267949,3.14159265358979,                   2125P   3889
3.14159265358979,3.14159265358979,1.,0.707106781186548,1.,          2125P   3890
0.707106781186548,1.,0.707106781186548,1.,0.707106781186548,1.,     2125P   3891
-44.,5.38844591624835D-15,224.6,-44.,44.,224.6,                     2125P   3892
2.69422295812418D-15,44.,224.6,44.,44.,224.6,44.,0.,224.6,44.,      2125P   3893
-44.,224.6,2.69422295812418D-15,-44.,224.6,-44.,-44.,224.6,-44.,    2125P   3894
-5.38844591624835D-15,224.6,-3.14159265358979,3.14159265358979,     2125P   3895
0.,0.,0.;                                                           2125P   3896
126,1,1,0,0,1,0,0.577272727272727,0.577272727272727,                2127P   3897
0.731818181818183,0.731818181818183,1.,1.,-44.,0.,224.6,-44.,0.,    2127P   3898
217.8,0.577272727272727,0.731818181818183,0.,0.,0.;                 2127P   3899
126,4,2,0,0,0,0,0.,0.,0.,1.5707963267949,1.5707963267949,           2129P   3900
3.14159265358979,3.14159265358979,3.14159265358979,1.,              2129P   3901
0.707106781186548,1.,0.707106781186548,1.,100.,0.,0.,100.,100.,     2129P   3902
0.,6.12323399573677D-15,100.,0.,-100.,100.,0.,-100.,                2129P   3903
1.22464679914735D-14,0.,0.,3.14159265358979,0.,0.,0.;               2129P   3904
126,4,2,0,0,0,0,3.14159265358979,3.14159265358979,                  2131P   3905
3.14159265358979,4.71238898038469,4.71238898038469,                 2131P   3906
6.28318530717959,6.28318530717959,6.28318530717959,1.,              2131P   3907
0.707106781186548,1.,0.707106781186548,1.,-100.,                    2131P   3908
1.22464679914735D-14,0.,-100.,-100.,0.,-1.83697019872103D-14,       2131P   3909
-100.,0.,100.,-100.,0.,100.,-2.44929359829471D-14,0.,               2131P   3910
3.14159265358979,6.28318530717959,0.,0.,0.;                         2131P   3911
126,4,2,0,0,0,0,0.,0.,0.,1.5707963267949,1.5707963267949,           2133P   3912
3.14159265358979,3.14159265358979,3.14159265358979,1.,              2133P   3913
0.707106781186547,1.,0.707106781186547,1.,-7.5,73.,0.,-7.5,65.5,    2133P   3914
0.,-4.59242549680257D-16,65.5,0.,7.5,65.5,0.,7.5,73.,0.,0.,         2133P   3915
3.14159265358979,0.,0.,0.;                                          2133P   3916
126,4,2,0,0,0,0,3.14159265358979,3.14159265358979,                  2135P   3917
3.14159265358979,4.71238898038469,4.71238898038469,                 2135P   3918
6.28318530717959,6.28318530717959,6.28318530717959,1.,              2135P   3919
0.707106781186547,1.,0.707106781186547,1.,7.5,73.,0.,7.5,80.5,      2135P   3920
0.,1.37772764904077D-15,80.5,0.,-7.5,80.5,0.,-7.5,73.,0.,           2135P   3921
3.14159265358979,6.28318530717959,0.,0.,0.;                         2135P   3922
126,4,2,0,0,0,0,0.,0.,0.,1.5707963267949,1.5707963267949,           2137P   3923
3.14159265358979,3.14159265358979,3.14159265358979,1.,              2137P   3924
0.707106781186549,1.,0.707106781186549,1.,-56.9220958855171,        2137P   3925
46.3154941677189,0.,-51.618795026618,41.0121933088198,0.,           2137P   3926
-46.3154941677189,46.3154941677189,0.,-41.0121933088198,            2137P   3927
51.618795026618,0.,-46.3154941677189,56.9220958855171,0.,0.,        2137P   3928
3.14159265358979,0.,0.,0.;                                          2137P   3929
126,4,2,0,0,0,0,3.14159265358979,3.14159265358979,                  2139P   3930
3.14159265358979,4.71238898038469,4.71238898038469,                 2139P   3931
6.28318530717959,6.28318530717959,6.28318530717959,1.,              2139P   3932
0.707106781186549,1.,0.707106781186549,1.,-46.3154941677189,        2139P   3933
56.9220958855171,0.,-51.618795026618,62.2253967444162,0.,           2139P   3934
-56.9220958855171,56.9220958855171,0.,-62.2253967444162,            2139P   3935
51.618795026618,0.,-56.9220958855171,46.3154941677189,0.,           2139P   3936
3.14159265358979,6.28318530717959,0.,0.,0.;                         2139P   3937
126,4,2,0,0,0,0,1.1842378929335D-15,1.1842378929335D-15,            2141P   3938
1.1842378929335D-15,1.5707963267949,1.5707963267949,                2141P   3939
3.14159265358979,3.14159265358979,3.14159265358979,1.,              2141P   3940
0.707106781186548,1.,0.707106781186549,1.,-73.,-7.5,0.,-65.5,       2141P   3941
-7.49999999999999,0.,-65.5,4.53676106113295D-15,0.,-65.5,7.5,0.,    2141P   3942
-73.,7.5,0.,1.1842378929335D-15,3.14159265358979,0.,0.,0.;          2141P   3943
126,4,2,0,0,0,0,3.14159265358979,3.14159265358979,                  2143P   3944
3.14159265358979,4.71238898038469,4.71238898038469,                 2143P   3945
6.28318530717959,6.28318530717959,6.28318530717959,1.,              2143P   3946
0.707106781186545,1.,0.707106781186546,1.,-73.,7.5,0.,-80.5,7.5,    2143P   3947
0.,-80.5,1.37772764904077D-15,0.,-80.5,-7.5,0.,-73.,-7.5,0.,        2143P   3948
3.14159265358979,6.28318530717959,0.,0.,0.;                         2143P   3949
126,4,2,0,0,0,0,1.97372982155583D-16,1.97372982155583D-16,          2145P   3950
1.97372982155583D-16,1.5707963267949,1.5707963267949,               2145P   3951
3.14159265358979,3.14159265358979,3.14159265358979,1.,              2145P   3952
0.707106781186549,1.,0.707106781186549,1.,-46.3154941677189,        2145P   3953
-56.9220958855171,0.,-41.0121933088198,-51.618795026618,0.,         2145P   3954
-46.3154941677189,-46.3154941677189,0.,-51.618795026618,            2145P   3955
-41.0121933088198,0.,-56.9220958855171,-46.3154941677189,0.,        2145P   3956
1.97372982155583D-16,3.14159265358979,0.,0.,0.;                     2145P   3957
126,4,2,0,0,0,0,3.14159265358979,3.14159265358979,                  2147P   3958
3.14159265358979,4.71238898038469,4.71238898038469,                 2147P   3959
6.28318530717959,6.28318530717959,6.28318530717959,1.,              2147P   3960
0.707106781186549,1.,0.707106781186549,1.,-56.9220958855171,        2147P   3961
-46.3154941677189,0.,-62.2253967444162,-51.618795026618,0.,         2147P   3962
-56.9220958855171,-56.9220958855171,0.,-51.618795026618,            2147P   3963
-62.2253967444162,0.,-46.3154941677189,-56.9220958855171,0.,        2147P   3964
3.14159265358979,6.28318530717959,0.,0.,0.;                         2147P   3965
126,4,2,0,0,0,0,1.25825276124184D-15,1.25825276124184D-15,          2149P   3966
1.25825276124184D-15,1.5707963267949,1.5707963267949,               2149P   3967
3.14159265358979,3.14159265358979,3.14159265358979,1.,              2149P   3968
0.707106781186549,1.,0.707106781186547,1.,7.5,-73.,0.,              2149P   3969
7.49999999999999,-65.5,0.,-8.42254164732099D-15,-65.5,0.,-7.5,      2149P   3970
-65.5,0.,-7.5,-73.,0.,1.25825276124184D-15,3.14159265358979,0.,     2149P   3971
0.,0.;                                                              2149P   3972
126,4,2,0,0,0,0,3.14159265358979,3.14159265358979,                  2151P   3973
3.14159265358979,4.71238898038469,4.71238898038469,                 2151P   3974
6.28318530717959,6.28318530717959,6.28318530717959,1.,              2151P   3975
0.707106781186547,1.,0.707106781186548,1.,-7.5,-73.,0.,             2151P   3976
-7.50000000000001,-80.5,0.,-6.37373125985398D-15,-80.5,0.,7.5,      2151P   3977
-80.5,0.,7.5,-73.,0.,3.14159265358979,6.28318530717959,0.,0.,0.;    2151P   3978
126,4,2,0,0,0,0,1.97372982155583D-16,1.97372982155583D-16,          2153P   3979
1.97372982155583D-16,1.5707963267949,1.5707963267949,               2153P   3980
3.14159265358979,3.14159265358979,3.14159265358979,1.,              2153P   3981
0.707106781186549,1.,0.707106781186549,1.,56.9220958855171,         2153P   3982
-46.3154941677189,0.,51.618795026618,-41.0121933088198,0.,          2153P   3983
46.3154941677189,-46.3154941677189,0.,41.0121933088198,             2153P   3984
-51.618795026618,0.,46.3154941677189,-56.9220958855171,0.,          2153P   3985
1.97372982155583D-16,3.14159265358979,0.,0.,0.;                     2153P   3986
126,4,2,0,0,0,0,3.14159265358979,3.14159265358979,                  2155P   3987
3.14159265358979,4.71238898038469,4.71238898038469,                 2155P   3988
6.28318530717959,6.28318530717959,6.28318530717959,1.,              2155P   3989
0.707106781186549,1.,0.707106781186549,1.,46.3154941677189,         2155P   3990
-56.9220958855171,0.,51.618795026618,-62.2253967444162,0.,          2155P   3991
56.9220958855171,-56.9220958855171,0.,62.2253967444162,             2155P   3992
-51.618795026618,0.,56.9220958855171,-46.3154941677189,0.,          2155P   3993
3.14159265358979,6.28318530717959,0.,0.,0.;                         2155P   3994
126,4,2,0,0,0,0,1.25825276124184D-15,1.25825276124184D-15,          2157P   3995
1.25825276124184D-15,1.5707963267949,1.5707963267949,               2157P   3996
3.14159265358979,3.14159265358979,3.14159265358979,1.,              2157P   3997
0.707106781186549,1.,0.707106781186547,1.,73.,7.5,0.,65.5,          2157P   3998
7.49999999999999,0.,65.5,-8.42254164732099D-15,0.,65.5,-7.5,0.,     2157P   3999
73.,-7.5,0.,1.25825276124184D-15,3.14159265358979,0.,0.,0.;         2157P   4000
126,4,2,0,0,0,0,3.14159265358979,3.14159265358979,                  2159P   4001
3.14159265358979,4.71238898038469,4.71238898038469,                 2159P   4002
6.28318530717959,6.28318530717959,6.28318530717959,1.,              2159P   4003
0.707106781186547,1.,0.707106781186548,1.,73.,-7.5,0.,80.5,         2159P   4004
-7.50000000000001,0.,80.5,-6.37373125985398D-15,0.,80.5,7.5,0.,     2159P   4005
73.,7.5,0.,3.14159265358979,6.28318530717959,0.,0.,0.;              2159P   4006
126,4,2,0,0,0,0,1.97372982155583D-16,1.97372982155583D-16,          2161P   4007
1.97372982155583D-16,1.5707963267949,1.5707963267949,               2161P   4008
3.14159265358979,3.14159265358979,3.14159265358979,1.,              2161P   4009
0.707106781186549,1.,0.707106781186549,1.,46.3154941677189,         2161P   4010
56.9220958855171,0.,41.0121933088198,51.618795026618,0.,            2161P   4011
46.3154941677189,46.3154941677189,0.,51.618795026618,               2161P   4012
41.0121933088198,0.,56.9220958855171,46.3154941677189,0.,           2161P   4013
1.97372982155583D-16,3.14159265358979,0.,0.,0.;                     2161P   4014
126,4,2,0,0,0,0,3.14159265358979,3.14159265358979,                  2163P   4015
3.14159265358979,4.71238898038469,4.71238898038469,                 2163P   4016
6.28318530717959,6.28318530717959,6.28318530717959,1.,              2163P   4017
0.707106781186549,1.,0.707106781186549,1.,56.9220958855171,         2163P   4018
46.3154941677189,0.,62.2253967444162,51.618795026618,0.,            2163P   4019
56.9220958855171,56.9220958855171,0.,51.618795026618,               2163P   4020
62.2253967444162,0.,46.3154941677189,56.9220958855171,0.,           2163P   4021
3.14159265358979,6.28318530717959,0.,0.,0.;                         2163P   4022
126,8,2,0,1,0,0,-3.14159265358979,-3.14159265358979,                2165P   4023
-3.14159265358979,-1.5707963267949,-1.5707963267949,0.,0.,          2165P   4024
1.5707963267949,1.5707963267949,3.14159265358979,                   2165P   4025
3.14159265358979,3.14159265358979,1.,0.707106781186548,1.,          2165P   4026
0.707106781186548,1.,0.707106781186548,1.,0.707106781186548,1.,     2165P   4027
46.,5.63337527607782D-15,250.,46.,46.,250.,                         2165P   4028
-2.81668763803891D-15,46.,250.,-46.,46.,250.,-46.,0.,250.,-46.,     2165P   4029
-46.,250.,-2.81668763803891D-15,-46.,250.,46.,-46.,250.,46.,        2165P   4030
-5.63337527607782D-15,250.,-3.14159265358979,3.14159265358979,      2165P   4031
0.,0.,0.;                                                           2165P   4032
126,1,1,0,0,1,0,-0.0314269680527358,-0.0314269680527358,            2167P   4033
0.0314269680527351,0.0314269680527351,1.,1.,46.,0.,250.,44.,0.,     2167P   4034
248.,-0.0314269680527358,0.0314269680527351,0.,0.,0.;               2167P   4035
126,4,2,0,0,0,0,-3.14159265358979,-3.14159265358979,                2169P   4036
-3.14159265358979,-1.5707963267949,-1.5707963267949,0.,0.,0.,1.,    2169P   4037
0.707106781186548,1.,0.707106781186548,1.,44.,                      2169P   4038
-5.38844591624835D-15,248.,44.,-44.,248.,-2.69422295812418D-15,     2169P   4039
-44.,248.,-44.,-44.,248.,-44.,0.,248.,-3.14159265358979,0.,0.,      2169P   4040
0.,0.;                                                              2169P   4041
126,4,2,0,0,0,0,0.,0.,0.,1.5707963267949,1.5707963267949,           2171P   4042
3.14159265358979,3.14159265358979,3.14159265358979,1.,              2171P   4043
0.707106781186548,1.,0.707106781186548,1.,-44.,0.,248.,-44.,44.,    2171P   4044
248.,-2.69422295812418D-15,44.,248.,44.,44.,248.,44.,               2171P   4045
5.38844591624835D-15,248.,0.,3.14159265358979,0.,0.,0.;             2171P   4046
126,1,1,0,0,1,0,0.0454545454545453,0.0454545454545453,              2173P   4047
0.500000000000001,0.500000000000001,1.,1.,-44.,0.,248.,-44.,0.,     2173P   4048
228.,0.0454545454545453,0.500000000000001,0.,0.,0.;                 2173P   4049
126,8,2,0,1,0,0,-3.14159265358979,-3.14159265358979,                2175P   4050
-3.14159265358979,-1.5707963267949,-1.5707963267949,0.,0.,          2175P   4051
1.5707963267949,1.5707963267949,3.14159265358979,                   2175P   4052
3.14159265358979,3.14159265358979,1.,0.707106781186548,1.,          2175P   4053
0.707106781186548,1.,0.707106781186548,1.,0.707106781186548,1.,     2175P   4054
-44.,-5.38844591624835D-15,228.,-44.,-44.,228.,                     2175P   4055
2.69422295812418D-15,-44.,228.,44.,-44.,228.,44.,0.,228.,44.,       2175P   4056
44.,228.,2.69422295812418D-15,44.,228.,-44.,44.,228.,-44.,          2175P   4057
5.38844591624835D-15,228.,-3.14159265358979,3.14159265358979,0.,    2175P   4058
0.,0.;                                                              2175P   4059
126,4,2,0,0,0,0,0.,0.,0.,1.5707963267949,1.5707963267949,           2177P   4060
3.14159265358979,3.14159265358979,3.14159265358979,1.,              2177P   4061
0.707106781186548,1.,0.707106781186548,1.,100.,0.,250.,100.,        2177P   4062
100.,250.,6.12323399573677D-15,100.,250.,-100.,100.,250.,-100.,     2177P   4063
1.22464679914735D-14,250.,0.,3.14159265358979,0.,0.,0.;             2177P   4064
126,4,2,0,0,0,0,3.14159265358979,3.14159265358979,                  2179P   4065
3.14159265358979,4.71238898038469,4.71238898038469,                 2179P   4066
6.28318530717959,6.28318530717959,6.28318530717959,1.,              2179P   4067
0.707106781186548,1.,0.707106781186548,1.,-100.,                    2179P   4068
1.22464679914735D-14,250.,-100.,-100.,250.,                         2179P   4069
-1.83697019872103D-14,-100.,250.,100.,-100.,250.,100.,              2179P   4070
-2.44929359829471D-14,250.,3.14159265358979,6.28318530717959,0.,    2179P   4071
0.,0.;                                                              2179P   4072
126,8,2,0,1,0,0,-3.14159265358979,-3.14159265358979,                2181P   4073
-3.14159265358979,-1.5707963267949,-1.5707963267949,0.,0.,          2181P   4074
1.5707963267949,1.5707963267949,3.14159265358979,                   2181P   4075
3.14159265358979,3.14159265358979,1.,0.707106781186547,1.,          2181P   4076
0.707106781186547,1.,0.707106781186547,1.,0.707106781186547,1.,     2181P   4077
7.5,73.,250.,7.5,65.5,250.,-4.59242549680257D-16,65.5,250.,-7.5,    2181P   4078
65.5,250.,-7.5,73.,250.,-7.5,80.5,250.,-4.59242549680257D-16,       2181P   4079
80.5,250.,7.5,80.5,250.,7.5,73.,250.,-3.14159265358979,             2181P   4080
3.14159265358979,0.,0.,0.;                                          2181P   4081
126,8,2,0,1,0,0,-3.14159265358979,-3.14159265358979,                2183P   4082
-3.14159265358979,-1.5707963267949,-1.5707963267949,0.,0.,          2183P   4083
1.5707963267949,1.5707963267949,3.14159265358979,                   2183P   4084
3.14159265358979,3.14159265358979,1.,0.707106781186549,1.,          2183P   4085
0.707106781186549,1.,0.707106781186549,1.,0.707106781186549,1.,     2183P   4086
-46.3154941677189,56.9220958855171,250.,-41.0121933088198,          2183P   4087
51.618795026618,250.,-46.3154941677189,46.3154941677189,250.,       2183P   4088
-51.618795026618,41.0121933088198,250.,-56.9220958855171,           2183P   4089
46.3154941677189,250.,-62.2253967444162,51.618795026618,250.,       2183P   4090
-56.9220958855171,56.9220958855171,250.,-51.618795026618,           2183P   4091
62.2253967444162,250.,-46.3154941677189,56.9220958855171,250.,      2183P   4092
-3.14159265358979,3.14159265358979,0.,0.,0.;                        2183P   4093
126,8,2,0,1,0,0,-3.14159265358979,-3.14159265358979,                2185P   4094
-3.14159265358979,-1.5707963267949,-1.5707963267949,                2185P   4095
8.88178419700125D-16,8.88178419700125D-16,1.5707963267949,          2185P   4096
1.5707963267949,3.14159265358979,3.14159265358979,                  2185P   4097
3.14159265358979,1.,0.707106781186548,1.,0.707106781186549,1.,      2185P   4098
0.707106781186547,1.,0.707106781186548,1.,-73.,7.5,250.,-65.5,      2185P   4099
7.49999999999999,250.,-65.5,-8.78591523436893D-15,250.,-65.5,       2185P   4100
-7.50000000000001,250.,-73.,-7.5,250.,-80.5,-7.49999999999999,      2185P   4101
250.,-80.5,7.86743013500842D-15,250.,-80.5,7.50000000000001,        2185P   4102
250.,-73.,7.5,250.,-3.14159265358979,3.14159265358979,0.,0.,0.;     2185P   4103
126,8,2,0,1,0,0,-3.14159265358979,-3.14159265358979,                2187P   4104
-3.14159265358979,-1.5707963267949,-1.5707963267949,0.,0.,          2187P   4105
1.5707963267949,1.5707963267949,3.14159265358979,                   2187P   4106
3.14159265358979,3.14159265358979,1.,0.707106781186549,1.,          2187P   4107
0.707106781186549,1.,0.707106781186549,1.,0.707106781186549,1.,     2187P   4108
-56.9220958855171,-46.3154941677189,250.,-51.618795026618,          2187P   4109
-41.0121933088198,250.,-46.3154941677189,-46.3154941677189,250.,    2187P   4110
-41.0121933088198,-51.618795026618,250.,-46.3154941677189,          2187P   4111
-56.9220958855171,250.,-51.618795026618,-62.2253967444162,250.,     2187P   4112
-56.9220958855171,-56.9220958855171,250.,-62.2253967444162,         2187P   4113
-51.618795026618,250.,-56.9220958855171,-46.3154941677189,250.,     2187P   4114
-3.14159265358979,3.14159265358979,0.,0.,0.;                        2187P   4115
126,8,2,0,1,0,0,-3.14159265358979,-3.14159265358979,                2189P   4116
-3.14159265358979,-1.5707963267949,-1.5707963267949,0.,0.,          2189P   4117
1.5707963267949,1.5707963267949,3.14159265358979,                   2189P   4118
3.14159265358979,3.14159265358979,1.,0.707106781186547,1.,          2189P   4119
0.707106781186547,1.,0.707106781186547,1.,0.707106781186547,1.,     2189P   4120
-7.5,-73.,250.,-7.5,-65.5,250.,-3.42653803650779D-15,-65.5,250.,    2189P   4121
7.5,-65.5,250.,7.5,-73.,250.,7.5,-80.5,250.,                        2189P   4122
-4.53676106113295D-15,-80.5,250.,-7.5,-80.5,250.,-7.5,-73.,250.,    2189P   4123
-3.14159265358979,3.14159265358979,0.,0.,0.;                        2189P   4124
126,8,2,0,1,0,0,-3.14159265358979,-3.14159265358979,                2191P   4125
-3.14159265358979,-1.5707963267949,-1.5707963267949,0.,0.,          2191P   4126
1.5707963267949,1.5707963267949,3.14159265358979,                   2191P   4127
3.14159265358979,3.14159265358979,1.,0.707106781186549,1.,          2191P   4128
0.707106781186549,1.,0.707106781186549,1.,0.707106781186549,1.,     2191P   4129
46.3154941677189,-56.9220958855171,250.,41.0121933088198,           2191P   4130
-51.618795026618,250.,46.3154941677189,-46.3154941677189,250.,      2191P   4131
51.618795026618,-41.0121933088198,250.,56.9220958855171,            2191P   4132
-46.3154941677189,250.,62.2253967444162,-51.618795026618,250.,      2191P   4133
56.9220958855171,-56.9220958855171,250.,51.618795026618,            2191P   4134
-62.2253967444162,250.,46.3154941677189,-56.9220958855171,250.,     2191P   4135
-3.14159265358979,3.14159265358979,0.,0.,0.;                        2191P   4136
126,8,2,0,1,0,0,-3.14159265358979,-3.14159265358979,                2193P   4137
-3.14159265358979,-1.5707963267949,-1.5707963267949,0.,0.,          2193P   4138
1.5707963267949,1.5707963267949,3.14159265358979,                   2193P   4139
3.14159265358979,3.14159265358979,1.,0.707106781186547,1.,          2193P   4140
0.707106781186547,1.,0.707106781186547,1.,0.707106781186547,1.,     2193P   4141
73.,-7.5,250.,65.5,-7.5,250.,65.5,-3.42653803650779D-15,250.,       2193P   4142
65.5,7.5,250.,73.,7.5,250.,80.5,7.5,250.,80.5,                      2193P   4143
-4.53676106113295D-15,250.,80.5,-7.5,250.,73.,-7.5,250.,            2193P   4144
-3.14159265358979,3.14159265358979,0.,0.,0.;                        2193P   4145
126,8,2,0,1,0,0,-3.14159265358979,-3.14159265358979,                2195P   4146
-3.14159265358979,-1.5707963267949,-1.5707963267949,0.,0.,          2195P   4147
1.5707963267949,1.5707963267949,3.14159265358979,                   2195P   4148
3.14159265358979,3.14159265358979,1.,0.707106781186549,1.,          2195P   4149
0.707106781186549,1.,0.707106781186549,1.,0.707106781186549,1.,     2195P   4150
56.9220958855171,46.3154941677189,250.,51.618795026618,             2195P   4151
41.0121933088198,250.,46.3154941677189,46.3154941677189,250.,       2195P   4152
41.0121933088198,51.618795026618,250.,46.3154941677189,             2195P   4153
56.9220958855171,250.,51.618795026618,62.2253967444162,250.,        2195P   4154
56.9220958855171,56.9220958855171,250.,62.2253967444162,            2195P   4155
51.618795026618,250.,56.9220958855171,46.3154941677189,250.,        2195P   4156
-3.14159265358979,3.14159265358979,0.,0.,0.;                        2195P   4157
126,2,2,0,0,0,0,-3.14159265358979,-3.14159265358979,                2197P   4158
-3.14159265358979,-1.5707963267949,-1.5707963267949,                2197P   4159
-1.5707963267949,1.,0.707106781186547,1.,2.77076338307089D-15,      2197P   4160
45.25,229.,-45.25,45.25,229.,-45.25,-4.50599160671589D-15,229.,     2197P   4161
-3.14159265358979,-1.5707963267949,0.,0.,0.;                        2197P   4162
126,2,2,0,0,0,0,1.57079632679489,1.57079632679489,                  2199P   4163
1.57079632679489,3.14159265358979,3.14159265358979,                 2199P   4164
3.14159265358979,1.,0.707106781186517,1.,-45.25,0.,229.,-44.25,     2199P   4165
0.,229.,-44.25,0.,230.,1.57079632679489,3.14159265358979,0.,0.,     2199P   4166
0.;                                                                 2199P   4167
126,2,2,0,0,0,0,1.5707963267949,1.5707963267949,1.5707963267949,    2201P   4168
3.14159265358979,3.14159265358979,3.14159265358979,1.,              2201P   4169
0.707106781186548,1.,-44.25,-4.4064116817056D-15,230.,-44.25,       2201P   4170
44.25,230.,2.70953104311352D-15,44.25,230.,1.5707963267949,         2201P   4171
3.14159265358979,0.,0.,0.;                                          2201P   4172
126,6,2,0,0,0,0,-3.14159265358979,-3.14159265358979,                2203P   4173
-3.14159265358979,-1.5707963267949,-1.5707963267949,                2203P   4174
-1.48029736616688D-16,-1.48029736616688D-16,1.5707963267949,        2203P   4175
1.5707963267949,1.5707963267949,1.,0.707106781186548,1.,            2203P   4176
0.707106781186547,1.,0.707106781186547,1.,1.35476552155676D-14,     2203P   4177
44.25,230.,44.25,44.25,230.,44.25,-1.08381241724541D-14,230.,       2203P   4178
44.25,-44.25,230.,-1.57827728405213D-15,-44.25,230.,-44.25,         2203P   4179
-44.25,230.,-44.25,-4.4064116817056D-15,230.,-3.14159265358979,     2203P   4180
1.5707963267949,0.,0.,0.;                                           2203P   4181
126,6,2,0,0,0,0,-1.5707963267949,-1.5707963267949,                  2205P   4182
-1.5707963267949,1.48029736616688D-16,1.48029736616688D-16,         2205P   4183
1.5707963267949,1.5707963267949,3.14159265358979,                   2205P   4184
3.14159265358979,3.14159265358979,1.,0.707106781186548,1.,          2205P   4185
0.707106781186548,1.,0.707106781186548,1.,-45.25,                   2205P   4186
-4.50599160671589D-15,229.,-45.25,-45.25,229.,                      2205P   4187
-1.61394456730755D-15,-45.25,229.,45.25,-45.25,229.,45.25,          2205P   4188
-1.10830535322835D-14,229.,45.25,45.25,229.,                        2205P   4189
1.38538169153544D-14,45.25,229.,-1.5707963267949,                   2205P   4190
3.14159265358979,0.,0.,0.;                                          2205P   4191
126,4,2,0,0,0,0,0.,0.,0.,1.5707963267949,1.5707963267949,           2207P   4192
3.14159265358979,3.14159265358979,3.14159265358979,1.,              2207P   4193
0.707106781186548,1.,0.707106781186548,1.,44.25,0.,234.,44.25,      2207P   4194
44.25,234.,2.70953104311352D-15,44.25,234.,-44.25,44.25,234.,       2207P   4195
-44.25,5.41906208622704D-15,234.,0.,3.14159265358979,0.,0.,0.;      2207P   4196
126,4,2,0,0,0,0,3.14159265358979,3.14159265358979,                  2209P   4197
3.14159265358979,4.71238898038469,4.71238898038469,                 2209P   4198
6.28318530717959,6.28318530717959,6.28318530717959,1.,              2209P   4199
0.707106781186548,1.,0.707106781186547,1.,-44.25,                   2209P   4200
5.41906208622704D-15,234.,-44.25,-44.25,234.,                       2209P   4201
-8.12859312934056D-15,-44.25,234.,44.25,-44.25,234.,44.25,          2209P   4202
-1.08381241724541D-14,234.,3.14159265358979,6.28318530717959,0.,    2209P   4203
0.,0.;                                                              2209P   4204
126,1,1,0,0,1,0,-4.92655367231638,-4.92655367231638,                2211P   4205
-4.83615819209039,-4.83615819209039,1.,1.,-44.25,0.,234.,-44.25,    2211P   4206
0.,230.,-4.92655367231638,-4.83615819209039,0.,0.,0.;               2211P   4207
126,2,2,0,0,0,0,1.5707963267949,1.5707963267949,1.5707963267949,    2213P   4208
3.14159265358979,3.14159265358979,3.14159265358979,1.,              2213P   4209
0.707106781186548,1.,3.29429988970638D-15,53.8,229.,-53.8,53.8,     2213P   4210
229.,-53.8,6.58859977941276D-15,229.,1.5707963267949,               2213P   4211
3.14159265358979,0.,0.,0.;                                          2213P   4212
126,6,2,0,0,0,0,3.14159265358979,3.14159265358979,                  2215P   4213
3.14159265358979,4.71238898038469,4.71238898038469,                 2215P   4214
6.28318530717959,6.28318530717959,7.85398163397448,                 2215P   4215
7.85398163397448,7.85398163397448,1.,0.707106781186548,1.,          2215P   4216
0.707106781186547,1.,0.707106781186548,1.,-53.8,                    2215P   4217
6.58859977941276D-15,229.,-53.8,-53.8,229.,                         2215P   4218
-9.88289966911914D-15,-53.8,229.,53.8,-53.8,229.,53.8,              2215P   4219
-1.31771995588255D-14,229.,53.8,53.8,229.,1.64714994485319D-14,     2215P   4220
53.8,229.,3.14159265358979,7.85398163397448,0.,0.,0.;               2215P   4221
126,2,2,0,0,0,0,-3.14159265358979,-3.14159265358979,                2217P   4222
-3.14159265358979,-1.57079632679489,-1.57079632679489,              2217P   4223
-1.57079632679489,1.,0.707106781186525,1.,-44.25,0.,222.6,          2217P   4224
-44.25,0.,223.6,-45.25,0.,223.6,-3.14159265358979,                  2217P   4225
-1.57079632679489,0.,0.,0.;                                         2217P   4226
126,2,2,0,0,0,0,1.5707963267949,1.5707963267949,1.5707963267949,    2219P   4227
3.14159265358979,3.14159265358979,3.14159265358979,1.,              2219P   4228
0.707106781186547,1.,-45.25,-4.50599160671589D-15,223.6,-45.25,     2219P   4229
45.25,223.6,2.77076338307089D-15,45.25,223.6,1.5707963267949,       2219P   4230
3.14159265358979,0.,0.,0.;                                          2219P   4231
126,6,2,0,0,0,0,-3.14159265358979,-3.14159265358979,                2221P   4232
-3.14159265358979,-1.5707963267949,-1.5707963267949,                2221P   4233
-1.48029736616688D-16,-1.48029736616688D-16,1.5707963267949,        2221P   4234
1.5707963267949,1.5707963267949,1.,0.707106781186548,1.,            2221P   4235
0.707106781186548,1.,0.707106781186548,1.,1.38538169153544D-14,     2221P   4236
45.25,223.6,45.25,45.25,223.6,45.25,-1.10830535322835D-14,223.6,    2221P   4237
45.25,-45.25,223.6,-1.61394456730755D-15,-45.25,223.6,-45.25,       2221P   4238
-45.25,223.6,-45.25,-4.50599160671589D-15,223.6,                    2221P   4239
-3.14159265358979,1.5707963267949,0.,0.,0.;                         2221P   4240
126,2,2,0,0,0,0,1.5707963267949,1.5707963267949,1.5707963267949,    2223P   4241
3.14159265358979,3.14159265358979,3.14159265358979,1.,              2223P   4242
0.707106781186548,1.,3.29429988970638D-15,53.8,223.6,-53.8,53.8,    2223P   4243
223.6,-53.8,6.58859977941276D-15,223.6,1.5707963267949,             2223P   4244
3.14159265358979,0.,0.,0.;                                          2223P   4245
126,6,2,0,0,0,0,3.14159265358979,3.14159265358979,                  2225P   4246
3.14159265358979,4.71238898038469,4.71238898038469,                 2225P   4247
6.28318530717959,6.28318530717959,7.85398163397448,                 2225P   4248
7.85398163397448,7.85398163397448,1.,0.707106781186548,1.,          2225P   4249
0.707106781186547,1.,0.707106781186548,1.,-53.8,                    2225P   4250
6.58859977941276D-15,223.6,-53.8,-53.8,223.6,                       2225P   4251
-9.88289966911914D-15,-53.8,223.6,53.8,-53.8,223.6,53.8,            2225P   4252
-1.31771995588255D-14,223.6,53.8,53.8,223.6,                        2225P   4253
1.64714994485319D-14,53.8,223.6,3.14159265358979,                   2225P   4254
7.85398163397448,0.,0.,0.;                                          2225P   4255
126,1,1,0,0,1,0,-50.3322295684717,-50.3322295684717,                2227P   4256
-48.1988962351383,-48.1988962351383,1.,1.,56.9220958855171,         2227P   4257
46.3154941677189,0.,56.9220958855171,46.3154941677189,16.,          2227P   4258
-50.3322295684717,-48.1988962351383,0.,0.,0.;                       2227P   4259
126,8,2,0,1,0,0,-3.14159265358979,-3.14159265358979,                2229P   4260
-3.14159265358979,-1.5707963267949,-1.5707963267949,0.,0.,          2229P   4261
1.5707963267949,1.5707963267949,3.14159265358979,                   2229P   4262
3.14159265358979,3.14159265358979,1.,0.707106781186549,1.,          2229P   4263
0.707106781186549,1.,0.707106781186549,1.,0.707106781186549,1.,     2229P   4264
56.9220958855171,46.3154941677189,16.,51.618795026618,              2229P   4265
41.0121933088198,16.,46.3154941677189,46.3154941677189,16.,         2229P   4266
41.0121933088198,51.618795026618,16.,46.3154941677189,              2229P   4267
56.9220958855171,16.,51.618795026618,62.2253967444162,16.,          2229P   4268
56.9220958855171,56.9220958855171,16.,62.2253967444162,             2229P   4269
51.618795026618,16.,56.9220958855171,46.3154941677189,16.,          2229P   4270
-3.14159265358979,3.14159265358979,0.,0.,0.;                        2229P   4271
126,8,2,0,1,0,0,-3.14159265358979,-3.14159265358979,                2231P   4272
-3.14159265358979,-1.5707963267949,-1.5707963267949,0.,0.,          2231P   4273
1.5707963267949,1.5707963267949,3.14159265358979,                   2231P   4274
3.14159265358979,3.14159265358979,1.,0.707106781186549,1.,          2231P   4275
0.707106781186549,1.,0.707106781186549,1.,0.707106781186549,1.,     2231P   4276
56.9220958855171,46.3154941677189,234.,62.2253967444162,            2231P   4277
51.618795026618,234.,56.9220958855171,56.9220958855171,234.,        2231P   4278
51.618795026618,62.2253967444162,234.,46.3154941677189,             2231P   4279
56.9220958855171,234.,41.0121933088198,51.618795026618,234.,        2231P   4280
46.3154941677189,46.3154941677189,234.,51.618795026618,             2231P   4281
41.0121933088198,234.,56.9220958855171,46.3154941677189,234.,       2231P   4282
-3.14159265358979,3.14159265358979,0.,0.,0.;                        2231P   4283
126,1,1,0,0,1,0,-19.1322295684717,-19.1322295684717,                2233P   4284
-16.9988962351383,-16.9988962351383,1.,1.,56.9220958855171,         2233P   4285
46.3154941677189,234.,56.9220958855171,46.3154941677189,250.,       2233P   4286
-19.1322295684717,-16.9988962351383,0.,0.,0.;                       2233P   4287
126,1,1,0,0,1,0,-50.3322295684717,-50.3322295684717,                2235P   4288
-48.1988962351383,-48.1988962351383,1.,1.,73.,-7.5,0.,73.,-7.5,     2235P   4289
16.,-50.3322295684717,-48.1988962351383,0.,0.,0.;                   2235P   4290
126,8,2,0,1,0,0,-3.14159265358979,-3.14159265358979,                2237P   4291
-3.14159265358979,-1.5707963267949,-1.5707963267949,0.,0.,          2237P   4292
1.5707963267949,1.5707963267949,3.14159265358979,                   2237P   4293
3.14159265358979,3.14159265358979,1.,0.707106781186547,1.,          2237P   4294
0.707106781186547,1.,0.707106781186547,1.,0.707106781186547,1.,     2237P   4295
73.,-7.5,16.,65.5,-7.5,16.,65.5,-3.42653803650779D-15,16.,65.5,     2237P   4296
7.5,16.,73.,7.5,16.,80.5,7.5,16.,80.5,-4.53676106113295D-15,16.,    2237P   4297
80.5,-7.5,16.,73.,-7.5,16.,-3.14159265358979,3.14159265358979,      2237P   4298
0.,0.,0.;                                                           2237P   4299
126,8,2,0,1,0,0,-3.14159265358979,-3.14159265358979,                2239P   4300
-3.14159265358979,-1.5707963267949,-1.5707963267949,0.,0.,          2239P   4301
1.5707963267949,1.5707963267949,3.14159265358979,                   2239P   4302
3.14159265358979,3.14159265358979,1.,0.707106781186547,1.,          2239P   4303
0.707106781186547,1.,0.707106781186547,1.,0.707106781186547,1.,     2239P   4304
73.,-7.5,234.,80.5,-7.5,234.,80.5,-4.53676106113295D-15,234.,       2239P   4305
80.5,7.5,234.,73.,7.5,234.,65.5,7.5,234.,65.5,                      2239P   4306
-3.42653803650779D-15,234.,65.5,-7.5,234.,73.,-7.5,234.,            2239P   4307
-3.14159265358979,3.14159265358979,0.,0.,0.;                        2239P   4308
126,1,1,0,0,1,0,-19.1322295684717,-19.1322295684717,                2241P   4309
-16.9988962351383,-16.9988962351383,1.,1.,73.,-7.5,234.,73.,        2241P   4310
-7.5,250.,-19.1322295684717,-16.9988962351383,0.,0.,0.;             2241P   4311
126,1,1,0,0,1,0,-50.3322295684717,-50.3322295684717,                2243P   4312
-48.1988962351383,-48.1988962351383,1.,1.,46.3154941677189,         2243P   4313
-56.9220958855171,0.,46.3154941677189,-56.9220958855171,16.,        2243P   4314
-50.3322295684717,-48.1988962351383,0.,0.,0.;                       2243P   4315
126,8,2,0,1,0,0,-3.14159265358979,-3.14159265358979,                2245P   4316
-3.14159265358979,-1.5707963267949,-1.5707963267949,0.,0.,          2245P   4317
1.5707963267949,1.5707963267949,3.14159265358979,                   2245P   4318
3.14159265358979,3.14159265358979,1.,0.707106781186549,1.,          2245P   4319
0.707106781186549,1.,0.707106781186549,1.,0.707106781186549,1.,     2245P   4320
46.3154941677189,-56.9220958855171,16.,41.0121933088198,            2245P   4321
-51.618795026618,16.,46.3154941677189,-46.3154941677189,16.,        2245P   4322
51.618795026618,-41.0121933088198,16.,56.9220958855171,             2245P   4323
-46.3154941677189,16.,62.2253967444162,-51.618795026618,16.,        2245P   4324
56.9220958855171,-56.9220958855171,16.,51.618795026618,             2245P   4325
-62.2253967444162,16.,46.3154941677189,-56.9220958855171,16.,       2245P   4326
-3.14159265358979,3.14159265358979,0.,0.,0.;                        2245P   4327
126,8,2,0,1,0,0,-3.14159265358979,-3.14159265358979,                2247P   4328
-3.14159265358979,-1.5707963267949,-1.5707963267949,0.,0.,          2247P   4329
1.5707963267949,1.5707963267949,3.14159265358979,                   2247P   4330
3.14159265358979,3.14159265358979,1.,0.707106781186549,1.,          2247P   4331
0.707106781186549,1.,0.707106781186549,1.,0.707106781186549,1.,     2247P   4332
46.3154941677189,-56.9220958855171,234.,51.618795026618,            2247P   4333
-62.2253967444162,234.,56.9220958855171,-56.9220958855171,234.,     2247P   4334
62.2253967444162,-51.618795026618,234.,56.9220958855171,            2247P   4335
-46.3154941677189,234.,51.618795026618,-41.0121933088198,234.,      2247P   4336
46.3154941677189,-46.3154941677189,234.,41.0121933088198,           2247P   4337
-51.618795026618,234.,46.3154941677189,-56.9220958855171,234.,      2247P   4338
-3.14159265358979,3.14159265358979,0.,0.,0.;                        2247P   4339
126,1,1,0,0,1,0,-19.1322295684717,-19.1322295684717,                2249P   4340
-16.9988962351383,-16.9988962351383,1.,1.,46.3154941677189,         2249P   4341
-56.9220958855171,234.,46.3154941677189,-56.9220958855171,250.,     2249P   4342
-19.1322295684717,-16.9988962351383,0.,0.,0.;                       2249P   4343
126,1,1,0,0,1,0,-50.3322295684717,-50.3322295684717,                2251P   4344
-48.1988962351383,-48.1988962351383,1.,1.,-7.5,-73.,0.,-7.5,        2251P   4345
-73.,16.,-50.3322295684717,-48.1988962351383,0.,0.,0.;              2251P   4346
126,8,2,0,1,0,0,-3.14159265358979,-3.14159265358979,                2253P   4347
-3.14159265358979,-1.5707963267949,-1.5707963267949,0.,0.,          2253P   4348
1.5707963267949,1.5707963267949,3.14159265358979,                   2253P   4349
3.14159265358979,3.14159265358979,1.,0.707106781186547,1.,          2253P   4350
0.707106781186547,1.,0.707106781186547,1.,0.707106781186547,1.,     2253P   4351
-7.5,-73.,16.,-7.5,-65.5,16.,-3.42653803650779D-15,-65.5,16.,       2253P   4352
7.5,-65.5,16.,7.5,-73.,16.,7.5,-80.5,16.,-4.53676106113295D-15,     2253P   4353
-80.5,16.,-7.5,-80.5,16.,-7.5,-73.,16.,-3.14159265358979,           2253P   4354
3.14159265358979,0.,0.,0.;                                          2253P   4355
126,8,2,0,1,0,0,-3.14159265358979,-3.14159265358979,                2255P   4356
-3.14159265358979,-1.5707963267949,-1.5707963267949,0.,0.,          2255P   4357
1.5707963267949,1.5707963267949,3.14159265358979,                   2255P   4358
3.14159265358979,3.14159265358979,1.,0.707106781186547,1.,          2255P   4359
0.707106781186547,1.,0.707106781186547,1.,0.707106781186547,1.,     2255P   4360
-7.5,-73.,234.,-7.5,-80.5,234.,-4.53676106113295D-15,-80.5,234.,    2255P   4361
7.5,-80.5,234.,7.5,-73.,234.,7.5,-65.5,234.,                        2255P   4362
-3.42653803650779D-15,-65.5,234.,-7.5,-65.5,234.,-7.5,-73.,234.,    2255P   4363
-3.14159265358979,3.14159265358979,0.,0.,0.;                        2255P   4364
126,1,1,0,0,1,0,-19.1322295684717,-19.1322295684717,                2257P   4365
-16.9988962351383,-16.9988962351383,1.,1.,-7.5,-73.,234.,-7.5,      2257P   4366
-73.,250.,-19.1322295684717,-16.9988962351383,0.,0.,0.;             2257P   4367
126,1,1,0,0,1,0,-50.3322295684717,-50.3322295684717,                2259P   4368
-48.1988962351383,-48.1988962351383,1.,1.,-56.9220958855171,        2259P   4369
-46.3154941677189,0.,-56.9220958855171,-46.3154941677189,16.,       2259P   4370
-50.3322295684717,-48.1988962351383,0.,0.,0.;                       2259P   4371
126,8,2,0,1,0,0,-3.14159265358979,-3.14159265358979,                2261P   4372
-3.14159265358979,-1.5707963267949,-1.5707963267949,0.,0.,          2261P   4373
1.5707963267949,1.5707963267949,3.14159265358979,                   2261P   4374
3.14159265358979,3.14159265358979,1.,0.707106781186549,1.,          2261P   4375
0.707106781186549,1.,0.707106781186549,1.,0.707106781186549,1.,     2261P   4376
-56.9220958855171,-46.3154941677189,16.,-51.618795026618,           2261P   4377
-41.0121933088198,16.,-46.3154941677189,-46.3154941677189,16.,      2261P   4378
-41.0121933088198,-51.618795026618,16.,-46.3154941677189,           2261P   4379
-56.9220958855171,16.,-51.618795026618,-62.2253967444162,16.,       2261P   4380
-56.9220958855171,-56.9220958855171,16.,-62.2253967444162,          2261P   4381
-51.618795026618,16.,-56.9220958855171,-46.3154941677189,16.,       2261P   4382
-3.14159265358979,3.14159265358979,0.,0.,0.;                        2261P   4383
126,8,2,0,1,0,0,-3.14159265358979,-3.14159265358979,                2263P   4384
-3.14159265358979,-1.5707963267949,-1.5707963267949,0.,0.,          2263P   4385
1.5707963267949,1.5707963267949,3.14159265358979,                   2263P   4386
3.14159265358979,3.14159265358979,1.,0.707106781186549,1.,          2263P   4387
0.707106781186549,1.,0.707106781186549,1.,0.707106781186549,1.,     2263P   4388
-56.9220958855171,-46.3154941677189,234.,-62.2253967444162,         2263P   4389
-51.618795026618,234.,-56.9220958855171,-56.9220958855171,234.,     2263P   4390
-51.618795026618,-62.2253967444162,234.,-46.3154941677189,          2263P   4391
-56.9220958855171,234.,-41.0121933088198,-51.618795026618,234.,     2263P   4392
-46.3154941677189,-46.3154941677189,234.,-51.618795026618,          2263P   4393
-41.0121933088198,234.,-56.9220958855171,-46.3154941677189,234.,    2263P   4394
-3.14159265358979,3.14159265358979,0.,0.,0.;                        2263P   4395
126,1,1,0,0,1,0,-19.1322295684717,-19.1322295684717,                2265P   4396
-16.9988962351383,-16.9988962351383,1.,1.,-56.9220958855171,        2265P   4397
-46.3154941677189,234.,-56.9220958855171,-46.3154941677189,250.,    2265P   4398
-19.1322295684717,-16.9988962351383,0.,0.,0.;                       2265P   4399
126,1,1,0,0,1,0,-50.3322295684717,-50.3322295684717,                2267P   4400
-48.1988962351383,-48.1988962351383,1.,1.,-73.,7.5,0.,-73.,7.5,     2267P   4401
16.,-50.3322295684717,-48.1988962351383,0.,0.,0.;                   2267P   4402
126,8,2,0,1,0,0,-3.14159265358979,-3.14159265358979,                2269P   4403
-3.14159265358979,-1.5707963267949,-1.5707963267949,                2269P   4404
8.88178419700125D-16,8.88178419700125D-16,1.5707963267949,          2269P   4405
1.5707963267949,3.14159265358979,3.14159265358979,                  2269P   4406
3.14159265358979,1.,0.707106781186548,1.,0.707106781186549,1.,      2269P   4407
0.707106781186547,1.,0.707106781186548,1.,-73.,7.5,16.,-65.5,       2269P   4408
7.49999999999999,16.,-65.5,-8.78591523436893D-15,16.,-65.5,         2269P   4409
-7.50000000000001,16.,-73.,-7.5,16.,-80.5,-7.49999999999999,16.,    2269P   4410
-80.5,7.86743013500842D-15,16.,-80.5,7.50000000000001,16.,-73.,     2269P   4411
7.5,16.,-3.14159265358979,3.14159265358979,0.,0.,0.;                2269P   4412
126,8,2,0,1,0,0,-3.14159265358979,-3.14159265358979,                2271P   4413
-3.14159265358979,-1.5707963267949,-1.5707963267949,                2271P   4414
-8.88178419700125D-16,-8.88178419700125D-16,1.5707963267949,        2271P   4415
1.5707963267949,3.14159265358979,3.14159265358979,                  2271P   4416
3.14159265358979,1.,0.707106781186548,1.,0.707106781186547,1.,      2271P   4417
0.707106781186549,1.,0.707106781186548,1.,-73.,7.5,234.,-80.5,      2271P   4418
7.50000000000001,234.,-80.5,7.86743013500842D-15,234.,-80.5,        2271P   4419
-7.49999999999999,234.,-73.,-7.5,234.,-65.5,-7.50000000000001,      2271P   4420
234.,-65.5,-8.78591523436893D-15,234.,-65.5,7.49999999999999,       2271P   4421
234.,-73.,7.5,234.,-3.14159265358979,3.14159265358979,0.,0.,0.;     2271P   4422
126,1,1,0,0,1,0,-19.1322295684717,-19.1322295684717,                2273P   4423
-16.9988962351383,-16.9988962351383,1.,1.,-73.,7.5,234.,-73.,       2273P   4424
7.5,250.,-19.1322295684717,-16.9988962351383,0.,0.,0.;              2273P   4425
126,1,1,0,0,1,0,-50.3322295684717,-50.3322295684717,                2275P   4426
-48.1988962351383,-48.1988962351383,1.,1.,-46.3154941677189,        2275P   4427
56.9220958855171,0.,-46.3154941677189,56.9220958855171,16.,         2275P   4428
-50.3322295684717,-48.1988962351383,0.,0.,0.;                       2275P   4429
126,8,2,0,1,0,0,-3.14159265358979,-3.14159265358979,                2277P   4430
-3.14159265358979,-1.5707963267949,-1.5707963267949,0.,0.,          2277P   4431
1.5707963267949,1.5707963267949,3.14159265358979,                   2277P   4432
3.14159265358979,3.14159265358979,1.,0.707106781186549,1.,          2277P   4433
0.707106781186549,1.,0.707106781186549,1.,0.707106781186549,1.,     2277P   4434
-46.3154941677189,56.9220958855171,16.,-41.0121933088198,           2277P   4435
51.618795026618,16.,-46.3154941677189,46.3154941677189,16.,         2277P   4436
-51.618795026618,41.0121933088198,16.,-56.9220958855171,            2277P   4437
46.3154941677189,16.,-62.2253967444162,51.618795026618,16.,         2277P   4438
-56.9220958855171,56.9220958855171,16.,-51.618795026618,            2277P   4439
62.2253967444162,16.,-46.3154941677189,56.9220958855171,16.,        2277P   4440
-3.14159265358979,3.14159265358979,0.,0.,0.;                        2277P   4441
126,8,2,0,1,0,0,-3.14159265358979,-3.14159265358979,                2279P   4442
-3.14159265358979,-1.5707963267949,-1.5707963267949,0.,0.,          2279P   4443
1.5707963267949,1.5707963267949,3.14159265358979,                   2279P   4444
3.14159265358979,3.14159265358979,1.,0.707106781186549,1.,          2279P   4445
0.707106781186549,1.,0.707106781186549,1.,0.707106781186549,1.,     2279P   4446
-46.3154941677189,56.9220958855171,234.,-51.618795026618,           2279P   4447
62.2253967444162,234.,-56.9220958855171,56.9220958855171,234.,      2279P   4448
-62.2253967444162,51.618795026618,234.,-56.9220958855171,           2279P   4449
46.3154941677189,234.,-51.618795026618,41.0121933088198,234.,       2279P   4450
-46.3154941677189,46.3154941677189,234.,-41.0121933088198,          2279P   4451
51.618795026618,234.,-46.3154941677189,56.9220958855171,234.,       2279P   4452
-3.14159265358979,3.14159265358979,0.,0.,0.;                        2279P   4453
126,1,1,0,0,1,0,-19.1322295684717,-19.1322295684717,                2281P   4454
-16.9988962351383,-16.9988962351383,1.,1.,-46.3154941677189,        2281P   4455
56.9220958855171,234.,-46.3154941677189,56.9220958855171,250.,      2281P   4456
-19.1322295684717,-16.9988962351383,0.,0.,0.;                       2281P   4457
126,1,1,0,0,1,0,-50.3322295684717,-50.3322295684717,                2283P   4458
-48.1988962351383,-48.1988962351383,1.,1.,7.5,73.,0.,7.5,73.,       2283P   4459
16.,-50.3322295684717,-48.1988962351383,0.,0.,0.;                   2283P   4460
126,8,2,0,1,0,0,-3.14159265358979,-3.14159265358979,                2285P   4461
-3.14159265358979,-1.5707963267949,-1.5707963267949,0.,0.,          2285P   4462
1.5707963267949,1.5707963267949,3.14159265358979,                   2285P   4463
3.14159265358979,3.14159265358979,1.,0.707106781186547,1.,          2285P   4464
0.707106781186547,1.,0.707106781186547,1.,0.707106781186547,1.,     2285P   4465
7.5,73.,16.,7.5,65.5,16.,-4.59242549680257D-16,65.5,16.,-7.5,       2285P   4466
65.5,16.,-7.5,73.,16.,-7.5,80.5,16.,-4.59242549680257D-16,80.5,     2285P   4467
16.,7.5,80.5,16.,7.5,73.,16.,-3.14159265358979,3.14159265358979,    2285P   4468
0.,0.,0.;                                                           2285P   4469
126,8,2,0,1,0,0,-3.14159265358979,-3.14159265358979,                2287P   4470
-3.14159265358979,-1.5707963267949,-1.5707963267949,0.,0.,          2287P   4471
1.5707963267949,1.5707963267949,3.14159265358979,                   2287P   4472
3.14159265358979,3.14159265358979,1.,0.707106781186547,1.,          2287P   4473
0.707106781186547,1.,0.707106781186547,1.,0.707106781186547,1.,     2287P   4474
7.5,73.,234.,7.5,80.5,234.,-4.59242549680257D-16,80.5,234.,-7.5,    2287P   4475
80.5,234.,-7.5,73.,234.,-7.5,65.5,234.,-4.59242549680257D-16,       2287P   4476
65.5,234.,7.5,65.5,234.,7.5,73.,234.,-3.14159265358979,             2287P   4477
3.14159265358979,0.,0.,0.;                                          2287P   4478
126,1,1,0,0,1,0,-19.1322295684717,-19.1322295684717,                2289P   4479
-16.9988962351383,-16.9988962351383,1.,1.,7.5,73.,234.,7.5,73.,     2289P   4480
250.,-19.1322295684717,-16.9988962351383,0.,0.,0.;                  2289P   4481
126,8,2,0,1,0,0,0.,0.,0.,1.5707963267949,1.5707963267949,           2291P   4482
3.14159265358979,3.14159265358979,4.71238898038469,                 2291P   4483
4.71238898038469,6.28318530717959,6.28318530717959,                 2291P   4484
6.28318530717959,1.,0.707106781186548,1.,0.707106781186548,1.,      2291P   4485
0.707106781186548,1.,0.707106781186547,1.,53.8,0.,228.,53.8,        2291P   4486
-53.8,228.,3.29429988970638D-15,-53.8,228.,-53.8,-53.8,228.,        2291P   4487
-53.8,-6.58859977941276D-15,228.,-53.8,53.8,228.,                   2291P   4488
-9.88289966911914D-15,53.8,228.,53.8,53.8,228.,53.8,                2291P   4489
1.31771995588255D-14,228.,0.,6.28318530717959,0.,0.,0.;             2291P   4490
126,4,2,0,0,0,0,-1.5707963267949,-1.5707963267949,                  2293P   4491
-1.5707963267949,0.,0.,1.5707963267949,1.5707963267949,             2293P   4492
1.5707963267949,1.,0.707106781186557,1.,0.707106781186557,1.,       2293P   4493
53.8,0.,228.,55.5,0.,228.,55.5,0.,226.3,55.5,0.,224.6,53.8,0.,      2293P   4494
224.6,-1.5707963267949,1.5707963267949,0.,0.,0.;                    2293P   4495
126,8,2,0,1,0,0,0.,0.,0.,1.5707963267949,1.5707963267949,           2295P   4496
3.14159265358979,3.14159265358979,4.71238898038469,                 2295P   4497
4.71238898038469,6.28318530717959,6.28318530717959,                 2295P   4498
6.28318530717959,1.,0.707106781186548,1.,0.707106781186548,1.,      2295P   4499
0.707106781186548,1.,0.707106781186547,1.,53.8,0.,224.6,53.8,       2295P   4500
-53.8,224.6,3.29429988970638D-15,-53.8,224.6,-53.8,-53.8,224.6,     2295P   4501
-53.8,-6.58859977941276D-15,224.6,-53.8,53.8,224.6,                 2295P   4502
-9.88289966911914D-15,53.8,224.6,53.8,53.8,224.6,53.8,              2295P   4503
1.31771995588255D-14,224.6,0.,6.28318530717959,0.,0.,0.;            2295P   4504
126,4,2,0,0,0,0,0.,0.,0.,1.5707963267949,1.5707963267949,           2297P   4505
3.14159265358979,3.14159265358979,3.14159265358979,1.,              2297P   4506
0.707106781186548,1.,0.707106781186548,1.,100.,0.,234.,100.,        2297P   4507
100.,234.,6.12323399573677D-15,100.,234.,-100.,100.,234.,-100.,     2297P   4508
1.22464679914735D-14,234.,0.,3.14159265358979,0.,0.,0.;             2297P   4509
126,4,2,0,0,0,0,3.14159265358979,3.14159265358979,                  2299P   4510
3.14159265358979,4.71238898038469,4.71238898038469,                 2299P   4511
6.28318530717959,6.28318530717959,6.28318530717959,1.,              2299P   4512
0.707106781186548,1.,0.707106781186548,1.,-100.,                    2299P   4513
1.22464679914735D-14,234.,-100.,-100.,234.,                         2299P   4514
-1.83697019872103D-14,-100.,234.,100.,-100.,234.,100.,              2299P   4515
-2.44929359829471D-14,234.,3.14159265358979,6.28318530717959,0.,    2299P   4516
0.,0.;                                                              2299P   4517
126,1,1,0,0,1,0,-0.16,-0.16,0.,0.,1.,1.,-100.,0.,234.,-100.,0.,     2301P   4518
250.,-0.16,0.,0.,0.,0.;                                             2301P   4519
126,4,2,0,0,0,0,0.,0.,0.,1.5707963267949,1.5707963267949,           2303P   4520
3.14159265358979,3.14159265358979,3.14159265358979,1.,              2303P   4521
0.707106781186548,1.,0.707106781186548,1.,100.,0.,16.,100.,100.,    2303P   4522
16.,6.12323399573677D-15,100.,16.,-100.,100.,16.,-100.,             2303P   4523
1.22464679914735D-14,16.,0.,3.14159265358979,0.,0.,0.;              2303P   4524
126,4,2,0,0,0,0,3.14159265358979,3.14159265358979,                  2305P   4525
3.14159265358979,4.71238898038469,4.71238898038469,                 2305P   4526
6.28318530717959,6.28318530717959,6.28318530717959,1.,              2305P   4527
0.707106781186548,1.,0.707106781186548,1.,-100.,                    2305P   4528
1.22464679914735D-14,16.,-100.,-100.,16.,-1.83697019872103D-14,     2305P   4529
-100.,16.,100.,-100.,16.,100.,-2.44929359829471D-14,16.,            2305P   4530
3.14159265358979,6.28318530717959,0.,0.,0.;                         2305P   4531
126,1,1,0,0,1,0,-0.16,-0.16,0.,0.,1.,1.,-100.,0.,16.,-100.,0.,      2307P   4532
0.,-0.16,0.,0.,0.,0.;                                               2307P   4533
126,4,2,0,0,0,0,-1.5707963267949,-1.5707963267949,                  2309P   4534
-1.5707963267949,-1.55431223447522D-15,-1.55431223447522D-15,       2309P   4535
1.5707963267949,1.5707963267949,1.5707963267949,1.,                 2309P   4536
0.707106781186538,1.,0.707106781186537,1.,-53.8,0.,229.,-56.5,      2309P   4537
0.,229.,-56.5,0.,226.3,-56.5,0.,223.6,-53.8,0.,223.6,               2309P   4538
-1.5707963267949,1.5707963267949,0.,0.,0.;                          2309P   4539
128,2,8,2,2,0,1,0,0,1,-3.14159265358979,-3.14159265358979,          2311P   4540
-3.14159265358979,-1.57079632679489,-1.57079632679489,              2311P   4541
-1.57079632679489,-3.14159265358979,-3.14159265358979,              2311P   4542
-3.14159265358979,-1.5707963267949,-1.5707963267949,0.,0.,          2311P   4543
1.5707963267949,1.5707963267949,3.14159265358979,                   2311P   4544
3.14159265358979,3.14159265358979,1.,0.70710678118654,1.,           2311P   4545
0.707106781186548,0.499999999999994,0.707106781186548,1.,           2311P   4546
0.70710678118654,1.,0.707106781186548,0.499999999999994,            2311P   4547
0.707106781186548,1.,0.70710678118654,1.,0.707106781186548,         2311P   4548
0.499999999999994,0.707106781186548,1.,0.70710678118654,1.,         2311P   4549
0.707106781186548,0.499999999999994,0.707106781186548,1.,           2311P   4550
0.70710678118654,1.,-44.25,0.,26.,-44.25,0.,25.,-45.25,0.,25.,      2311P   4551
-44.25,-44.25,26.,-44.25,-44.25,25.,-45.25,-45.25,25.,0.,-44.25,    2311P   4552
26.,0.,-44.25,25.,0.,-45.25,25.,44.25,-44.25,26.,44.25,-44.25,      2311P   4553
25.,45.25,-45.25,25.,44.25,0.,26.,44.25,0.,25.,45.25,0.,25.,        2311P   4554
44.25,44.25,26.,44.25,44.25,25.,45.25,45.25,25.,0.,44.25,26.,0.,    2311P   4555
44.25,25.,0.,45.25,25.,-44.25,44.25,26.,-44.25,44.25,25.,-45.25,    2311P   4556
45.25,25.,-44.25,0.,26.,-44.25,0.,25.,-45.25,0.,25.,                2311P   4557
-3.14159265358979,-1.57079632679489,-3.14159265358979,              2311P   4558
3.14159265358979;                                                   2311P   4559
128,1,8,1,2,0,1,0,0,1,0.225988700564971,0.225988700564971,          2313P   4560
0.289265536723164,0.289265536723164,-3.14159265358979,              2313P   4561
-3.14159265358979,-3.14159265358979,-1.5707963267949,               2313P   4562
-1.5707963267949,0.,0.,1.5707963267949,1.5707963267949,             2313P   4563
3.14159265358979,3.14159265358979,3.14159265358979,1.,1.,           2313P   4564
0.707106781186548,0.707106781186548,1.,1.,0.707106781186548,        2313P   4565
0.707106781186548,1.,1.,0.707106781186548,0.707106781186548,1.,     2313P   4566
1.,0.707106781186548,0.707106781186548,1.,1.,-44.25,0.,28.8,        2313P   4567
-44.25,0.,26.,-44.25,-44.25,28.8,-44.25,-44.25,26.,0.,-44.25,       2313P   4568
28.8,0.,-44.25,26.,44.25,-44.25,28.8,44.25,-44.25,26.,44.25,0.,     2313P   4569
28.8,44.25,0.,26.,44.25,44.25,28.8,44.25,44.25,26.,0.,44.25,        2313P   4570
28.8,0.,44.25,26.,-44.25,44.25,28.8,-44.25,44.25,26.,-44.25,0.,     2313P   4571
28.8,-44.25,0.,26.,0.225988700564971,0.289265536723164,             2313P   4572
-3.14159265358979,3.14159265358979;                                 2313P   4573
128,1,1,1,1,0,0,1,0,0,-5.381,-5.381,5.381,5.381,-9.806,-9.806,      2315P   4574
0.955999999999999,0.955999999999999,1.,1.,1.,1.,-53.81,-53.81,      2315P   4575
25.,53.81,-53.81,25.,-53.81,53.81,25.,53.81,53.81,25.,-5.381,       2315P   4576
5.381,-9.806,0.955999999999999;                                     2315P   4577
128,2,8,2,2,0,1,0,0,1,-3.14159265358979,-3.14159265358979,          2317P   4578
-3.14159265358979,-1.57079632679489,-1.57079632679489,              2317P   4579
-1.57079632679489,-3.14159265358979,-3.14159265358979,              2317P   4580
-3.14159265358979,-1.5707963267949,-1.5707963267949,0.,0.,          2317P   4581
1.5707963267949,1.5707963267949,3.14159265358979,                   2317P   4582
3.14159265358979,3.14159265358979,1.,0.707106781186558,1.,          2317P   4583
0.707106781186548,0.500000000000007,0.707106781186548,1.,           2317P   4584
0.707106781186558,1.,0.707106781186548,0.500000000000007,           2317P   4585
0.707106781186548,1.,0.707106781186558,1.,0.707106781186548,        2317P   4586
0.500000000000007,0.707106781186548,1.,0.707106781186558,1.,        2317P   4587
0.707106781186548,0.500000000000007,0.707106781186548,1.,           2317P   4588
0.707106781186558,1.,44.25,0.,18.6,44.25,0.,19.6,45.25,0.,19.6,     2317P   4589
44.25,-44.25,18.6,44.25,-44.25,19.6,45.25,-45.25,19.6,0.,-44.25,    2317P   4590
18.6,0.,-44.25,19.6,0.,-45.25,19.6,-44.25,-44.25,18.6,-44.25,       2317P   4591
-44.25,19.6,-45.25,-45.25,19.6,-44.25,0.,18.6,-44.25,0.,19.6,       2317P   4592
-45.25,0.,19.6,-44.25,44.25,18.6,-44.25,44.25,19.6,-45.25,45.25,    2317P   4593
19.6,0.,44.25,18.6,0.,44.25,19.6,0.,45.25,19.6,44.25,44.25,18.6,    2317P   4594
44.25,44.25,19.6,45.25,45.25,19.6,44.25,0.,18.6,44.25,0.,19.6,      2317P   4595
45.25,0.,19.6,-3.14159265358979,-1.57079632679489,                  2317P   4596
-3.14159265358979,3.14159265358979;                                 2317P   4597
128,1,1,1,1,0,0,1,0,0,-5.381,-5.381,5.381,5.381,-10.761,-10.761,    2319P   4598
0.00100000000000009,0.00100000000000009,1.,1.,1.,1.,53.81,          2319P   4599
-53.81,19.6,-53.81,-53.81,19.6,53.81,53.81,19.6,-53.81,53.81,       2319P   4600
19.6,-5.381,5.381,-10.761,0.00100000000000009;                      2319P   4601
128,1,8,1,2,0,1,0,0,1,0.,0.,0.0587570621468927,                     2321P   4602
0.0587570621468927,-3.14159265358979,-3.14159265358979,             2321P   4603
-3.14159265358979,-1.5707963267949,-1.5707963267949,0.,0.,          2321P   4604
1.5707963267949,1.5707963267949,3.14159265358979,                   2321P   4605
3.14159265358979,3.14159265358979,1.,1.,0.707106781186548,          2321P   4606
0.707106781186548,1.,1.,0.707106781186548,0.707106781186548,1.,     2321P   4607
1.,0.707106781186548,0.707106781186548,1.,1.,0.707106781186548,     2321P   4608
0.707106781186548,1.,1.,-44.25,0.,18.6,-44.25,0.,16.,-44.25,        2321P   4609
-44.25,18.6,-44.25,-44.25,16.,0.,-44.25,18.6,0.,-44.25,16.,         2321P   4610
44.25,-44.25,18.6,44.25,-44.25,16.,44.25,0.,18.6,44.25,0.,16.,      2321P   4611
44.25,44.25,18.6,44.25,44.25,16.,0.,44.25,18.6,0.,44.25,16.,        2321P   4612
-44.25,44.25,18.6,-44.25,44.25,16.,-44.25,0.,18.6,-44.25,0.,16.,    2321P   4613
0.,0.0587570621468927,-3.14159265358979,3.14159265358979;           2321P   4614
128,2,8,2,2,0,1,0,0,1,-3.14159265358979,-3.14159265358979,          2323P   4615
-3.14159265358979,-1.57079632679489,-1.57079632679489,              2323P   4616
-1.57079632679489,-3.14159265358979,-3.14159265358979,              2323P   4617
-3.14159265358979,-1.5707963267949,-1.5707963267949,0.,0.,          2323P   4618
1.5707963267949,1.5707963267949,3.14159265358979,                   2323P   4619
3.14159265358979,3.14159265358979,1.,0.70710678118654,1.,           2323P   4620
0.707106781186548,0.499999999999994,0.707106781186548,1.,           2323P   4621
0.70710678118654,1.,0.707106781186548,0.499999999999994,            2323P   4622
0.707106781186548,1.,0.70710678118654,1.,0.707106781186548,         2323P   4623
0.499999999999994,0.707106781186548,1.,0.70710678118654,1.,         2323P   4624
0.707106781186548,0.499999999999994,0.707106781186548,1.,           2323P   4625
0.70710678118654,1.,-44.25,0.,36.2,-44.25,0.,35.2,-45.25,0.,        2323P   4626
35.2,-44.25,-44.25,36.2,-44.25,-44.25,35.2,-45.25,-45.25,35.2,      2323P   4627
0.,-44.25,36.2,0.,-44.25,35.2,0.,-45.25,35.2,44.25,-44.25,36.2,     2323P   4628
44.25,-44.25,35.2,45.25,-45.25,35.2,44.25,0.,36.2,44.25,0.,35.2,    2323P   4629
45.25,0.,35.2,44.25,44.25,36.2,44.25,44.25,35.2,45.25,45.25,        2323P   4630
35.2,0.,44.25,36.2,0.,44.25,35.2,0.,45.25,35.2,-44.25,44.25,        2323P   4631
36.2,-44.25,44.25,35.2,-45.25,45.25,35.2,-44.25,0.,36.2,-44.25,     2323P   4632
0.,35.2,-45.25,0.,35.2,-3.14159265358979,-1.57079632679489,         2323P   4633
-3.14159265358979,3.14159265358979;                                 2323P   4634
128,1,8,1,2,0,1,0,0,1,0.456497175141242,0.456497175141242,          2325P   4635
0.519774011299435,0.519774011299435,-3.14159265358979,              2325P   4636
-3.14159265358979,-3.14159265358979,-1.5707963267949,               2325P   4637
-1.5707963267949,0.,0.,1.5707963267949,1.5707963267949,             2325P   4638
3.14159265358979,3.14159265358979,3.14159265358979,1.,1.,           2325P   4639
0.707106781186548,0.707106781186548,1.,1.,0.707106781186548,        2325P   4640
0.707106781186548,1.,1.,0.707106781186548,0.707106781186548,1.,     2325P   4641
1.,0.707106781186548,0.707106781186548,1.,1.,-44.25,0.,39.,         2325P   4642
-44.25,0.,36.2,-44.25,-44.25,39.,-44.25,-44.25,36.2,0.,-44.25,      2325P   4643
39.,0.,-44.25,36.2,44.25,-44.25,39.,44.25,-44.25,36.2,44.25,0.,     2325P   4644
39.,44.25,0.,36.2,44.25,44.25,39.,44.25,44.25,36.2,0.,44.25,39.,    2325P   4645
0.,44.25,36.2,-44.25,44.25,39.,-44.25,44.25,36.2,-44.25,0.,39.,     2325P   4646
-44.25,0.,36.2,0.456497175141242,0.519774011299435,                 2325P   4647
-3.14159265358979,3.14159265358979;                                 2325P   4648
128,1,1,1,1,0,0,1,0,0,-5.381,-5.381,5.381,5.381,-9.806,-9.806,      2327P   4649
0.955999999999999,0.955999999999999,1.,1.,1.,1.,-53.81,-53.81,      2327P   4650
35.2,53.81,-53.81,35.2,-53.81,53.81,35.2,53.81,53.81,35.2,          2327P   4651
-5.381,5.381,-9.806,0.955999999999999;                              2327P   4652
128,2,8,2,2,0,1,0,0,1,-3.14159265358979,-3.14159265358979,          2329P   4653
-3.14159265358979,-1.57079632679489,-1.57079632679489,              2329P   4654
-1.57079632679489,-3.14159265358979,-3.14159265358979,              2329P   4655
-3.14159265358979,-1.5707963267949,-1.5707963267949,0.,0.,          2329P   4656
1.5707963267949,1.5707963267949,3.14159265358979,                   2329P   4657
3.14159265358979,3.14159265358979,1.,0.70710678118656,1.,           2329P   4658
0.707106781186548,0.500000000000009,0.707106781186548,1.,           2329P   4659
0.70710678118656,1.,0.707106781186548,0.500000000000009,            2329P   4660
0.707106781186548,1.,0.70710678118656,1.,0.707106781186548,         2329P   4661
0.500000000000009,0.707106781186548,1.,0.70710678118656,1.,         2329P   4662
0.707106781186548,0.500000000000009,0.707106781186548,1.,           2329P   4663
0.70710678118656,1.,44.25,0.,28.8,44.25,0.,29.8,45.25,0.,29.8,      2329P   4664
44.25,-44.25,28.8,44.25,-44.25,29.8,45.25,-45.25,29.8,0.,-44.25,    2329P   4665
28.8,0.,-44.25,29.8,0.,-45.25,29.8,-44.25,-44.25,28.8,-44.25,       2329P   4666
-44.25,29.8,-45.25,-45.25,29.8,-44.25,0.,28.8,-44.25,0.,29.8,       2329P   4667
-45.25,0.,29.8,-44.25,44.25,28.8,-44.25,44.25,29.8,-45.25,45.25,    2329P   4668
29.8,0.,44.25,28.8,0.,44.25,29.8,0.,45.25,29.8,44.25,44.25,28.8,    2329P   4669
44.25,44.25,29.8,45.25,45.25,29.8,44.25,0.,28.8,44.25,0.,29.8,      2329P   4670
45.25,0.,29.8,-3.14159265358979,-1.57079632679489,                  2329P   4671
-3.14159265358979,3.14159265358979;                                 2329P   4672
128,1,1,1,1,0,0,1,0,0,-5.381,-5.381,5.381,5.381,-10.761,-10.761,    2331P   4673
0.00100000000000009,0.00100000000000009,1.,1.,1.,1.,53.81,          2331P   4674
-53.81,29.8,-53.81,-53.81,29.8,53.81,53.81,29.8,-53.81,53.81,       2331P   4675
29.8,-5.381,5.381,-10.761,0.00100000000000009;                      2331P   4676
128,2,8,2,2,0,1,0,0,1,-3.14159265358979,-3.14159265358979,          2333P   4677
-3.14159265358979,-1.57079632679489,-1.57079632679489,              2333P   4678
-1.57079632679489,-3.14159265358979,-3.14159265358979,              2333P   4679
-3.14159265358979,-1.5707963267949,-1.5707963267949,0.,0.,          2333P   4680
1.5707963267949,1.5707963267949,3.14159265358979,                   2333P   4681
3.14159265358979,3.14159265358979,1.,0.707106781186554,1.,          2333P   4682
0.707106781186548,0.500000000000005,0.707106781186548,1.,           2333P   4683
0.707106781186554,1.,0.707106781186548,0.500000000000005,           2333P   4684
0.707106781186548,1.,0.707106781186554,1.,0.707106781186548,        2333P   4685
0.500000000000005,0.707106781186548,1.,0.707106781186554,1.,        2333P   4686
0.707106781186548,0.500000000000005,0.707106781186548,1.,           2333P   4687
0.707106781186554,1.,-44.25,0.,46.3999999999999,-44.25,0.,45.4,     2333P   4688
-45.25,0.,45.4,-44.25,-44.25,46.3999999999999,-44.25,-44.25,        2333P   4689
45.4,-45.25,-45.25,45.4,0.,-44.25,46.3999999999999,0.,-44.25,       2333P   4690
45.4,0.,-45.25,45.4,44.25,-44.25,46.3999999999999,44.25,-44.25,     2333P   4691
45.4,45.25,-45.25,45.4,44.25,0.,46.3999999999999,44.25,0.,45.4,     2333P   4692
45.25,0.,45.4,44.25,44.25,46.3999999999999,44.25,44.25,45.4,        2333P   4693
45.25,45.25,45.4,0.,44.25,46.3999999999999,0.,44.25,45.4,0.,        2333P   4694
45.25,45.4,-44.25,44.25,46.3999999999999,-44.25,44.25,45.4,         2333P   4695
-45.25,45.25,45.4,-44.25,0.,46.3999999999999,-44.25,0.,45.4,        2333P   4696
-45.25,0.,45.4,-3.14159265358979,-1.57079632679489,                 2333P   4697
-3.14159265358979,3.14159265358979;                                 2333P   4698
128,1,8,1,2,0,1,0,0,1,0.687005649717513,0.687005649717513,          2335P   4699
0.750282485875706,0.750282485875706,-3.14159265358979,              2335P   4700
-3.14159265358979,-3.14159265358979,-1.5707963267949,               2335P   4701
-1.5707963267949,0.,0.,1.5707963267949,1.5707963267949,             2335P   4702
3.14159265358979,3.14159265358979,3.14159265358979,1.,1.,           2335P   4703
0.707106781186548,0.707106781186548,1.,1.,0.707106781186548,        2335P   4704
0.707106781186548,1.,1.,0.707106781186548,0.707106781186548,1.,     2335P   4705
1.,0.707106781186548,0.707106781186548,1.,1.,-44.25,0.,49.2,        2335P   4706
-44.25,0.,46.3999999999999,-44.25,-44.25,49.2,-44.25,-44.25,        2335P   4707
46.3999999999999,0.,-44.25,49.2,0.,-44.25,46.3999999999999,         2335P   4708
44.25,-44.25,49.2,44.25,-44.25,46.3999999999999,44.25,0.,49.2,      2335P   4709
44.25,0.,46.3999999999999,44.25,44.25,49.2,44.25,44.25,             2335P   4710
46.3999999999999,0.,44.25,49.2,0.,44.25,46.3999999999999,-44.25,    2335P   4711
44.25,49.2,-44.25,44.25,46.3999999999999,-44.25,0.,49.2,-44.25,     2335P   4712
0.,46.3999999999999,0.687005649717513,0.750282485875706,            2335P   4713
-3.14159265358979,3.14159265358979;                                 2335P   4714
128,1,1,1,1,0,0,1,0,0,-5.381,-5.381,5.381,5.381,-9.806,-9.806,      2337P   4715
0.955999999999999,0.955999999999999,1.,1.,1.,1.,-53.81,-53.81,      2337P   4716
45.4,53.81,-53.81,45.4,-53.81,53.81,45.4,53.81,53.81,45.4,          2337P   4717
-5.381,5.381,-9.806,0.955999999999999;                              2337P   4718
128,2,8,2,2,0,1,0,0,1,-3.14159265358979,-3.14159265358979,          2339P   4719
-3.14159265358979,-1.57079632679489,-1.57079632679489,              2339P   4720
-1.57079632679489,-3.14159265358979,-3.14159265358979,              2339P   4721
-3.14159265358979,-1.5707963267949,-1.5707963267949,0.,0.,          2339P   4722
1.5707963267949,1.5707963267949,3.14159265358979,                   2339P   4723
3.14159265358979,3.14159265358979,1.,0.70710678118656,1.,           2339P   4724
0.707106781186548,0.500000000000009,0.707106781186548,1.,           2339P   4725
0.70710678118656,1.,0.707106781186548,0.500000000000009,            2339P   4726
0.707106781186548,1.,0.70710678118656,1.,0.707106781186548,         2339P   4727
0.500000000000009,0.707106781186548,1.,0.70710678118656,1.,         2339P   4728
0.707106781186548,0.500000000000009,0.707106781186548,1.,           2339P   4729
0.70710678118656,1.,44.25,0.,39.,44.25,0.,40.,45.25,0.,40.,         2339P   4730
44.25,-44.25,39.,44.25,-44.25,40.,45.25,-45.25,40.,0.,-44.25,       2339P   4731
39.,0.,-44.25,40.,0.,-45.25,40.,-44.25,-44.25,39.,-44.25,-44.25,    2339P   4732
40.,-45.25,-45.25,40.,-44.25,0.,39.,-44.25,0.,40.,-45.25,0.,40.,    2339P   4733
-44.25,44.25,39.,-44.25,44.25,40.,-45.25,45.25,40.,0.,44.25,39.,    2339P   4734
0.,44.25,40.,0.,45.25,40.,44.25,44.25,39.,44.25,44.25,40.,45.25,    2339P   4735
45.25,40.,44.25,0.,39.,44.25,0.,40.,45.25,0.,40.,                   2339P   4736
-3.14159265358979,-1.57079632679489,-3.14159265358979,              2339P   4737
3.14159265358979;                                                   2339P   4738
128,1,1,1,1,0,0,1,0,0,-5.381,-5.381,5.381,5.381,-10.761,-10.761,    2341P   4739
0.00100000000000009,0.00100000000000009,1.,1.,1.,1.,53.81,          2341P   4740
-53.81,40.,-53.81,-53.81,40.,53.81,53.81,40.,-53.81,53.81,40.,      2341P   4741
-5.381,5.381,-10.761,0.00100000000000009;                           2341P   4742
128,2,8,2,2,0,1,0,0,1,-3.14159265358979,-3.14159265358979,          2343P   4743
-3.14159265358979,-1.57079632679489,-1.57079632679489,              2343P   4744
-1.57079632679489,-3.14159265358979,-3.14159265358979,              2343P   4745
-3.14159265358979,-1.5707963267949,-1.5707963267949,0.,0.,          2343P   4746
1.5707963267949,1.5707963267949,3.14159265358979,                   2343P   4747
3.14159265358979,3.14159265358979,1.,0.707106781186554,1.,          2343P   4748
0.707106781186548,0.500000000000005,0.707106781186548,1.,           2343P   4749
0.707106781186554,1.,0.707106781186548,0.500000000000005,           2343P   4750
0.707106781186548,1.,0.707106781186554,1.,0.707106781186548,        2343P   4751
0.500000000000005,0.707106781186548,1.,0.707106781186554,1.,        2343P   4752
0.707106781186548,0.500000000000005,0.707106781186548,1.,           2343P   4753
0.707106781186554,1.,-44.25,0.,56.6,-44.25,0.,55.6,-45.25,0.,       2343P   4754
55.6,-44.25,-44.25,56.6,-44.25,-44.25,55.6,-45.25,-45.25,55.6,      2343P   4755
0.,-44.25,56.6,0.,-44.25,55.6,0.,-45.25,55.6,44.25,-44.25,56.6,     2343P   4756
44.25,-44.25,55.6,45.25,-45.25,55.6,44.25,0.,56.6,44.25,0.,55.6,    2343P   4757
45.25,0.,55.6,44.25,44.25,56.6,44.25,44.25,55.6,45.25,45.25,        2343P   4758
55.6,0.,44.25,56.6,0.,44.25,55.6,0.,45.25,55.6,-44.25,44.25,        2343P   4759
56.6,-44.25,44.25,55.6,-45.25,45.25,55.6,-44.25,0.,56.6,-44.25,     2343P   4760
0.,55.6,-45.25,0.,55.6,-3.14159265358979,-1.57079632679489,         2343P   4761
-3.14159265358979,3.14159265358979;                                 2343P   4762
128,1,8,1,2,0,1,0,0,1,0.917514124293784,0.917514124293784,          2345P   4763
0.980790960451977,0.980790960451977,-3.14159265358979,              2345P   4764
-3.14159265358979,-3.14159265358979,-1.5707963267949,               2345P   4765
-1.5707963267949,0.,0.,1.5707963267949,1.5707963267949,             2345P   4766
3.14159265358979,3.14159265358979,3.14159265358979,1.,1.,           2345P   4767
0.707106781186548,0.707106781186548,1.,1.,0.707106781186548,        2345P   4768
0.707106781186548,1.,1.,0.707106781186548,0.707106781186548,1.,     2345P   4769
1.,0.707106781186548,0.707106781186548,1.,1.,-44.25,0.,59.4,        2345P   4770
-44.25,0.,56.6,-44.25,-44.25,59.4,-44.25,-44.25,56.6,0.,-44.25,     2345P   4771
59.4,0.,-44.25,56.6,44.25,-44.25,59.4,44.25,-44.25,56.6,44.25,      2345P   4772
0.,59.4,44.25,0.,56.6,44.25,44.25,59.4,44.25,44.25,56.6,0.,         2345P   4773
44.25,59.4,0.,44.25,56.6,-44.25,44.25,59.4,-44.25,44.25,56.6,       2345P   4774
-44.25,0.,59.4,-44.25,0.,56.6,0.917514124293784,                    2345P   4775
0.980790960451977,-3.14159265358979,3.14159265358979;               2345P   4776
128,1,1,1,1,0,0,1,0,0,-5.381,-5.381,5.381,5.381,-9.806,-9.806,      2347P   4777
0.955999999999999,0.955999999999999,1.,1.,1.,1.,-53.81,-53.81,      2347P   4778
55.6,53.81,-53.81,55.6,-53.81,53.81,55.6,53.81,53.81,55.6,          2347P   4779
-5.381,5.381,-9.806,0.955999999999999;                              2347P   4780
128,2,8,2,2,0,1,0,0,1,-3.14159265358979,-3.14159265358979,          2349P   4781
-3.14159265358979,-1.57079632679489,-1.57079632679489,              2349P   4782
-1.57079632679489,-3.14159265358979,-3.14159265358979,              2349P   4783
-3.14159265358979,-1.5707963267949,-1.5707963267949,0.,0.,          2349P   4784
1.5707963267949,1.5707963267949,3.14159265358979,                   2349P   4785
3.14159265358979,3.14159265358979,1.,0.707106781186551,1.,          2349P   4786
0.707106781186548,0.500000000000003,0.707106781186548,1.,           2349P   4787
0.707106781186551,1.,0.707106781186548,0.500000000000003,           2349P   4788
0.707106781186548,1.,0.707106781186551,1.,0.707106781186548,        2349P   4789
0.500000000000003,0.707106781186548,1.,0.707106781186551,1.,        2349P   4790
0.707106781186548,0.500000000000003,0.707106781186548,1.,           2349P   4791
0.707106781186551,1.,44.25,0.,49.2,44.25,0.,50.2,45.25,0.,50.2,     2349P   4792
44.25,-44.25,49.2,44.25,-44.25,50.2,45.25,-45.25,50.2,0.,-44.25,    2349P   4793
49.2,0.,-44.25,50.2,0.,-45.25,50.2,-44.25,-44.25,49.2,-44.25,       2349P   4794
-44.25,50.2,-45.25,-45.25,50.2,-44.25,0.,49.2,-44.25,0.,50.2,       2349P   4795
-45.25,0.,50.2,-44.25,44.25,49.2,-44.25,44.25,50.2,-45.25,45.25,    2349P   4796
50.2,0.,44.25,49.2,0.,44.25,50.2,0.,45.25,50.2,44.25,44.25,49.2,    2349P   4797
44.25,44.25,50.2,45.25,45.25,50.2,44.25,0.,49.2,44.25,0.,50.2,      2349P   4798
45.25,0.,50.2,-3.14159265358979,-1.57079632679489,                  2349P   4799
-3.14159265358979,3.14159265358979;                                 2349P   4800
128,1,1,1,1,0,0,1,0,0,-5.381,-5.381,5.381,5.381,-10.761,-10.761,    2351P   4801
0.00100000000000009,0.00100000000000009,1.,1.,1.,1.,53.81,          2351P   4802
-53.81,50.2,-53.81,-53.81,50.2,53.81,53.81,50.2,-53.81,53.81,       2351P   4803
50.2,-5.381,5.381,-10.761,0.00100000000000009;                      2351P   4804
128,2,8,2,2,0,1,0,0,1,-3.14159265358979,-3.14159265358979,          2353P   4805
-3.14159265358979,-1.57079632679489,-1.57079632679489,              2353P   4806
-1.57079632679489,-3.14159265358979,-3.14159265358979,              2353P   4807
-3.14159265358979,-1.5707963267949,-1.5707963267949,0.,0.,          2353P   4808
1.5707963267949,1.5707963267949,3.14159265358979,                   2353P   4809
3.14159265358979,3.14159265358979,1.,0.707106781186554,1.,          2353P   4810
0.707106781186548,0.500000000000005,0.707106781186548,1.,           2353P   4811
0.707106781186554,1.,0.707106781186548,0.500000000000005,           2353P   4812
0.707106781186548,1.,0.707106781186554,1.,0.707106781186548,        2353P   4813
0.500000000000005,0.707106781186548,1.,0.707106781186554,1.,        2353P   4814
0.707106781186548,0.500000000000005,0.707106781186548,1.,           2353P   4815
0.707106781186554,1.,-44.25,0.,66.7999999999999,-44.25,0.,65.8,     2353P   4816
-45.25,0.,65.8,-44.25,-44.25,66.7999999999999,-44.25,-44.25,        2353P   4817
65.8,-45.25,-45.25,65.8,0.,-44.25,66.7999999999999,0.,-44.25,       2353P   4818
65.8,0.,-45.25,65.8,44.25,-44.25,66.7999999999999,44.25,-44.25,     2353P   4819
65.8,45.25,-45.25,65.8,44.25,0.,66.7999999999999,44.25,0.,65.8,     2353P   4820
45.25,0.,65.8,44.25,44.25,66.7999999999999,44.25,44.25,65.8,        2353P   4821
45.25,45.25,65.8,0.,44.25,66.7999999999999,0.,44.25,65.8,0.,        2353P   4822
45.25,65.8,-44.25,44.25,66.7999999999999,-44.25,44.25,65.8,         2353P   4823
-45.25,45.25,65.8,-44.25,0.,66.7999999999999,-44.25,0.,65.8,        2353P   4824
-45.25,0.,65.8,-3.14159265358979,-1.57079632679489,                 2353P   4825
-3.14159265358979,3.14159265358979;                                 2353P   4826
128,1,8,1,2,0,1,0,0,1,1.14802259887006,1.14802259887006,            2355P   4827
1.21129943502825,1.21129943502825,-3.14159265358979,                2355P   4828
-3.14159265358979,-3.14159265358979,-1.5707963267949,               2355P   4829
-1.5707963267949,0.,0.,1.5707963267949,1.5707963267949,             2355P   4830
3.14159265358979,3.14159265358979,3.14159265358979,1.,1.,           2355P   4831
0.707106781186548,0.707106781186548,1.,1.,0.707106781186548,        2355P   4832
0.707106781186548,1.,1.,0.707106781186548,0.707106781186548,1.,     2355P   4833
1.,0.707106781186548,0.707106781186548,1.,1.,-44.25,0.,69.6,        2355P   4834
-44.25,0.,66.7999999999999,-44.25,-44.25,69.6,-44.25,-44.25,        2355P   4835
66.7999999999999,0.,-44.25,69.6,0.,-44.25,66.7999999999999,         2355P   4836
44.25,-44.25,69.6,44.25,-44.25,66.7999999999999,44.25,0.,69.6,      2355P   4837
44.25,0.,66.7999999999999,44.25,44.25,69.6,44.25,44.25,             2355P   4838
66.7999999999999,0.,44.25,69.6,0.,44.25,66.7999999999999,-44.25,    2355P   4839
44.25,69.6,-44.25,44.25,66.7999999999999,-44.25,0.,69.6,-44.25,     2355P   4840
0.,66.7999999999999,1.14802259887006,1.21129943502825,              2355P   4841
-3.14159265358979,3.14159265358979;                                 2355P   4842
128,1,1,1,1,0,0,1,0,0,-5.381,-5.381,5.381,5.381,-9.806,-9.806,      2357P   4843
0.955999999999999,0.955999999999999,1.,1.,1.,1.,-53.81,-53.81,      2357P   4844
65.8,53.81,-53.81,65.8,-53.81,53.81,65.8,53.81,53.81,65.8,          2357P   4845
-5.381,5.381,-9.806,0.955999999999999;                              2357P   4846
128,2,8,2,2,0,1,0,0,1,-3.14159265358979,-3.14159265358979,          2359P   4847
-3.14159265358979,-1.57079632679489,-1.57079632679489,              2359P   4848
-1.57079632679489,-3.14159265358979,-3.14159265358979,              2359P   4849
-3.14159265358979,-1.5707963267949,-1.5707963267949,0.,0.,          2359P   4850
1.5707963267949,1.5707963267949,3.14159265358979,                   2359P   4851
3.14159265358979,3.14159265358979,1.,0.707106781186551,1.,          2359P   4852
0.707106781186548,0.500000000000003,0.707106781186548,1.,           2359P   4853
0.707106781186551,1.,0.707106781186548,0.500000000000003,           2359P   4854
0.707106781186548,1.,0.707106781186551,1.,0.707106781186548,        2359P   4855
0.500000000000003,0.707106781186548,1.,0.707106781186551,1.,        2359P   4856
0.707106781186548,0.500000000000003,0.707106781186548,1.,           2359P   4857
0.707106781186551,1.,44.25,0.,59.4,44.25,0.,60.4,45.25,0.,60.4,     2359P   4858
44.25,-44.25,59.4,44.25,-44.25,60.4,45.25,-45.25,60.4,0.,-44.25,    2359P   4859
59.4,0.,-44.25,60.4,0.,-45.25,60.4,-44.25,-44.25,59.4,-44.25,       2359P   4860
-44.25,60.4,-45.25,-45.25,60.4,-44.25,0.,59.4,-44.25,0.,60.4,       2359P   4861
-45.25,0.,60.4,-44.25,44.25,59.4,-44.25,44.25,60.4,-45.25,45.25,    2359P   4862
60.4,0.,44.25,59.4,0.,44.25,60.4,0.,45.25,60.4,44.25,44.25,59.4,    2359P   4863
44.25,44.25,60.4,45.25,45.25,60.4,44.25,0.,59.4,44.25,0.,60.4,      2359P   4864
45.25,0.,60.4,-3.14159265358979,-1.57079632679489,                  2359P   4865
-3.14159265358979,3.14159265358979;                                 2359P   4866
128,1,1,1,1,0,0,1,0,0,-5.381,-5.381,5.381,5.381,-10.761,-10.761,    2361P   4867
0.00100000000000009,0.00100000000000009,1.,1.,1.,1.,53.81,          2361P   4868
-53.81,60.4,-53.81,-53.81,60.4,53.81,53.81,60.4,-53.81,53.81,       2361P   4869
60.4,-5.381,5.381,-10.761,0.00100000000000009;                      2361P   4870
128,2,8,2,2,0,1,0,0,1,-3.14159265358979,-3.14159265358979,          2363P   4871
-3.14159265358979,-1.57079632679489,-1.57079632679489,              2363P   4872
-1.57079632679489,-3.14159265358979,-3.14159265358979,              2363P   4873
-3.14159265358979,-1.5707963267949,-1.5707963267949,0.,0.,          2363P   4874
1.5707963267949,1.5707963267949,3.14159265358979,                   2363P   4875
3.14159265358979,3.14159265358979,1.,0.707106781186554,1.,          2363P   4876
0.707106781186548,0.500000000000005,0.707106781186548,1.,           2363P   4877
0.707106781186554,1.,0.707106781186548,0.500000000000005,           2363P   4878
0.707106781186548,1.,0.707106781186554,1.,0.707106781186548,        2363P   4879
0.500000000000005,0.707106781186548,1.,0.707106781186554,1.,        2363P   4880
0.707106781186548,0.500000000000005,0.707106781186548,1.,           2363P   4881
0.707106781186554,1.,-44.25,0.,76.9999999999999,-44.25,0.,          2363P   4882
75.9999999999999,-45.25,0.,75.9999999999999,-44.25,-44.25,          2363P   4883
76.9999999999999,-44.25,-44.25,75.9999999999999,-45.25,-45.25,      2363P   4884
75.9999999999999,0.,-44.25,76.9999999999999,0.,-44.25,              2363P   4885
75.9999999999999,0.,-45.25,75.9999999999999,44.25,-44.25,           2363P   4886
76.9999999999999,44.25,-44.25,75.9999999999999,45.25,-45.25,        2363P   4887
75.9999999999999,44.25,0.,76.9999999999999,44.25,0.,                2363P   4888
75.9999999999999,45.25,0.,75.9999999999999,44.25,44.25,             2363P   4889
76.9999999999999,44.25,44.25,75.9999999999999,45.25,45.25,          2363P   4890
75.9999999999999,0.,44.25,76.9999999999999,0.,44.25,                2363P   4891
75.9999999999999,0.,45.25,75.9999999999999,-44.25,44.25,            2363P   4892
76.9999999999999,-44.25,44.25,75.9999999999999,-45.25,45.25,        2363P   4893
75.9999999999999,-44.25,0.,76.9999999999999,-44.25,0.,              2363P   4894
75.9999999999999,-45.25,0.,75.9999999999999,-3.14159265358979,      2363P   4895
-1.57079632679489,-3.14159265358979,3.14159265358979;               2363P   4896
128,1,8,1,2,0,1,0,0,1,1.37853107344633,1.37853107344633,            2365P   4897
1.44180790960452,1.44180790960452,-3.14159265358979,                2365P   4898
-3.14159265358979,-3.14159265358979,-1.5707963267949,               2365P   4899
-1.5707963267949,0.,0.,1.5707963267949,1.5707963267949,             2365P   4900
3.14159265358979,3.14159265358979,3.14159265358979,1.,1.,           2365P   4901
0.707106781186548,0.707106781186548,1.,1.,0.707106781186548,        2365P   4902
0.707106781186548,1.,1.,0.707106781186548,0.707106781186548,1.,     2365P   4903
1.,0.707106781186548,0.707106781186548,1.,1.,-44.25,0.,79.8,        2365P   4904
-44.25,0.,76.9999999999999,-44.25,-44.25,79.8,-44.25,-44.25,        2365P   4905
76.9999999999999,0.,-44.25,79.8,0.,-44.25,76.9999999999999,         2365P   4906
44.25,-44.25,79.8,44.25,-44.25,76.9999999999999,44.25,0.,79.8,      2365P   4907
44.25,0.,76.9999999999999,44.25,44.25,79.8,44.25,44.25,             2365P   4908
76.9999999999999,0.,44.25,79.8,0.,44.25,76.9999999999999,-44.25,    2365P   4909
44.25,79.8,-44.25,44.25,76.9999999999999,-44.25,0.,79.8,-44.25,     2365P   4910
0.,76.9999999999999,1.37853107344633,1.44180790960452,              2365P   4911
-3.14159265358979,3.14159265358979;                                 2365P   4912
128,1,1,1,1,0,0,1,0,0,-5.381,-5.381,5.381,5.381,-9.806,-9.806,      2367P   4913
0.955999999999999,0.955999999999999,1.,1.,1.,1.,-53.81,-53.81,      2367P   4914
75.9999999999999,53.81,-53.81,75.9999999999999,-53.81,53.81,        2367P   4915
75.9999999999999,53.81,53.81,75.9999999999999,-5.381,5.381,         2367P   4916
-9.806,0.955999999999999;                                           2367P   4917
128,2,8,2,2,0,1,0,0,1,-3.14159265358979,-3.14159265358979,          2369P   4918
-3.14159265358979,-1.57079632679489,-1.57079632679489,              2369P   4919
-1.57079632679489,-3.14159265358979,-3.14159265358979,              2369P   4920
-3.14159265358979,-1.5707963267949,-1.5707963267949,0.,0.,          2369P   4921
1.5707963267949,1.5707963267949,3.14159265358979,                   2369P   4922
3.14159265358979,3.14159265358979,1.,0.707106781186551,1.,          2369P   4923
0.707106781186548,0.500000000000003,0.707106781186548,1.,           2369P   4924
0.707106781186551,1.,0.707106781186548,0.500000000000003,           2369P   4925
0.707106781186548,1.,0.707106781186551,1.,0.707106781186548,        2369P   4926
0.500000000000003,0.707106781186548,1.,0.707106781186551,1.,        2369P   4927
0.707106781186548,0.500000000000003,0.707106781186548,1.,           2369P   4928
0.707106781186551,1.,44.25,0.,69.6,44.25,0.,70.6,45.25,0.,70.6,     2369P   4929
44.25,-44.25,69.6,44.25,-44.25,70.6,45.25,-45.25,70.6,0.,-44.25,    2369P   4930
69.6,0.,-44.25,70.6,0.,-45.25,70.6,-44.25,-44.25,69.6,-44.25,       2369P   4931
-44.25,70.6,-45.25,-45.25,70.6,-44.25,0.,69.6,-44.25,0.,70.6,       2369P   4932
-45.25,0.,70.6,-44.25,44.25,69.6,-44.25,44.25,70.6,-45.25,45.25,    2369P   4933
70.6,0.,44.25,69.6,0.,44.25,70.6,0.,45.25,70.6,44.25,44.25,69.6,    2369P   4934
44.25,44.25,70.6,45.25,45.25,70.6,44.25,0.,69.6,44.25,0.,70.6,      2369P   4935
45.25,0.,70.6,-3.14159265358979,-1.57079632679489,                  2369P   4936
-3.14159265358979,3.14159265358979;                                 2369P   4937
128,1,1,1,1,0,0,1,0,0,-5.381,-5.381,5.381,5.381,-10.761,-10.761,    2371P   4938
0.00100000000000009,0.00100000000000009,1.,1.,1.,1.,53.81,          2371P   4939
-53.81,70.6,-53.81,-53.81,70.6,53.81,53.81,70.6,-53.81,53.81,       2371P   4940
70.6,-5.381,5.381,-10.761,0.00100000000000009;                      2371P   4941
128,2,8,2,2,0,1,0,0,1,-3.14159265358979,-3.14159265358979,          2373P   4942
-3.14159265358979,-1.57079632679489,-1.57079632679489,              2373P   4943
-1.57079632679489,-3.14159265358979,-3.14159265358979,              2373P   4944
-3.14159265358979,-1.5707963267949,-1.5707963267949,0.,0.,          2373P   4945
1.5707963267949,1.5707963267949,3.14159265358979,                   2373P   4946
3.14159265358979,3.14159265358979,1.,0.707106781186554,1.,          2373P   4947
0.707106781186548,0.500000000000005,0.707106781186548,1.,           2373P   4948
0.707106781186554,1.,0.707106781186548,0.500000000000005,           2373P   4949
0.707106781186548,1.,0.707106781186554,1.,0.707106781186548,        2373P   4950
0.500000000000005,0.707106781186548,1.,0.707106781186554,1.,        2373P   4951
0.707106781186548,0.500000000000005,0.707106781186548,1.,           2373P   4952
0.707106781186554,1.,-44.25,0.,87.1999999999999,-44.25,0.,          2373P   4953
86.1999999999999,-45.25,0.,86.1999999999999,-44.25,-44.25,          2373P   4954
87.1999999999999,-44.25,-44.25,86.1999999999999,-45.25,-45.25,      2373P   4955
86.1999999999999,0.,-44.25,87.1999999999999,0.,-44.25,              2373P   4956
86.1999999999999,0.,-45.25,86.1999999999999,44.25,-44.25,           2373P   4957
87.1999999999999,44.25,-44.25,86.1999999999999,45.25,-45.25,        2373P   4958
86.1999999999999,44.25,0.,87.1999999999999,44.25,0.,                2373P   4959
86.1999999999999,45.25,0.,86.1999999999999,44.25,44.25,             2373P   4960
87.1999999999999,44.25,44.25,86.1999999999999,45.25,45.25,          2373P   4961
86.1999999999999,0.,44.25,87.1999999999999,0.,44.25,                2373P   4962
86.1999999999999,0.,45.25,86.1999999999999,-44.25,44.25,            2373P   4963
87.1999999999999,-44.25,44.25,86.1999999999999,-45.25,45.25,        2373P   4964
86.1999999999999,-44.25,0.,87.1999999999999,-44.25,0.,              2373P   4965
86.1999999999999,-45.25,0.,86.1999999999999,-3.14159265358979,      2373P   4966
-1.57079632679489,-3.14159265358979,3.14159265358979;               2373P   4967
128,1,8,1,2,0,1,0,0,1,1.6090395480226,1.6090395480226,              2375P   4968
1.67231638418079,1.67231638418079,-3.14159265358979,                2375P   4969
-3.14159265358979,-3.14159265358979,-1.5707963267949,               2375P   4970
-1.5707963267949,0.,0.,1.5707963267949,1.5707963267949,             2375P   4971
3.14159265358979,3.14159265358979,3.14159265358979,1.,1.,           2375P   4972
0.707106781186548,0.707106781186548,1.,1.,0.707106781186548,        2375P   4973
0.707106781186548,1.,1.,0.707106781186548,0.707106781186548,1.,     2375P   4974
1.,0.707106781186548,0.707106781186548,1.,1.,-44.25,0.,90.,         2375P   4975
-44.25,0.,87.1999999999999,-44.25,-44.25,90.,-44.25,-44.25,         2375P   4976
87.1999999999999,0.,-44.25,90.,0.,-44.25,87.1999999999999,44.25,    2375P   4977
-44.25,90.,44.25,-44.25,87.1999999999999,44.25,0.,90.,44.25,0.,     2375P   4978
87.1999999999999,44.25,44.25,90.,44.25,44.25,87.1999999999999,      2375P   4979
0.,44.25,90.,0.,44.25,87.1999999999999,-44.25,44.25,90.,-44.25,     2375P   4980
44.25,87.1999999999999,-44.25,0.,90.,-44.25,0.,87.1999999999999,    2375P   4981
1.6090395480226,1.67231638418079,-3.14159265358979,                 2375P   4982
3.14159265358979;                                                   2375P   4983
128,1,1,1,1,0,0,1,0,0,-5.381,-5.381,5.381,5.381,-9.806,-9.806,      2377P   4984
0.955999999999999,0.955999999999999,1.,1.,1.,1.,-53.81,-53.81,      2377P   4985
86.1999999999999,53.81,-53.81,86.1999999999999,-53.81,53.81,        2377P   4986
86.1999999999999,53.81,53.81,86.1999999999999,-5.381,5.381,         2377P   4987
-9.806,0.955999999999999;                                           2377P   4988
128,2,8,2,2,0,1,0,0,1,-3.14159265358979,-3.14159265358979,          2379P   4989
-3.14159265358979,-1.57079632679489,-1.57079632679489,              2379P   4990
-1.57079632679489,-3.14159265358979,-3.14159265358979,              2379P   4991
-3.14159265358979,-1.5707963267949,-1.5707963267949,0.,0.,          2379P   4992
1.5707963267949,1.5707963267949,3.14159265358979,                   2379P   4993
3.14159265358979,3.14159265358979,1.,0.707106781186562,1.,          2379P   4994
0.707106781186548,0.50000000000001,0.707106781186548,1.,            2379P   4995
0.707106781186562,1.,0.707106781186548,0.50000000000001,            2379P   4996
0.707106781186548,1.,0.707106781186562,1.,0.707106781186548,        2379P   4997
0.50000000000001,0.707106781186548,1.,0.707106781186562,1.,         2379P   4998
0.707106781186548,0.50000000000001,0.707106781186548,1.,            2379P   4999
0.707106781186562,1.,44.25,0.,79.8,44.25,0.,80.8,45.25,0.,80.8,     2379P   5000
44.25,-44.25,79.8,44.25,-44.25,80.8,45.25,-45.25,80.8,0.,-44.25,    2379P   5001
79.8,0.,-44.25,80.8,0.,-45.25,80.8,-44.25,-44.25,79.8,-44.25,       2379P   5002
-44.25,80.8,-45.25,-45.25,80.8,-44.25,0.,79.8,-44.25,0.,80.8,       2379P   5003
-45.25,0.,80.8,-44.25,44.25,79.8,-44.25,44.25,80.8,-45.25,45.25,    2379P   5004
80.8,0.,44.25,79.8,0.,44.25,80.8,0.,45.25,80.8,44.25,44.25,79.8,    2379P   5005
44.25,44.25,80.8,45.25,45.25,80.8,44.25,0.,79.8,44.25,0.,80.8,      2379P   5006
45.25,0.,80.8,-3.14159265358979,-1.57079632679489,                  2379P   5007
-3.14159265358979,3.14159265358979;                                 2379P   5008
128,1,1,1,1,0,0,1,0,0,-5.381,-5.381,5.381,5.381,-10.761,-10.761,    2381P   5009
0.00100000000000009,0.00100000000000009,1.,1.,1.,1.,53.81,          2381P   5010
-53.81,80.8,-53.81,-53.81,80.8,53.81,53.81,80.8,-53.81,53.81,       2381P   5011
80.8,-5.381,5.381,-10.761,0.00100000000000009;                      2381P   5012
128,2,8,2,2,0,1,0,0,1,-3.14159265358979,-3.14159265358979,          2383P   5013
-3.14159265358979,-1.57079632679489,-1.57079632679489,              2383P   5014
-1.57079632679489,-3.14159265358979,-3.14159265358979,              2383P   5015
-3.14159265358979,-1.5707963267949,-1.5707963267949,0.,0.,          2383P   5016
1.5707963267949,1.5707963267949,3.14159265358979,                   2383P   5017
3.14159265358979,3.14159265358979,1.,0.707106781186554,1.,          2383P   5018
0.707106781186548,0.500000000000005,0.707106781186548,1.,           2383P   5019
0.707106781186554,1.,0.707106781186548,0.500000000000005,           2383P   5020
0.707106781186548,1.,0.707106781186554,1.,0.707106781186548,        2383P   5021
0.500000000000005,0.707106781186548,1.,0.707106781186554,1.,        2383P   5022
0.707106781186548,0.500000000000005,0.707106781186548,1.,           2383P   5023
0.707106781186554,1.,-44.25,0.,97.3999999999999,-44.25,0.,          2383P   5024
96.3999999999999,-45.25,0.,96.3999999999999,-44.25,-44.25,          2383P   5025
97.3999999999999,-44.25,-44.25,96.3999999999999,-45.25,-45.25,      2383P   5026
96.3999999999999,0.,-44.25,97.3999999999999,0.,-44.25,              2383P   5027
96.3999999999999,0.,-45.25,96.3999999999999,44.25,-44.25,           2383P   5028
97.3999999999999,44.25,-44.25,96.3999999999999,45.25,-45.25,        2383P   5029
96.3999999999999,44.25,0.,97.3999999999999,44.25,0.,                2383P   5030
96.3999999999999,45.25,0.,96.3999999999999,44.25,44.25,             2383P   5031
97.3999999999999,44.25,44.25,96.3999999999999,45.25,45.25,          2383P   5032
96.3999999999999,0.,44.25,97.3999999999999,0.,44.25,                2383P   5033
96.3999999999999,0.,45.25,96.3999999999999,-44.25,44.25,            2383P   5034
97.3999999999999,-44.25,44.25,96.3999999999999,-45.25,45.25,        2383P   5035
96.3999999999999,-44.25,0.,97.3999999999999,-44.25,0.,              2383P   5036
96.3999999999999,-45.25,0.,96.3999999999999,-3.14159265358979,      2383P   5037
-1.57079632679489,-3.14159265358979,3.14159265358979;               2383P   5038
128,1,8,1,2,0,1,0,0,1,1.83954802259887,1.83954802259887,            2385P   5039
1.90282485875706,1.90282485875706,-3.14159265358979,                2385P   5040
-3.14159265358979,-3.14159265358979,-1.5707963267949,               2385P   5041
-1.5707963267949,0.,0.,1.5707963267949,1.5707963267949,             2385P   5042
3.14159265358979,3.14159265358979,3.14159265358979,1.,1.,           2385P   5043
0.707106781186548,0.707106781186548,1.,1.,0.707106781186548,        2385P   5044
0.707106781186548,1.,1.,0.707106781186548,0.707106781186548,1.,     2385P   5045
1.,0.707106781186548,0.707106781186548,1.,1.,-44.25,0.,100.2,       2385P   5046
-44.25,0.,97.3999999999999,-44.25,-44.25,100.2,-44.25,-44.25,       2385P   5047
97.3999999999999,0.,-44.25,100.2,0.,-44.25,97.3999999999999,        2385P   5048
44.25,-44.25,100.2,44.25,-44.25,97.3999999999999,44.25,0.,100.2,    2385P   5049
44.25,0.,97.3999999999999,44.25,44.25,100.2,44.25,44.25,            2385P   5050
97.3999999999999,0.,44.25,100.2,0.,44.25,97.3999999999999,          2385P   5051
-44.25,44.25,100.2,-44.25,44.25,97.3999999999999,-44.25,0.,         2385P   5052
100.2,-44.25,0.,97.3999999999999,1.83954802259887,                  2385P   5053
1.90282485875706,-3.14159265358979,3.14159265358979;                2385P   5054
128,1,1,1,1,0,0,1,0,0,-5.381,-5.381,5.381,5.381,-9.806,-9.806,      2387P   5055
0.955999999999999,0.955999999999999,1.,1.,1.,1.,-53.81,-53.81,      2387P   5056
96.3999999999999,53.81,-53.81,96.3999999999999,-53.81,53.81,        2387P   5057
96.3999999999999,53.81,53.81,96.3999999999999,-5.381,5.381,         2387P   5058
-9.806,0.955999999999999;                                           2387P   5059
128,2,8,2,2,0,1,0,0,1,-3.14159265358979,-3.14159265358979,          2389P   5060
-3.14159265358979,-1.57079632679489,-1.57079632679489,              2389P   5061
-1.57079632679489,-3.14159265358979,-3.14159265358979,              2389P   5062
-3.14159265358979,-1.5707963267949,-1.5707963267949,0.,0.,          2389P   5063
1.5707963267949,1.5707963267949,3.14159265358979,                   2389P   5064
3.14159265358979,3.14159265358979,1.,0.707106781186562,1.,          2389P   5065
0.707106781186548,0.50000000000001,0.707106781186548,1.,            2389P   5066
0.707106781186562,1.,0.707106781186548,0.50000000000001,            2389P   5067
0.707106781186548,1.,0.707106781186562,1.,0.707106781186548,        2389P   5068
0.50000000000001,0.707106781186548,1.,0.707106781186562,1.,         2389P   5069
0.707106781186548,0.50000000000001,0.707106781186548,1.,            2389P   5070
0.707106781186562,1.,44.25,0.,90.,44.25,0.,91.,45.25,0.,91.,        2389P   5071
44.25,-44.25,90.,44.25,-44.25,91.,45.25,-45.25,91.,0.,-44.25,       2389P   5072
90.,0.,-44.25,91.,0.,-45.25,91.,-44.25,-44.25,90.,-44.25,-44.25,    2389P   5073
91.,-45.25,-45.25,91.,-44.25,0.,90.,-44.25,0.,91.,-45.25,0.,91.,    2389P   5074
-44.25,44.25,90.,-44.25,44.25,91.,-45.25,45.25,91.,0.,44.25,90.,    2389P   5075
0.,44.25,91.,0.,45.25,91.,44.25,44.25,90.,44.25,44.25,91.,45.25,    2389P   5076
45.25,91.,44.25,0.,90.,44.25,0.,91.,45.25,0.,91.,                   2389P   5077
-3.14159265358979,-1.57079632679489,-3.14159265358979,              2389P   5078
3.14159265358979;                                                   2389P   5079
128,1,1,1,1,0,0,1,0,0,-5.381,-5.381,5.381,5.381,-10.761,-10.761,    2391P   5080
0.00100000000000009,0.00100000000000009,1.,1.,1.,1.,53.81,          2391P   5081
-53.81,91.,-53.81,-53.81,91.,53.81,53.81,91.,-53.81,53.81,91.,      2391P   5082
-5.381,5.381,-10.761,0.00100000000000009;                           2391P   5083
128,2,8,2,2,0,1,0,0,1,-3.14159265358979,-3.14159265358979,          2393P   5084
-3.14159265358979,-1.57079632679489,-1.57079632679489,              2393P   5085
-1.57079632679489,-3.14159265358979,-3.14159265358979,              2393P   5086
-3.14159265358979,-1.5707963267949,-1.5707963267949,0.,0.,          2393P   5087
1.5707963267949,1.5707963267949,3.14159265358979,                   2393P   5088
3.14159265358979,3.14159265358979,1.,0.707106781186554,1.,          2393P   5089
0.707106781186548,0.500000000000005,0.707106781186548,1.,           2393P   5090
0.707106781186554,1.,0.707106781186548,0.500000000000005,           2393P   5091
0.707106781186548,1.,0.707106781186554,1.,0.707106781186548,        2393P   5092
0.500000000000005,0.707106781186548,1.,0.707106781186554,1.,        2393P   5093
0.707106781186548,0.500000000000005,0.707106781186548,1.,           2393P   5094
0.707106781186554,1.,-44.25,0.,107.6,-44.25,0.,106.6,-45.25,0.,     2393P   5095
106.6,-44.25,-44.25,107.6,-44.25,-44.25,106.6,-45.25,-45.25,        2393P   5096
106.6,0.,-44.25,107.6,0.,-44.25,106.6,0.,-45.25,106.6,44.25,        2393P   5097
-44.25,107.6,44.25,-44.25,106.6,45.25,-45.25,106.6,44.25,0.,        2393P   5098
107.6,44.25,0.,106.6,45.25,0.,106.6,44.25,44.25,107.6,44.25,        2393P   5099
44.25,106.6,45.25,45.25,106.6,0.,44.25,107.6,0.,44.25,106.6,0.,     2393P   5100
45.25,106.6,-44.25,44.25,107.6,-44.25,44.25,106.6,-45.25,45.25,     2393P   5101
106.6,-44.25,0.,107.6,-44.25,0.,106.6,-45.25,0.,106.6,              2393P   5102
-3.14159265358979,-1.57079632679489,-3.14159265358979,              2393P   5103
3.14159265358979;                                                   2393P   5104
128,1,8,1,2,0,1,0,0,1,2.07005649717514,2.07005649717514,            2395P   5105
2.13333333333333,2.13333333333333,-3.14159265358979,                2395P   5106
-3.14159265358979,-3.14159265358979,-1.5707963267949,               2395P   5107
-1.5707963267949,0.,0.,1.5707963267949,1.5707963267949,             2395P   5108
3.14159265358979,3.14159265358979,3.14159265358979,1.,1.,           2395P   5109
0.707106781186548,0.707106781186548,1.,1.,0.707106781186548,        2395P   5110
0.707106781186548,1.,1.,0.707106781186548,0.707106781186548,1.,     2395P   5111
1.,0.707106781186548,0.707106781186548,1.,1.,-44.25,0.,110.4,       2395P   5112
-44.25,0.,107.6,-44.25,-44.25,110.4,-44.25,-44.25,107.6,0.,         2395P   5113
-44.25,110.4,0.,-44.25,107.6,44.25,-44.25,110.4,44.25,-44.25,       2395P   5114
107.6,44.25,0.,110.4,44.25,0.,107.6,44.25,44.25,110.4,44.25,        2395P   5115
44.25,107.6,0.,44.25,110.4,0.,44.25,107.6,-44.25,44.25,110.4,       2395P   5116
-44.25,44.25,107.6,-44.25,0.,110.4,-44.25,0.,107.6,                 2395P   5117
2.07005649717514,2.13333333333333,-3.14159265358979,                2395P   5118
3.14159265358979;                                                   2395P   5119
128,1,1,1,1,0,0,1,0,0,-5.381,-5.381,5.381,5.381,-9.806,-9.806,      2397P   5120
0.955999999999999,0.955999999999999,1.,1.,1.,1.,-53.81,-53.81,      2397P   5121
106.6,53.81,-53.81,106.6,-53.81,53.81,106.6,53.81,53.81,106.6,      2397P   5122
-5.381,5.381,-9.806,0.955999999999999;                              2397P   5123
128,2,8,2,2,0,1,0,0,1,-3.14159265358979,-3.14159265358979,          2399P   5124
-3.14159265358979,-1.57079632679489,-1.57079632679489,              2399P   5125
-1.57079632679489,-3.14159265358979,-3.14159265358979,              2399P   5126
-3.14159265358979,-1.5707963267949,-1.5707963267949,0.,0.,          2399P   5127
1.5707963267949,1.5707963267949,3.14159265358979,                   2399P   5128
3.14159265358979,3.14159265358979,1.,0.707106781186562,1.,          2399P   5129
0.707106781186548,0.50000000000001,0.707106781186548,1.,            2399P   5130
0.707106781186562,1.,0.707106781186548,0.50000000000001,            2399P   5131
0.707106781186548,1.,0.707106781186562,1.,0.707106781186548,        2399P   5132
0.50000000000001,0.707106781186548,1.,0.707106781186562,1.,         2399P   5133
0.707106781186548,0.50000000000001,0.707106781186548,1.,            2399P   5134
0.707106781186562,1.,44.25,0.,100.2,44.25,0.,101.2,45.25,0.,        2399P   5135
101.2,44.25,-44.25,100.2,44.25,-44.25,101.2,45.25,-45.25,101.2,     2399P   5136
0.,-44.25,100.2,0.,-44.25,101.2,0.,-45.25,101.2,-44.25,-44.25,      2399P   5137
100.2,-44.25,-44.25,101.2,-45.25,-45.25,101.2,-44.25,0.,100.2,      2399P   5138
-44.25,0.,101.2,-45.25,0.,101.2,-44.25,44.25,100.2,-44.25,44.25,    2399P   5139
101.2,-45.25,45.25,101.2,0.,44.25,100.2,0.,44.25,101.2,0.,45.25,    2399P   5140
101.2,44.25,44.25,100.2,44.25,44.25,101.2,45.25,45.25,101.2,        2399P   5141
44.25,0.,100.2,44.25,0.,101.2,45.25,0.,101.2,-3.14159265358979,     2399P   5142
-1.57079632679489,-3.14159265358979,3.14159265358979;               2399P   5143
128,1,1,1,1,0,0,1,0,0,-5.381,-5.381,5.381,5.381,-10.761,-10.761,    2401P   5144
0.00100000000000009,0.00100000000000009,1.,1.,1.,1.,53.81,          2401P   5145
-53.81,101.2,-53.81,-53.81,101.2,53.81,53.81,101.2,-53.81,53.81,    2401P   5146
101.2,-5.381,5.381,-10.761,0.00100000000000009;                     2401P   5147
128,2,8,2,2,0,1,0,0,1,-3.14159265358979,-3.14159265358979,          2403P   5148
-3.14159265358979,-1.57079632679489,-1.57079632679489,              2403P   5149
-1.57079632679489,-3.14159265358979,-3.14159265358979,              2403P   5150
-3.14159265358979,-1.5707963267949,-1.5707963267949,0.,0.,          2403P   5151
1.5707963267949,1.5707963267949,3.14159265358979,                   2403P   5152
3.14159265358979,3.14159265358979,1.,0.707106781186554,1.,          2403P   5153
0.707106781186548,0.500000000000005,0.707106781186548,1.,           2403P   5154
0.707106781186554,1.,0.707106781186548,0.500000000000005,           2403P   5155
0.707106781186548,1.,0.707106781186554,1.,0.707106781186548,        2403P   5156
0.500000000000005,0.707106781186548,1.,0.707106781186554,1.,        2403P   5157
0.707106781186548,0.500000000000005,0.707106781186548,1.,           2403P   5158
0.707106781186554,1.,-44.25,0.,117.8,-44.25,0.,116.8,-45.25,0.,     2403P   5159
116.8,-44.25,-44.25,117.8,-44.25,-44.25,116.8,-45.25,-45.25,        2403P   5160
116.8,0.,-44.25,117.8,0.,-44.25,116.8,0.,-45.25,116.8,44.25,        2403P   5161
-44.25,117.8,44.25,-44.25,116.8,45.25,-45.25,116.8,44.25,0.,        2403P   5162
117.8,44.25,0.,116.8,45.25,0.,116.8,44.25,44.25,117.8,44.25,        2403P   5163
44.25,116.8,45.25,45.25,116.8,0.,44.25,117.8,0.,44.25,116.8,0.,     2403P   5164
45.25,116.8,-44.25,44.25,117.8,-44.25,44.25,116.8,-45.25,45.25,     2403P   5165
116.8,-44.25,0.,117.8,-44.25,0.,116.8,-45.25,0.,116.8,              2403P   5166
-3.14159265358979,-1.57079632679489,-3.14159265358979,              2403P   5167
3.14159265358979;                                                   2403P   5168
128,1,8,1,2,0,1,0,0,1,2.30056497175141,2.30056497175141,            2405P   5169
2.3638418079096,2.3638418079096,-3.14159265358979,                  2405P   5170
-3.14159265358979,-3.14159265358979,-1.5707963267949,               2405P   5171
-1.5707963267949,0.,0.,1.5707963267949,1.5707963267949,             2405P   5172
3.14159265358979,3.14159265358979,3.14159265358979,1.,1.,           2405P   5173
0.707106781186548,0.707106781186548,1.,1.,0.707106781186548,        2405P   5174
0.707106781186548,1.,1.,0.707106781186548,0.707106781186548,1.,     2405P   5175
1.,0.707106781186548,0.707106781186548,1.,1.,-44.25,0.,120.6,       2405P   5176
-44.25,0.,117.8,-44.25,-44.25,120.6,-44.25,-44.25,117.8,0.,         2405P   5177
-44.25,120.6,0.,-44.25,117.8,44.25,-44.25,120.6,44.25,-44.25,       2405P   5178
117.8,44.25,0.,120.6,44.25,0.,117.8,44.25,44.25,120.6,44.25,        2405P   5179
44.25,117.8,0.,44.25,120.6,0.,44.25,117.8,-44.25,44.25,120.6,       2405P   5180
-44.25,44.25,117.8,-44.25,0.,120.6,-44.25,0.,117.8,                 2405P   5181
2.30056497175141,2.3638418079096,-3.14159265358979,                 2405P   5182
3.14159265358979;                                                   2405P   5183
128,1,1,1,1,0,0,1,0,0,-5.381,-5.381,5.381,5.381,-9.806,-9.806,      2407P   5184
0.955999999999999,0.955999999999999,1.,1.,1.,1.,-53.81,-53.81,      2407P   5185
116.8,53.81,-53.81,116.8,-53.81,53.81,116.8,53.81,53.81,116.8,      2407P   5186
-5.381,5.381,-9.806,0.955999999999999;                              2407P   5187
128,2,8,2,2,0,1,0,0,1,-3.14159265358979,-3.14159265358979,          2409P   5188
-3.14159265358979,-1.57079632679489,-1.57079632679489,              2409P   5189
-1.57079632679489,-3.14159265358979,-3.14159265358979,              2409P   5190
-3.14159265358979,-1.5707963267949,-1.5707963267949,0.,0.,          2409P   5191
1.5707963267949,1.5707963267949,3.14159265358979,                   2409P   5192
3.14159265358979,3.14159265358979,1.,0.707106781186562,1.,          2409P   5193
0.707106781186548,0.50000000000001,0.707106781186548,1.,            2409P   5194
0.707106781186562,1.,0.707106781186548,0.50000000000001,            2409P   5195
0.707106781186548,1.,0.707106781186562,1.,0.707106781186548,        2409P   5196
0.50000000000001,0.707106781186548,1.,0.707106781186562,1.,         2409P   5197
0.707106781186548,0.50000000000001,0.707106781186548,1.,            2409P   5198
0.707106781186562,1.,44.25,0.,110.4,44.25,0.,111.4,45.25,0.,        2409P   5199
111.4,44.25,-44.25,110.4,44.25,-44.25,111.4,45.25,-45.25,111.4,     2409P   5200
0.,-44.25,110.4,0.,-44.25,111.4,0.,-45.25,111.4,-44.25,-44.25,      2409P   5201
110.4,-44.25,-44.25,111.4,-45.25,-45.25,111.4,-44.25,0.,110.4,      2409P   5202
-44.25,0.,111.4,-45.25,0.,111.4,-44.25,44.25,110.4,-44.25,44.25,    2409P   5203
111.4,-45.25,45.25,111.4,0.,44.25,110.4,0.,44.25,111.4,0.,45.25,    2409P   5204
111.4,44.25,44.25,110.4,44.25,44.25,111.4,45.25,45.25,111.4,        2409P   5205
44.25,0.,110.4,44.25,0.,111.4,45.25,0.,111.4,-3.14159265358979,     2409P   5206
-1.57079632679489,-3.14159265358979,3.14159265358979;               2409P   5207
128,1,1,1,1,0,0,1,0,0,-5.381,-5.381,5.381,5.381,-10.761,-10.761,    2411P   5208
0.00100000000000009,0.00100000000000009,1.,1.,1.,1.,53.81,          2411P   5209
-53.81,111.4,-53.81,-53.81,111.4,53.81,53.81,111.4,-53.81,53.81,    2411P   5210
111.4,-5.381,5.381,-10.761,0.00100000000000009;                     2411P   5211
128,2,8,2,2,0,1,0,0,1,-3.14159265358979,-3.14159265358979,          2413P   5212
-3.14159265358979,-1.57079632679489,-1.57079632679489,              2413P   5213
-1.57079632679489,-3.14159265358979,-3.14159265358979,              2413P   5214
-3.14159265358979,-1.5707963267949,-1.5707963267949,0.,0.,          2413P   5215
1.5707963267949,1.5707963267949,3.14159265358979,                   2413P   5216
3.14159265358979,3.14159265358979,1.,0.707106781186554,1.,          2413P   5217
0.707106781186548,0.500000000000005,0.707106781186548,1.,           2413P   5218
0.707106781186554,1.,0.707106781186548,0.500000000000005,           2413P   5219
0.707106781186548,1.,0.707106781186554,1.,0.707106781186548,        2413P   5220
0.500000000000005,0.707106781186548,1.,0.707106781186554,1.,        2413P   5221
0.707106781186548,0.500000000000005,0.707106781186548,1.,           2413P   5222
0.707106781186554,1.,-44.25,0.,128.,-44.25,0.,127.,-45.25,0.,       2413P   5223
127.,-44.25,-44.25,128.,-44.25,-44.25,127.,-45.25,-45.25,127.,      2413P   5224
0.,-44.25,128.,0.,-44.25,127.,0.,-45.25,127.,44.25,-44.25,128.,     2413P   5225
44.25,-44.25,127.,45.25,-45.25,127.,44.25,0.,128.,44.25,0.,127.,    2413P   5226
45.25,0.,127.,44.25,44.25,128.,44.25,44.25,127.,45.25,45.25,        2413P   5227
127.,0.,44.25,128.,0.,44.25,127.,0.,45.25,127.,-44.25,44.25,        2413P   5228
128.,-44.25,44.25,127.,-45.25,45.25,127.,-44.25,0.,128.,-44.25,     2413P   5229
0.,127.,-45.25,0.,127.,-3.14159265358979,-1.57079632679489,         2413P   5230
-3.14159265358979,3.14159265358979;                                 2413P   5231
128,1,8,1,2,0,1,0,0,1,2.53107344632768,2.53107344632768,            2415P   5232
2.59435028248588,2.59435028248588,-3.14159265358979,                2415P   5233
-3.14159265358979,-3.14159265358979,-1.5707963267949,               2415P   5234
-1.5707963267949,0.,0.,1.5707963267949,1.5707963267949,             2415P   5235
3.14159265358979,3.14159265358979,3.14159265358979,1.,1.,           2415P   5236
0.707106781186548,0.707106781186548,1.,1.,0.707106781186548,        2415P   5237
0.707106781186548,1.,1.,0.707106781186548,0.707106781186548,1.,     2415P   5238
1.,0.707106781186548,0.707106781186548,1.,1.,-44.25,0.,130.8,       2415P   5239
-44.25,0.,128.,-44.25,-44.25,130.8,-44.25,-44.25,128.,0.,-44.25,    2415P   5240
130.8,0.,-44.25,128.,44.25,-44.25,130.8,44.25,-44.25,128.,44.25,    2415P   5241
0.,130.8,44.25,0.,128.,44.25,44.25,130.8,44.25,44.25,128.,0.,       2415P   5242
44.25,130.8,0.,44.25,128.,-44.25,44.25,130.8,-44.25,44.25,128.,     2415P   5243
-44.25,0.,130.8,-44.25,0.,128.,2.53107344632768,                    2415P   5244
2.59435028248588,-3.14159265358979,3.14159265358979;                2415P   5245
128,1,1,1,1,0,0,1,0,0,-5.381,-5.381,5.381,5.381,-9.806,-9.806,      2417P   5246
0.955999999999999,0.955999999999999,1.,1.,1.,1.,-53.81,-53.81,      2417P   5247
127.,53.81,-53.81,127.,-53.81,53.81,127.,53.81,53.81,127.,          2417P   5248
-5.381,5.381,-9.806,0.955999999999999;                              2417P   5249
128,2,8,2,2,0,1,0,0,1,-3.14159265358979,-3.14159265358979,          2419P   5250
-3.14159265358979,-1.57079632679489,-1.57079632679489,              2419P   5251
-1.57079632679489,-3.14159265358979,-3.14159265358979,              2419P   5252
-3.14159265358979,-1.5707963267949,-1.5707963267949,0.,0.,          2419P   5253
1.5707963267949,1.5707963267949,3.14159265358979,                   2419P   5254
3.14159265358979,3.14159265358979,1.,0.707106781186562,1.,          2419P   5255
0.707106781186548,0.50000000000001,0.707106781186548,1.,            2419P   5256
0.707106781186562,1.,0.707106781186548,0.50000000000001,            2419P   5257
0.707106781186548,1.,0.707106781186562,1.,0.707106781186548,        2419P   5258
0.50000000000001,0.707106781186548,1.,0.707106781186562,1.,         2419P   5259
0.707106781186548,0.50000000000001,0.707106781186548,1.,            2419P   5260
0.707106781186562,1.,44.25,0.,120.6,44.25,0.,121.6,45.25,0.,        2419P   5261
121.6,44.25,-44.25,120.6,44.25,-44.25,121.6,45.25,-45.25,121.6,     2419P   5262
0.,-44.25,120.6,0.,-44.25,121.6,0.,-45.25,121.6,-44.25,-44.25,      2419P   5263
120.6,-44.25,-44.25,121.6,-45.25,-45.25,121.6,-44.25,0.,120.6,      2419P   5264
-44.25,0.,121.6,-45.25,0.,121.6,-44.25,44.25,120.6,-44.25,44.25,    2419P   5265
121.6,-45.25,45.25,121.6,0.,44.25,120.6,0.,44.25,121.6,0.,45.25,    2419P   5266
121.6,44.25,44.25,120.6,44.25,44.25,121.6,45.25,45.25,121.6,        2419P   5267
44.25,0.,120.6,44.25,0.,121.6,45.25,0.,121.6,-3.14159265358979,     2419P   5268
-1.57079632679489,-3.14159265358979,3.14159265358979;               2419P   5269
128,1,1,1,1,0,0,1,0,0,-5.381,-5.381,5.381,5.381,-10.761,-10.761,    2421P   5270
0.00100000000000009,0.00100000000000009,1.,1.,1.,1.,53.81,          2421P   5271
-53.81,121.6,-53.81,-53.81,121.6,53.81,53.81,121.6,-53.81,53.81,    2421P   5272
121.6,-5.381,5.381,-10.761,0.00100000000000009;                     2421P   5273
128,2,8,2,2,0,1,0,0,1,-3.14159265358979,-3.14159265358979,          2423P   5274
-3.14159265358979,-1.57079632679489,-1.57079632679489,              2423P   5275
-1.57079632679489,-3.14159265358979,-3.14159265358979,              2423P   5276
-3.14159265358979,-1.5707963267949,-1.5707963267949,0.,0.,          2423P   5277
1.5707963267949,1.5707963267949,3.14159265358979,                   2423P   5278
3.14159265358979,3.14159265358979,1.,0.707106781186554,1.,          2423P   5279
0.707106781186548,0.500000000000005,0.707106781186548,1.,           2423P   5280
0.707106781186554,1.,0.707106781186548,0.500000000000005,           2423P   5281
0.707106781186548,1.,0.707106781186554,1.,0.707106781186548,        2423P   5282
0.500000000000005,0.707106781186548,1.,0.707106781186554,1.,        2423P   5283
0.707106781186548,0.500000000000005,0.707106781186548,1.,           2423P   5284
0.707106781186554,1.,-44.25,0.,138.2,-44.25,0.,137.2,-45.25,0.,     2423P   5285
137.2,-44.25,-44.25,138.2,-44.25,-44.25,137.2,-45.25,-45.25,        2423P   5286
137.2,0.,-44.25,138.2,0.,-44.25,137.2,0.,-45.25,137.2,44.25,        2423P   5287
-44.25,138.2,44.25,-44.25,137.2,45.25,-45.25,137.2,44.25,0.,        2423P   5288
138.2,44.25,0.,137.2,45.25,0.,137.2,44.25,44.25,138.2,44.25,        2423P   5289
44.25,137.2,45.25,45.25,137.2,0.,44.25,138.2,0.,44.25,137.2,0.,     2423P   5290
45.25,137.2,-44.25,44.25,138.2,-44.25,44.25,137.2,-45.25,45.25,     2423P   5291
137.2,-44.25,0.,138.2,-44.25,0.,137.2,-45.25,0.,137.2,              2423P   5292
-3.14159265358979,-1.57079632679489,-3.14159265358979,              2423P   5293
3.14159265358979;                                                   2423P   5294
128,1,8,1,2,0,1,0,0,1,2.76158192090395,2.76158192090395,            2425P   5295
2.82485875706215,2.82485875706215,-3.14159265358979,                2425P   5296
-3.14159265358979,-3.14159265358979,-1.5707963267949,               2425P   5297
-1.5707963267949,0.,0.,1.5707963267949,1.5707963267949,             2425P   5298
3.14159265358979,3.14159265358979,3.14159265358979,1.,1.,           2425P   5299
0.707106781186548,0.707106781186548,1.,1.,0.707106781186548,        2425P   5300
0.707106781186548,1.,1.,0.707106781186548,0.707106781186548,1.,     2425P   5301
1.,0.707106781186548,0.707106781186548,1.,1.,-44.25,0.,141.,        2425P   5302
-44.25,0.,138.2,-44.25,-44.25,141.,-44.25,-44.25,138.2,0.,          2425P   5303
-44.25,141.,0.,-44.25,138.2,44.25,-44.25,141.,44.25,-44.25,         2425P   5304
138.2,44.25,0.,141.,44.25,0.,138.2,44.25,44.25,141.,44.25,44.25,    2425P   5305
138.2,0.,44.25,141.,0.,44.25,138.2,-44.25,44.25,141.,-44.25,        2425P   5306
44.25,138.2,-44.25,0.,141.,-44.25,0.,138.2,2.76158192090395,        2425P   5307
2.82485875706215,-3.14159265358979,3.14159265358979;                2425P   5308
128,1,1,1,1,0,0,1,0,0,-5.381,-5.381,5.381,5.381,-9.806,-9.806,      2427P   5309
0.955999999999999,0.955999999999999,1.,1.,1.,1.,-53.81,-53.81,      2427P   5310
137.2,53.81,-53.81,137.2,-53.81,53.81,137.2,53.81,53.81,137.2,      2427P   5311
-5.381,5.381,-9.806,0.955999999999999;                              2427P   5312
128,2,8,2,2,0,1,0,0,1,-3.14159265358979,-3.14159265358979,          2429P   5313
-3.14159265358979,-1.57079632679489,-1.57079632679489,              2429P   5314
-1.57079632679489,-3.14159265358979,-3.14159265358979,              2429P   5315
-3.14159265358979,-1.5707963267949,-1.5707963267949,0.,0.,          2429P   5316
1.5707963267949,1.5707963267949,3.14159265358979,                   2429P   5317
3.14159265358979,3.14159265358979,1.,0.707106781186562,1.,          2429P   5318
0.707106781186548,0.50000000000001,0.707106781186548,1.,            2429P   5319
0.707106781186562,1.,0.707106781186548,0.50000000000001,            2429P   5320
0.707106781186548,1.,0.707106781186562,1.,0.707106781186548,        2429P   5321
0.50000000000001,0.707106781186548,1.,0.707106781186562,1.,         2429P   5322
0.707106781186548,0.50000000000001,0.707106781186548,1.,            2429P   5323
0.707106781186562,1.,44.25,0.,130.8,44.25,0.,131.8,45.25,0.,        2429P   5324
131.8,44.25,-44.25,130.8,44.25,-44.25,131.8,45.25,-45.25,131.8,     2429P   5325
0.,-44.25,130.8,0.,-44.25,131.8,0.,-45.25,131.8,-44.25,-44.25,      2429P   5326
130.8,-44.25,-44.25,131.8,-45.25,-45.25,131.8,-44.25,0.,130.8,      2429P   5327
-44.25,0.,131.8,-45.25,0.,131.8,-44.25,44.25,130.8,-44.25,44.25,    2429P   5328
131.8,-45.25,45.25,131.8,0.,44.25,130.8,0.,44.25,131.8,0.,45.25,    2429P   5329
131.8,44.25,44.25,130.8,44.25,44.25,131.8,45.25,45.25,131.8,        2429P   5330
44.25,0.,130.8,44.25,0.,131.8,45.25,0.,131.8,-3.14159265358979,     2429P   5331
-1.57079632679489,-3.14159265358979,3.14159265358979;               2429P   5332
128,1,1,1,1,0,0,1,0,0,-5.381,-5.381,5.381,5.381,-10.761,-10.761,    2431P   5333
0.00100000000000009,0.00100000000000009,1.,1.,1.,1.,53.81,          2431P   5334
-53.81,131.8,-53.81,-53.81,131.8,53.81,53.81,131.8,-53.81,53.81,    2431P   5335
131.8,-5.381,5.381,-10.761,0.00100000000000009;                     2431P   5336
128,2,8,2,2,0,1,0,0,1,-3.14159265358979,-3.14159265358979,          2433P   5337
-3.14159265358979,-1.57079632679489,-1.57079632679489,              2433P   5338
-1.57079632679489,-3.14159265358979,-3.14159265358979,              2433P   5339
-3.14159265358979,-1.5707963267949,-1.5707963267949,0.,0.,          2433P   5340
1.5707963267949,1.5707963267949,3.14159265358979,                   2433P   5341
3.14159265358979,3.14159265358979,1.,0.707106781186554,1.,          2433P   5342
0.707106781186548,0.500000000000005,0.707106781186548,1.,           2433P   5343
0.707106781186554,1.,0.707106781186548,0.500000000000005,           2433P   5344
0.707106781186548,1.,0.707106781186554,1.,0.707106781186548,        2433P   5345
0.500000000000005,0.707106781186548,1.,0.707106781186554,1.,        2433P   5346
0.707106781186548,0.500000000000005,0.707106781186548,1.,           2433P   5347
0.707106781186554,1.,-44.25,0.,148.4,-44.25,0.,147.4,-45.25,0.,     2433P   5348
147.4,-44.25,-44.25,148.4,-44.25,-44.25,147.4,-45.25,-45.25,        2433P   5349
147.4,0.,-44.25,148.4,0.,-44.25,147.4,0.,-45.25,147.4,44.25,        2433P   5350
-44.25,148.4,44.25,-44.25,147.4,45.25,-45.25,147.4,44.25,0.,        2433P   5351
148.4,44.25,0.,147.4,45.25,0.,147.4,44.25,44.25,148.4,44.25,        2433P   5352
44.25,147.4,45.25,45.25,147.4,0.,44.25,148.4,0.,44.25,147.4,0.,     2433P   5353
45.25,147.4,-44.25,44.25,148.4,-44.25,44.25,147.4,-45.25,45.25,     2433P   5354
147.4,-44.25,0.,148.4,-44.25,0.,147.4,-45.25,0.,147.4,              2433P   5355
-3.14159265358979,-1.57079632679489,-3.14159265358979,              2433P   5356
3.14159265358979;                                                   2433P   5357
128,1,8,1,2,0,1,0,0,1,2.99209039548023,2.99209039548023,            2435P   5358
3.05536723163842,3.05536723163842,-3.14159265358979,                2435P   5359
-3.14159265358979,-3.14159265358979,-1.5707963267949,               2435P   5360
-1.5707963267949,0.,0.,1.5707963267949,1.5707963267949,             2435P   5361
3.14159265358979,3.14159265358979,3.14159265358979,1.,1.,           2435P   5362
0.707106781186548,0.707106781186548,1.,1.,0.707106781186548,        2435P   5363
0.707106781186548,1.,1.,0.707106781186548,0.707106781186548,1.,     2435P   5364
1.,0.707106781186548,0.707106781186548,1.,1.,-44.25,0.,151.2,       2435P   5365
-44.25,0.,148.4,-44.25,-44.25,151.2,-44.25,-44.25,148.4,0.,         2435P   5366
-44.25,151.2,0.,-44.25,148.4,44.25,-44.25,151.2,44.25,-44.25,       2435P   5367
148.4,44.25,0.,151.2,44.25,0.,148.4,44.25,44.25,151.2,44.25,        2435P   5368
44.25,148.4,0.,44.25,151.2,0.,44.25,148.4,-44.25,44.25,151.2,       2435P   5369
-44.25,44.25,148.4,-44.25,0.,151.2,-44.25,0.,148.4,                 2435P   5370
2.99209039548023,3.05536723163842,-3.14159265358979,                2435P   5371
3.14159265358979;                                                   2435P   5372
128,1,1,1,1,0,0,1,0,0,-5.381,-5.381,5.381,5.381,-9.806,-9.806,      2437P   5373
0.955999999999999,0.955999999999999,1.,1.,1.,1.,-53.81,-53.81,      2437P   5374
147.4,53.81,-53.81,147.4,-53.81,53.81,147.4,53.81,53.81,147.4,      2437P   5375
-5.381,5.381,-9.806,0.955999999999999;                              2437P   5376
128,2,8,2,2,0,1,0,0,1,-3.14159265358979,-3.14159265358979,          2439P   5377
-3.14159265358979,-1.57079632679489,-1.57079632679489,              2439P   5378
-1.57079632679489,-3.14159265358979,-3.14159265358979,              2439P   5379
-3.14159265358979,-1.5707963267949,-1.5707963267949,0.,0.,          2439P   5380
1.5707963267949,1.5707963267949,3.14159265358979,                   2439P   5381
3.14159265358979,3.14159265358979,1.,0.707106781186562,1.,          2439P   5382
0.707106781186548,0.50000000000001,0.707106781186548,1.,            2439P   5383
0.707106781186562,1.,0.707106781186548,0.50000000000001,            2439P   5384
0.707106781186548,1.,0.707106781186562,1.,0.707106781186548,        2439P   5385
0.50000000000001,0.707106781186548,1.,0.707106781186562,1.,         2439P   5386
0.707106781186548,0.50000000000001,0.707106781186548,1.,            2439P   5387
0.707106781186562,1.,44.25,0.,141.,44.25,0.,142.,45.25,0.,142.,     2439P   5388
44.25,-44.25,141.,44.25,-44.25,142.,45.25,-45.25,142.,0.,-44.25,    2439P   5389
141.,0.,-44.25,142.,0.,-45.25,142.,-44.25,-44.25,141.,-44.25,       2439P   5390
-44.25,142.,-45.25,-45.25,142.,-44.25,0.,141.,-44.25,0.,142.,       2439P   5391
-45.25,0.,142.,-44.25,44.25,141.,-44.25,44.25,142.,-45.25,45.25,    2439P   5392
142.,0.,44.25,141.,0.,44.25,142.,0.,45.25,142.,44.25,44.25,141.,    2439P   5393
44.25,44.25,142.,45.25,45.25,142.,44.25,0.,141.,44.25,0.,142.,      2439P   5394
45.25,0.,142.,-3.14159265358979,-1.57079632679489,                  2439P   5395
-3.14159265358979,3.14159265358979;                                 2439P   5396
128,1,1,1,1,0,0,1,0,0,-5.381,-5.381,5.381,5.381,-10.761,-10.761,    2441P   5397
0.00100000000000009,0.00100000000000009,1.,1.,1.,1.,53.81,          2441P   5398
-53.81,142.,-53.81,-53.81,142.,53.81,53.81,142.,-53.81,53.81,       2441P   5399
142.,-5.381,5.381,-10.761,0.00100000000000009;                      2441P   5400
128,2,8,2,2,0,1,0,0,1,-3.14159265358979,-3.14159265358979,          2443P   5401
-3.14159265358979,-1.57079632679489,-1.57079632679489,              2443P   5402
-1.57079632679489,-3.14159265358979,-3.14159265358979,              2443P   5403
-3.14159265358979,-1.5707963267949,-1.5707963267949,0.,0.,          2443P   5404
1.5707963267949,1.5707963267949,3.14159265358979,                   2443P   5405
3.14159265358979,3.14159265358979,1.,0.707106781186554,1.,          2443P   5406
0.707106781186548,0.500000000000005,0.707106781186548,1.,           2443P   5407
0.707106781186554,1.,0.707106781186548,0.500000000000005,           2443P   5408
0.707106781186548,1.,0.707106781186554,1.,0.707106781186548,        2443P   5409
0.500000000000005,0.707106781186548,1.,0.707106781186554,1.,        2443P   5410
0.707106781186548,0.500000000000005,0.707106781186548,1.,           2443P   5411
0.707106781186554,1.,-44.25,0.,158.6,-44.25,0.,157.6,-45.25,0.,     2443P   5412
157.6,-44.25,-44.25,158.6,-44.25,-44.25,157.6,-45.25,-45.25,        2443P   5413
157.6,0.,-44.25,158.6,0.,-44.25,157.6,0.,-45.25,157.6,44.25,        2443P   5414
-44.25,158.6,44.25,-44.25,157.6,45.25,-45.25,157.6,44.25,0.,        2443P   5415
158.6,44.25,0.,157.6,45.25,0.,157.6,44.25,44.25,158.6,44.25,        2443P   5416
44.25,157.6,45.25,45.25,157.6,0.,44.25,158.6,0.,44.25,157.6,0.,     2443P   5417
45.25,157.6,-44.25,44.25,158.6,-44.25,44.25,157.6,-45.25,45.25,     2443P   5418
157.6,-44.25,0.,158.6,-44.25,0.,157.6,-45.25,0.,157.6,              2443P   5419
-3.14159265358979,-1.57079632679489,-3.14159265358979,              2443P   5420
3.14159265358979;                                                   2443P   5421
128,1,8,1,2,0,1,0,0,1,3.2225988700565,3.2225988700565,              2445P   5422
3.28587570621469,3.28587570621469,-3.14159265358979,                2445P   5423
-3.14159265358979,-3.14159265358979,-1.5707963267949,               2445P   5424
-1.5707963267949,0.,0.,1.5707963267949,1.5707963267949,             2445P   5425
3.14159265358979,3.14159265358979,3.14159265358979,1.,1.,           2445P   5426
0.707106781186548,0.707106781186548,1.,1.,0.707106781186548,        2445P   5427
0.707106781186548,1.,1.,0.707106781186548,0.707106781186548,1.,     2445P   5428
1.,0.707106781186548,0.707106781186548,1.,1.,-44.25,0.,161.4,       2445P   5429
-44.25,0.,158.6,-44.25,-44.25,161.4,-44.25,-44.25,158.6,0.,         2445P   5430
-44.25,161.4,0.,-44.25,158.6,44.25,-44.25,161.4,44.25,-44.25,       2445P   5431
158.6,44.25,0.,161.4,44.25,0.,158.6,44.25,44.25,161.4,44.25,        2445P   5432
44.25,158.6,0.,44.25,161.4,0.,44.25,158.6,-44.25,44.25,161.4,       2445P   5433
-44.25,44.25,158.6,-44.25,0.,161.4,-44.25,0.,158.6,                 2445P   5434
3.2225988700565,3.28587570621469,-3.14159265358979,                 2445P   5435
3.14159265358979;                                                   2445P   5436
128,1,1,1,1,0,0,1,0,0,-5.381,-5.381,5.381,5.381,-9.806,-9.806,      2447P   5437
0.955999999999999,0.955999999999999,1.,1.,1.,1.,-53.81,-53.81,      2447P   5438
157.6,53.81,-53.81,157.6,-53.81,53.81,157.6,53.81,53.81,157.6,      2447P   5439
-5.381,5.381,-9.806,0.955999999999999;                              2447P   5440
128,2,8,2,2,0,1,0,0,1,-3.14159265358979,-3.14159265358979,          2449P   5441
-3.14159265358979,-1.57079632679489,-1.57079632679489,              2449P   5442
-1.57079632679489,-3.14159265358979,-3.14159265358979,              2449P   5443
-3.14159265358979,-1.5707963267949,-1.5707963267949,0.,0.,          2449P   5444
1.5707963267949,1.5707963267949,3.14159265358979,                   2449P   5445
3.14159265358979,3.14159265358979,1.,0.707106781186562,1.,          2449P   5446
0.707106781186548,0.50000000000001,0.707106781186548,1.,            2449P   5447
0.707106781186562,1.,0.707106781186548,0.50000000000001,            2449P   5448
0.707106781186548,1.,0.707106781186562,1.,0.707106781186548,        2449P   5449
0.50000000000001,0.707106781186548,1.,0.707106781186562,1.,         2449P   5450
0.707106781186548,0.50000000000001,0.707106781186548,1.,            2449P   5451
0.707106781186562,1.,44.25,0.,151.2,44.25,0.,152.2,45.25,0.,        2449P   5452
152.2,44.25,-44.25,151.2,44.25,-44.25,152.2,45.25,-45.25,152.2,     2449P   5453
0.,-44.25,151.2,0.,-44.25,152.2,0.,-45.25,152.2,-44.25,-44.25,      2449P   5454
151.2,-44.25,-44.25,152.2,-45.25,-45.25,152.2,-44.25,0.,151.2,      2449P   5455
-44.25,0.,152.2,-45.25,0.,152.2,-44.25,44.25,151.2,-44.25,44.25,    2449P   5456
152.2,-45.25,45.25,152.2,0.,44.25,151.2,0.,44.25,152.2,0.,45.25,    2449P   5457
152.2,44.25,44.25,151.2,44.25,44.25,152.2,45.25,45.25,152.2,        2449P   5458
44.25,0.,151.2,44.25,0.,152.2,45.25,0.,152.2,-3.14159265358979,     2449P   5459
-1.57079632679489,-3.14159265358979,3.14159265358979;               2449P   5460
128,1,1,1,1,0,0,1,0,0,-5.381,-5.381,5.381,5.381,-10.761,-10.761,    2451P   5461
0.00100000000000009,0.00100000000000009,1.,1.,1.,1.,53.81,          2451P   5462
-53.81,152.2,-53.81,-53.81,152.2,53.81,53.81,152.2,-53.81,53.81,    2451P   5463
152.2,-5.381,5.381,-10.761,0.00100000000000009;                     2451P   5464
128,2,8,2,2,0,1,0,0,1,-3.14159265358979,-3.14159265358979,          2453P   5465
-3.14159265358979,-1.57079632679489,-1.57079632679489,              2453P   5466
-1.57079632679489,-3.14159265358979,-3.14159265358979,              2453P   5467
-3.14159265358979,-1.5707963267949,-1.5707963267949,0.,0.,          2453P   5468
1.5707963267949,1.5707963267949,3.14159265358979,                   2453P   5469
3.14159265358979,3.14159265358979,1.,0.707106781186517,1.,          2453P   5470
0.707106781186548,0.499999999999979,0.707106781186548,1.,           2453P   5471
0.707106781186517,1.,0.707106781186548,0.499999999999979,           2453P   5472
0.707106781186548,1.,0.707106781186517,1.,0.707106781186548,        2453P   5473
0.499999999999979,0.707106781186548,1.,0.707106781186517,1.,        2453P   5474
0.707106781186548,0.499999999999979,0.707106781186548,1.,           2453P   5475
0.707106781186517,1.,-44.25,0.,168.8,-44.25,0.,167.8,-45.25,0.,     2453P   5476
167.8,-44.25,-44.25,168.8,-44.25,-44.25,167.8,-45.25,-45.25,        2453P   5477
167.8,0.,-44.25,168.8,0.,-44.25,167.8,0.,-45.25,167.8,44.25,        2453P   5478
-44.25,168.8,44.25,-44.25,167.8,45.25,-45.25,167.8,44.25,0.,        2453P   5479
168.8,44.25,0.,167.8,45.25,0.,167.8,44.25,44.25,168.8,44.25,        2453P   5480
44.25,167.8,45.25,45.25,167.8,0.,44.25,168.8,0.,44.25,167.8,0.,     2453P   5481
45.25,167.8,-44.25,44.25,168.8,-44.25,44.25,167.8,-45.25,45.25,     2453P   5482
167.8,-44.25,0.,168.8,-44.25,0.,167.8,-45.25,0.,167.8,              2453P   5483
-3.14159265358979,-1.57079632679489,-3.14159265358979,              2453P   5484
3.14159265358979;                                                   2453P   5485
128,1,8,1,2,0,1,0,0,1,3.45310734463277,3.45310734463277,            2455P   5486
3.51638418079096,3.51638418079096,-3.14159265358979,                2455P   5487
-3.14159265358979,-3.14159265358979,-1.5707963267949,               2455P   5488
-1.5707963267949,0.,0.,1.5707963267949,1.5707963267949,             2455P   5489
3.14159265358979,3.14159265358979,3.14159265358979,1.,1.,           2455P   5490
0.707106781186548,0.707106781186548,1.,1.,0.707106781186548,        2455P   5491
0.707106781186548,1.,1.,0.707106781186548,0.707106781186548,1.,     2455P   5492
1.,0.707106781186548,0.707106781186548,1.,1.,-44.25,0.,171.6,       2455P   5493
-44.25,0.,168.8,-44.25,-44.25,171.6,-44.25,-44.25,168.8,0.,         2455P   5494
-44.25,171.6,0.,-44.25,168.8,44.25,-44.25,171.6,44.25,-44.25,       2455P   5495
168.8,44.25,0.,171.6,44.25,0.,168.8,44.25,44.25,171.6,44.25,        2455P   5496
44.25,168.8,0.,44.25,171.6,0.,44.25,168.8,-44.25,44.25,171.6,       2455P   5497
-44.25,44.25,168.8,-44.25,0.,171.6,-44.25,0.,168.8,                 2455P   5498
3.45310734463277,3.51638418079096,-3.14159265358979,                2455P   5499
3.14159265358979;                                                   2455P   5500
128,1,1,1,1,0,0,1,0,0,-5.381,-5.381,5.381,5.381,-9.806,-9.806,      2457P   5501
0.955999999999999,0.955999999999999,1.,1.,1.,1.,-53.81,-53.81,      2457P   5502
167.8,53.81,-53.81,167.8,-53.81,53.81,167.8,53.81,53.81,167.8,      2457P   5503
-5.381,5.381,-9.806,0.955999999999999;                              2457P   5504
128,2,8,2,2,0,1,0,0,1,-3.14159265358979,-3.14159265358979,          2459P   5505
-3.14159265358979,-1.57079632679489,-1.57079632679489,              2459P   5506
-1.57079632679489,-3.14159265358979,-3.14159265358979,              2459P   5507
-3.14159265358979,-1.5707963267949,-1.5707963267949,0.,0.,          2459P   5508
1.5707963267949,1.5707963267949,3.14159265358979,                   2459P   5509
3.14159265358979,3.14159265358979,1.,0.707106781186525,1.,          2459P   5510
0.707106781186548,0.499999999999984,0.707106781186548,1.,           2459P   5511
0.707106781186525,1.,0.707106781186548,0.499999999999984,           2459P   5512
0.707106781186548,1.,0.707106781186525,1.,0.707106781186548,        2459P   5513
0.499999999999984,0.707106781186548,1.,0.707106781186525,1.,        2459P   5514
0.707106781186548,0.499999999999984,0.707106781186548,1.,           2459P   5515
0.707106781186525,1.,44.25,0.,161.4,44.25,0.,162.4,45.25,0.,        2459P   5516
162.4,44.25,-44.25,161.4,44.25,-44.25,162.4,45.25,-45.25,162.4,     2459P   5517
0.,-44.25,161.4,0.,-44.25,162.4,0.,-45.25,162.4,-44.25,-44.25,      2459P   5518
161.4,-44.25,-44.25,162.4,-45.25,-45.25,162.4,-44.25,0.,161.4,      2459P   5519
-44.25,0.,162.4,-45.25,0.,162.4,-44.25,44.25,161.4,-44.25,44.25,    2459P   5520
162.4,-45.25,45.25,162.4,0.,44.25,161.4,0.,44.25,162.4,0.,45.25,    2459P   5521
162.4,44.25,44.25,161.4,44.25,44.25,162.4,45.25,45.25,162.4,        2459P   5522
44.25,0.,161.4,44.25,0.,162.4,45.25,0.,162.4,-3.14159265358979,     2459P   5523
-1.57079632679489,-3.14159265358979,3.14159265358979;               2459P   5524
128,1,1,1,1,0,0,1,0,0,-5.381,-5.381,5.381,5.381,-10.761,-10.761,    2461P   5525
0.00100000000000009,0.00100000000000009,1.,1.,1.,1.,53.81,          2461P   5526
-53.81,162.4,-53.81,-53.81,162.4,53.81,53.81,162.4,-53.81,53.81,    2461P   5527
162.4,-5.381,5.381,-10.761,0.00100000000000009;                     2461P   5528
128,2,8,2,2,0,1,0,0,1,-3.14159265358979,-3.14159265358979,          2463P   5529
-3.14159265358979,-1.57079632679489,-1.57079632679489,              2463P   5530
-1.57079632679489,-3.14159265358979,-3.14159265358979,              2463P   5531
-3.14159265358979,-1.5707963267949,-1.5707963267949,0.,0.,          2463P   5532
1.5707963267949,1.5707963267949,3.14159265358979,                   2463P   5533
3.14159265358979,3.14159265358979,1.,0.707106781186517,1.,          2463P   5534
0.707106781186548,0.499999999999979,0.707106781186548,1.,           2463P   5535
0.707106781186517,1.,0.707106781186548,0.499999999999979,           2463P   5536
0.707106781186548,1.,0.707106781186517,1.,0.707106781186548,        2463P   5537
0.499999999999979,0.707106781186548,1.,0.707106781186517,1.,        2463P   5538
0.707106781186548,0.499999999999979,0.707106781186548,1.,           2463P   5539
0.707106781186517,1.,-44.25,0.,179.,-44.25,0.,178.,-45.25,0.,       2463P   5540
178.,-44.25,-44.25,179.,-44.25,-44.25,178.,-45.25,-45.25,178.,      2463P   5541
0.,-44.25,179.,0.,-44.25,178.,0.,-45.25,178.,44.25,-44.25,179.,     2463P   5542
44.25,-44.25,178.,45.25,-45.25,178.,44.25,0.,179.,44.25,0.,178.,    2463P   5543
45.25,0.,178.,44.25,44.25,179.,44.25,44.25,178.,45.25,45.25,        2463P   5544
178.,0.,44.25,179.,0.,44.25,178.,0.,45.25,178.,-44.25,44.25,        2463P   5545
179.,-44.25,44.25,178.,-45.25,45.25,178.,-44.25,0.,179.,-44.25,     2463P   5546
0.,178.,-45.25,0.,178.,-3.14159265358979,-1.57079632679489,         2463P   5547
-3.14159265358979,3.14159265358979;                                 2463P   5548
128,1,8,1,2,0,1,0,0,1,3.68361581920904,3.68361581920904,            2465P   5549
3.74689265536723,3.74689265536723,-3.14159265358979,                2465P   5550
-3.14159265358979,-3.14159265358979,-1.5707963267949,               2465P   5551
-1.5707963267949,0.,0.,1.5707963267949,1.5707963267949,             2465P   5552
3.14159265358979,3.14159265358979,3.14159265358979,1.,1.,           2465P   5553
0.707106781186548,0.707106781186548,1.,1.,0.707106781186548,        2465P   5554
0.707106781186548,1.,1.,0.707106781186548,0.707106781186548,1.,     2465P   5555
1.,0.707106781186548,0.707106781186548,1.,1.,-44.25,0.,181.8,       2465P   5556
-44.25,0.,179.,-44.25,-44.25,181.8,-44.25,-44.25,179.,0.,-44.25,    2465P   5557
181.8,0.,-44.25,179.,44.25,-44.25,181.8,44.25,-44.25,179.,44.25,    2465P   5558
0.,181.8,44.25,0.,179.,44.25,44.25,181.8,44.25,44.25,179.,0.,       2465P   5559
44.25,181.8,0.,44.25,179.,-44.25,44.25,181.8,-44.25,44.25,179.,     2465P   5560
-44.25,0.,181.8,-44.25,0.,179.,3.68361581920904,                    2465P   5561
3.74689265536723,-3.14159265358979,3.14159265358979;                2465P   5562
128,1,1,1,1,0,0,1,0,0,-5.381,-5.381,5.381,5.381,-9.806,-9.806,      2467P   5563
0.955999999999999,0.955999999999999,1.,1.,1.,1.,-53.81,-53.81,      2467P   5564
178.,53.81,-53.81,178.,-53.81,53.81,178.,53.81,53.81,178.,          2467P   5565
-5.381,5.381,-9.806,0.955999999999999;                              2467P   5566
128,2,8,2,2,0,1,0,0,1,-3.14159265358979,-3.14159265358979,          2469P   5567
-3.14159265358979,-1.57079632679489,-1.57079632679489,              2469P   5568
-1.57079632679489,-3.14159265358979,-3.14159265358979,              2469P   5569
-3.14159265358979,-1.5707963267949,-1.5707963267949,0.,0.,          2469P   5570
1.5707963267949,1.5707963267949,3.14159265358979,                   2469P   5571
3.14159265358979,3.14159265358979,1.,0.707106781186525,1.,          2469P   5572
0.707106781186548,0.499999999999984,0.707106781186548,1.,           2469P   5573
0.707106781186525,1.,0.707106781186548,0.499999999999984,           2469P   5574
0.707106781186548,1.,0.707106781186525,1.,0.707106781186548,        2469P   5575
0.499999999999984,0.707106781186548,1.,0.707106781186525,1.,        2469P   5576
0.707106781186548,0.499999999999984,0.707106781186548,1.,           2469P   5577
0.707106781186525,1.,44.25,0.,171.6,44.25,0.,172.6,45.25,0.,        2469P   5578
172.6,44.25,-44.25,171.6,44.25,-44.25,172.6,45.25,-45.25,172.6,     2469P   5579
0.,-44.25,171.6,0.,-44.25,172.6,0.,-45.25,172.6,-44.25,-44.25,      2469P   5580
171.6,-44.25,-44.25,172.6,-45.25,-45.25,172.6,-44.25,0.,171.6,      2469P   5581
-44.25,0.,172.6,-45.25,0.,172.6,-44.25,44.25,171.6,-44.25,44.25,    2469P   5582
172.6,-45.25,45.25,172.6,0.,44.25,171.6,0.,44.25,172.6,0.,45.25,    2469P   5583
172.6,44.25,44.25,171.6,44.25,44.25,172.6,45.25,45.25,172.6,        2469P   5584
44.25,0.,171.6,44.25,0.,172.6,45.25,0.,172.6,-3.14159265358979,     2469P   5585
-1.57079632679489,-3.14159265358979,3.14159265358979;               2469P   5586
128,1,1,1,1,0,0,1,0,0,-5.381,-5.381,5.381,5.381,-10.761,-10.761,    2471P   5587
0.00100000000000009,0.00100000000000009,1.,1.,1.,1.,53.81,          2471P   5588
-53.81,172.6,-53.81,-53.81,172.6,53.81,53.81,172.6,-53.81,53.81,    2471P   5589
172.6,-5.381,5.381,-10.761,0.00100000000000009;                     2471P   5590
128,2,8,2,2,0,1,0,0,1,-3.14159265358979,-3.14159265358979,          2473P   5591
-3.14159265358979,-1.57079632679489,-1.57079632679489,              2473P   5592
-1.57079632679489,-3.14159265358979,-3.14159265358979,              2473P   5593
-3.14159265358979,-1.5707963267949,-1.5707963267949,0.,0.,          2473P   5594
1.5707963267949,1.5707963267949,3.14159265358979,                   2473P   5595
3.14159265358979,3.14159265358979,1.,0.707106781186517,1.,          2473P   5596
0.707106781186548,0.499999999999979,0.707106781186548,1.,           2473P   5597
0.707106781186517,1.,0.707106781186548,0.499999999999979,           2473P   5598
0.707106781186548,1.,0.707106781186517,1.,0.707106781186548,        2473P   5599
0.499999999999979,0.707106781186548,1.,0.707106781186517,1.,        2473P   5600
0.707106781186548,0.499999999999979,0.707106781186548,1.,           2473P   5601
0.707106781186517,1.,-44.25,0.,189.2,-44.25,0.,188.2,-45.25,0.,     2473P   5602
188.2,-44.25,-44.25,189.2,-44.25,-44.25,188.2,-45.25,-45.25,        2473P   5603
188.2,0.,-44.25,189.2,0.,-44.25,188.2,0.,-45.25,188.2,44.25,        2473P   5604
-44.25,189.2,44.25,-44.25,188.2,45.25,-45.25,188.2,44.25,0.,        2473P   5605
189.2,44.25,0.,188.2,45.25,0.,188.2,44.25,44.25,189.2,44.25,        2473P   5606
44.25,188.2,45.25,45.25,188.2,0.,44.25,189.2,0.,44.25,188.2,0.,     2473P   5607
45.25,188.2,-44.25,44.25,189.2,-44.25,44.25,188.2,-45.25,45.25,     2473P   5608
188.2,-44.25,0.,189.2,-44.25,0.,188.2,-45.25,0.,188.2,              2473P   5609
-3.14159265358979,-1.57079632679489,-3.14159265358979,              2473P   5610
3.14159265358979;                                                   2473P   5611
128,1,8,1,2,0,1,0,0,1,3.91412429378531,3.91412429378531,            2475P   5612
3.9774011299435,3.9774011299435,-3.14159265358979,                  2475P   5613
-3.14159265358979,-3.14159265358979,-1.5707963267949,               2475P   5614
-1.5707963267949,0.,0.,1.5707963267949,1.5707963267949,             2475P   5615
3.14159265358979,3.14159265358979,3.14159265358979,1.,1.,           2475P   5616
0.707106781186548,0.707106781186548,1.,1.,0.707106781186548,        2475P   5617
0.707106781186548,1.,1.,0.707106781186548,0.707106781186548,1.,     2475P   5618
1.,0.707106781186548,0.707106781186548,1.,1.,-44.25,0.,192.,        2475P   5619
-44.25,0.,189.2,-44.25,-44.25,192.,-44.25,-44.25,189.2,0.,          2475P   5620
-44.25,192.,0.,-44.25,189.2,44.25,-44.25,192.,44.25,-44.25,         2475P   5621
189.2,44.25,0.,192.,44.25,0.,189.2,44.25,44.25,192.,44.25,44.25,    2475P   5622
189.2,0.,44.25,192.,0.,44.25,189.2,-44.25,44.25,192.,-44.25,        2475P   5623
44.25,189.2,-44.25,0.,192.,-44.25,0.,189.2,3.91412429378531,        2475P   5624
3.9774011299435,-3.14159265358979,3.14159265358979;                 2475P   5625
128,1,1,1,1,0,0,1,0,0,-5.381,-5.381,5.381,5.381,-9.806,-9.806,      2477P   5626
0.955999999999999,0.955999999999999,1.,1.,1.,1.,-53.81,-53.81,      2477P   5627
188.2,53.81,-53.81,188.2,-53.81,53.81,188.2,53.81,53.81,188.2,      2477P   5628
-5.381,5.381,-9.806,0.955999999999999;                              2477P   5629
128,2,8,2,2,0,1,0,0,1,-3.14159265358979,-3.14159265358979,          2479P   5630
-3.14159265358979,-1.57079632679489,-1.57079632679489,              2479P   5631
-1.57079632679489,-3.14159265358979,-3.14159265358979,              2479P   5632
-3.14159265358979,-1.5707963267949,-1.5707963267949,0.,0.,          2479P   5633
1.5707963267949,1.5707963267949,3.14159265358979,                   2479P   5634
3.14159265358979,3.14159265358979,1.,0.707106781186525,1.,          2479P   5635
0.707106781186548,0.499999999999984,0.707106781186548,1.,           2479P   5636
0.707106781186525,1.,0.707106781186548,0.499999999999984,           2479P   5637
0.707106781186548,1.,0.707106781186525,1.,0.707106781186548,        2479P   5638
0.499999999999984,0.707106781186548,1.,0.707106781186525,1.,        2479P   5639
0.707106781186548,0.499999999999984,0.707106781186548,1.,           2479P   5640
0.707106781186525,1.,44.25,0.,181.8,44.25,0.,182.8,45.25,0.,        2479P   5641
182.8,44.25,-44.25,181.8,44.25,-44.25,182.8,45.25,-45.25,182.8,     2479P   5642
0.,-44.25,181.8,0.,-44.25,182.8,0.,-45.25,182.8,-44.25,-44.25,      2479P   5643
181.8,-44.25,-44.25,182.8,-45.25,-45.25,182.8,-44.25,0.,181.8,      2479P   5644
-44.25,0.,182.8,-45.25,0.,182.8,-44.25,44.25,181.8,-44.25,44.25,    2479P   5645
182.8,-45.25,45.25,182.8,0.,44.25,181.8,0.,44.25,182.8,0.,45.25,    2479P   5646
182.8,44.25,44.25,181.8,44.25,44.25,182.8,45.25,45.25,182.8,        2479P   5647
44.25,0.,181.8,44.25,0.,182.8,45.25,0.,182.8,-3.14159265358979,     2479P   5648
-1.57079632679489,-3.14159265358979,3.14159265358979;               2479P   5649
128,1,1,1,1,0,0,1,0,0,-5.381,-5.381,5.381,5.381,-10.761,-10.761,    2481P   5650
0.00100000000000009,0.00100000000000009,1.,1.,1.,1.,53.81,          2481P   5651
-53.81,182.8,-53.81,-53.81,182.8,53.81,53.81,182.8,-53.81,53.81,    2481P   5652
182.8,-5.381,5.381,-10.761,0.00100000000000009;                     2481P   5653
128,2,8,2,2,0,1,0,0,1,-3.14159265358979,-3.14159265358979,          2483P   5654
-3.14159265358979,-1.57079632679489,-1.57079632679489,              2483P   5655
-1.57079632679489,-3.14159265358979,-3.14159265358979,              2483P   5656
-3.14159265358979,-1.5707963267949,-1.5707963267949,0.,0.,          2483P   5657
1.5707963267949,1.5707963267949,3.14159265358979,                   2483P   5658
3.14159265358979,3.14159265358979,1.,0.707106781186517,1.,          2483P   5659
0.707106781186548,0.499999999999979,0.707106781186548,1.,           2483P   5660
0.707106781186517,1.,0.707106781186548,0.499999999999979,           2483P   5661
0.707106781186548,1.,0.707106781186517,1.,0.707106781186548,        2483P   5662
0.499999999999979,0.707106781186548,1.,0.707106781186517,1.,        2483P   5663
0.707106781186548,0.499999999999979,0.707106781186548,1.,           2483P   5664
0.707106781186517,1.,-44.25,0.,199.4,-44.25,0.,198.4,-45.25,0.,     2483P   5665
198.4,-44.25,-44.25,199.4,-44.25,-44.25,198.4,-45.25,-45.25,        2483P   5666
198.4,0.,-44.25,199.4,0.,-44.25,198.4,0.,-45.25,198.4,44.25,        2483P   5667
-44.25,199.4,44.25,-44.25,198.4,45.25,-45.25,198.4,44.25,0.,        2483P   5668
199.4,44.25,0.,198.4,45.25,0.,198.4,44.25,44.25,199.4,44.25,        2483P   5669
44.25,198.4,45.25,45.25,198.4,0.,44.25,199.4,0.,44.25,198.4,0.,     2483P   5670
45.25,198.4,-44.25,44.25,199.4,-44.25,44.25,198.4,-45.25,45.25,     2483P   5671
198.4,-44.25,0.,199.4,-44.25,0.,198.4,-45.25,0.,198.4,              2483P   5672
-3.14159265358979,-1.57079632679489,-3.14159265358979,              2483P   5673
3.14159265358979;                                                   2483P   5674
128,1,8,1,2,0,1,0,0,1,4.14463276836158,4.14463276836158,            2485P   5675
4.20790960451977,4.20790960451977,-3.14159265358979,                2485P   5676
-3.14159265358979,-3.14159265358979,-1.5707963267949,               2485P   5677
-1.5707963267949,0.,0.,1.5707963267949,1.5707963267949,             2485P   5678
3.14159265358979,3.14159265358979,3.14159265358979,1.,1.,           2485P   5679
0.707106781186548,0.707106781186548,1.,1.,0.707106781186548,        2485P   5680
0.707106781186548,1.,1.,0.707106781186548,0.707106781186548,1.,     2485P   5681
1.,0.707106781186548,0.707106781186548,1.,1.,-44.25,0.,202.2,       2485P   5682
-44.25,0.,199.4,-44.25,-44.25,202.2,-44.25,-44.25,199.4,0.,         2485P   5683
-44.25,202.2,0.,-44.25,199.4,44.25,-44.25,202.2,44.25,-44.25,       2485P   5684
199.4,44.25,0.,202.2,44.25,0.,199.4,44.25,44.25,202.2,44.25,        2485P   5685
44.25,199.4,0.,44.25,202.2,0.,44.25,199.4,-44.25,44.25,202.2,       2485P   5686
-44.25,44.25,199.4,-44.25,0.,202.2,-44.25,0.,199.4,                 2485P   5687
4.14463276836158,4.20790960451977,-3.14159265358979,                2485P   5688
3.14159265358979;                                                   2485P   5689
128,1,1,1,1,0,0,1,0,0,-5.381,-5.381,5.381,5.381,-9.806,-9.806,      2487P   5690
0.955999999999999,0.955999999999999,1.,1.,1.,1.,-53.81,-53.81,      2487P   5691
198.4,53.81,-53.81,198.4,-53.81,53.81,198.4,53.81,53.81,198.4,      2487P   5692
-5.381,5.381,-9.806,0.955999999999999;                              2487P   5693
128,2,8,2,2,0,1,0,0,1,-3.14159265358979,-3.14159265358979,          2489P   5694
-3.14159265358979,-1.57079632679489,-1.57079632679489,              2489P   5695
-1.57079632679489,-3.14159265358979,-3.14159265358979,              2489P   5696
-3.14159265358979,-1.5707963267949,-1.5707963267949,0.,0.,          2489P   5697
1.5707963267949,1.5707963267949,3.14159265358979,                   2489P   5698
3.14159265358979,3.14159265358979,1.,0.707106781186525,1.,          2489P   5699
0.707106781186548,0.499999999999984,0.707106781186548,1.,           2489P   5700
0.707106781186525,1.,0.707106781186548,0.499999999999984,           2489P   5701
0.707106781186548,1.,0.707106781186525,1.,0.707106781186548,        2489P   5702
0.499999999999984,0.707106781186548,1.,0.707106781186525,1.,        2489P   5703
0.707106781186548,0.499999999999984,0.707106781186548,1.,           2489P   5704
0.707106781186525,1.,44.25,0.,192.,44.25,0.,193.,45.25,0.,193.,     2489P   5705
44.25,-44.25,192.,44.25,-44.25,193.,45.25,-45.25,193.,0.,-44.25,    2489P   5706
192.,0.,-44.25,193.,0.,-45.25,193.,-44.25,-44.25,192.,-44.25,       2489P   5707
-44.25,193.,-45.25,-45.25,193.,-44.25,0.,192.,-44.25,0.,193.,       2489P   5708
-45.25,0.,193.,-44.25,44.25,192.,-44.25,44.25,193.,-45.25,45.25,    2489P   5709
193.,0.,44.25,192.,0.,44.25,193.,0.,45.25,193.,44.25,44.25,192.,    2489P   5710
44.25,44.25,193.,45.25,45.25,193.,44.25,0.,192.,44.25,0.,193.,      2489P   5711
45.25,0.,193.,-3.14159265358979,-1.57079632679489,                  2489P   5712
-3.14159265358979,3.14159265358979;                                 2489P   5713
128,1,1,1,1,0,0,1,0,0,-5.381,-5.381,5.381,5.381,-10.761,-10.761,    2491P   5714
0.00100000000000009,0.00100000000000009,1.,1.,1.,1.,53.81,          2491P   5715
-53.81,193.,-53.81,-53.81,193.,53.81,53.81,193.,-53.81,53.81,       2491P   5716
193.,-5.381,5.381,-10.761,0.00100000000000009;                      2491P   5717
128,2,8,2,2,0,1,0,0,1,-3.14159265358979,-3.14159265358979,          2493P   5718
-3.14159265358979,-1.57079632679489,-1.57079632679489,              2493P   5719
-1.57079632679489,-3.14159265358979,-3.14159265358979,              2493P   5720
-3.14159265358979,-1.5707963267949,-1.5707963267949,0.,0.,          2493P   5721
1.5707963267949,1.5707963267949,3.14159265358979,                   2493P   5722
3.14159265358979,3.14159265358979,1.,0.707106781186517,1.,          2493P   5723
0.707106781186548,0.499999999999979,0.707106781186548,1.,           2493P   5724
0.707106781186517,1.,0.707106781186548,0.499999999999979,           2493P   5725
0.707106781186548,1.,0.707106781186517,1.,0.707106781186548,        2493P   5726
0.499999999999979,0.707106781186548,1.,0.707106781186517,1.,        2493P   5727
0.707106781186548,0.499999999999979,0.707106781186548,1.,           2493P   5728
0.707106781186517,1.,-44.25,0.,209.6,-44.25,0.,208.6,-45.25,0.,     2493P   5729
208.6,-44.25,-44.25,209.6,-44.25,-44.25,208.6,-45.25,-45.25,        2493P   5730
208.6,0.,-44.25,209.6,0.,-44.25,208.6,0.,-45.25,208.6,44.25,        2493P   5731
-44.25,209.6,44.25,-44.25,208.6,45.25,-45.25,208.6,44.25,0.,        2493P   5732
209.6,44.25,0.,208.6,45.25,0.,208.6,44.25,44.25,209.6,44.25,        2493P   5733
44.25,208.6,45.25,45.25,208.6,0.,44.25,209.6,0.,44.25,208.6,0.,     2493P   5734
45.25,208.6,-44.25,44.25,209.6,-44.25,44.25,208.6,-45.25,45.25,     2493P   5735
208.6,-44.25,0.,209.6,-44.25,0.,208.6,-45.25,0.,208.6,              2493P   5736
-3.14159265358979,-1.57079632679489,-3.14159265358979,              2493P   5737
3.14159265358979;                                                   2493P   5738
128,1,8,1,2,0,1,0,0,1,4.37514124293785,4.37514124293785,            2495P   5739
4.43841807909604,4.43841807909604,-3.14159265358979,                2495P   5740
-3.14159265358979,-3.14159265358979,-1.5707963267949,               2495P   5741
-1.5707963267949,0.,0.,1.5707963267949,1.5707963267949,             2495P   5742
3.14159265358979,3.14159265358979,3.14159265358979,1.,1.,           2495P   5743
0.707106781186548,0.707106781186548,1.,1.,0.707106781186548,        2495P   5744
0.707106781186548,1.,1.,0.707106781186548,0.707106781186548,1.,     2495P   5745
1.,0.707106781186548,0.707106781186548,1.,1.,-44.25,0.,212.4,       2495P   5746
-44.25,0.,209.6,-44.25,-44.25,212.4,-44.25,-44.25,209.6,0.,         2495P   5747
-44.25,212.4,0.,-44.25,209.6,44.25,-44.25,212.4,44.25,-44.25,       2495P   5748
209.6,44.25,0.,212.4,44.25,0.,209.6,44.25,44.25,212.4,44.25,        2495P   5749
44.25,209.6,0.,44.25,212.4,0.,44.25,209.6,-44.25,44.25,212.4,       2495P   5750
-44.25,44.25,209.6,-44.25,0.,212.4,-44.25,0.,209.6,                 2495P   5751
4.37514124293785,4.43841807909604,-3.14159265358979,                2495P   5752
3.14159265358979;                                                   2495P   5753
128,1,1,1,1,0,0,1,0,0,-5.381,-5.381,5.381,5.381,-9.806,-9.806,      2497P   5754
0.955999999999999,0.955999999999999,1.,1.,1.,1.,-53.81,-53.81,      2497P   5755
208.6,53.81,-53.81,208.6,-53.81,53.81,208.6,53.81,53.81,208.6,      2497P   5756
-5.381,5.381,-9.806,0.955999999999999;                              2497P   5757
128,2,8,2,2,0,1,0,0,1,-3.14159265358979,-3.14159265358979,          2499P   5758
-3.14159265358979,-1.57079632679489,-1.57079632679489,              2499P   5759
-1.57079632679489,-3.14159265358979,-3.14159265358979,              2499P   5760
-3.14159265358979,-1.5707963267949,-1.5707963267949,0.,0.,          2499P   5761
1.5707963267949,1.5707963267949,3.14159265358979,                   2499P   5762
3.14159265358979,3.14159265358979,1.,0.707106781186525,1.,          2499P   5763
0.707106781186548,0.499999999999984,0.707106781186548,1.,           2499P   5764
0.707106781186525,1.,0.707106781186548,0.499999999999984,           2499P   5765
0.707106781186548,1.,0.707106781186525,1.,0.707106781186548,        2499P   5766
0.499999999999984,0.707106781186548,1.,0.707106781186525,1.,        2499P   5767
0.707106781186548,0.499999999999984,0.707106781186548,1.,           2499P   5768
0.707106781186525,1.,44.25,0.,202.2,44.25,0.,203.2,45.25,0.,        2499P   5769
203.2,44.25,-44.25,202.2,44.25,-44.25,203.2,45.25,-45.25,203.2,     2499P   5770
0.,-44.25,202.2,0.,-44.25,203.2,0.,-45.25,203.2,-44.25,-44.25,      2499P   5771
202.2,-44.25,-44.25,203.2,-45.25,-45.25,203.2,-44.25,0.,202.2,      2499P   5772
-44.25,0.,203.2,-45.25,0.,203.2,-44.25,44.25,202.2,-44.25,44.25,    2499P   5773
203.2,-45.25,45.25,203.2,0.,44.25,202.2,0.,44.25,203.2,0.,45.25,    2499P   5774
203.2,44.25,44.25,202.2,44.25,44.25,203.2,45.25,45.25,203.2,        2499P   5775
44.25,0.,202.2,44.25,0.,203.2,45.25,0.,203.2,-3.14159265358979,     2499P   5776
-1.57079632679489,-3.14159265358979,3.14159265358979;               2499P   5777
128,1,1,1,1,0,0,1,0,0,-5.381,-5.381,5.381,5.381,-10.761,-10.761,    2501P   5778
0.00100000000000009,0.00100000000000009,1.,1.,1.,1.,53.81,          2501P   5779
-53.81,203.2,-53.81,-53.81,203.2,53.81,53.81,203.2,-53.81,53.81,    2501P   5780
203.2,-5.381,5.381,-10.761,0.00100000000000009;                     2501P   5781
128,2,8,2,2,0,1,0,0,1,-3.14159265358979,-3.14159265358979,          2503P   5782
-3.14159265358979,-1.57079632679489,-1.57079632679489,              2503P   5783
-1.57079632679489,-3.14159265358979,-3.14159265358979,              2503P   5784
-3.14159265358979,-1.5707963267949,-1.5707963267949,0.,0.,          2503P   5785
1.5707963267949,1.5707963267949,3.14159265358979,                   2503P   5786
3.14159265358979,3.14159265358979,1.,0.707106781186517,1.,          2503P   5787
0.707106781186548,0.499999999999979,0.707106781186548,1.,           2503P   5788
0.707106781186517,1.,0.707106781186548,0.499999999999979,           2503P   5789
0.707106781186548,1.,0.707106781186517,1.,0.707106781186548,        2503P   5790
0.499999999999979,0.707106781186548,1.,0.707106781186517,1.,        2503P   5791
0.707106781186548,0.499999999999979,0.707106781186548,1.,           2503P   5792
0.707106781186517,1.,-44.25,0.,219.8,-44.25,0.,218.8,-45.25,0.,     2503P   5793
218.8,-44.25,-44.25,219.8,-44.25,-44.25,218.8,-45.25,-45.25,        2503P   5794
218.8,0.,-44.25,219.8,0.,-44.25,218.8,0.,-45.25,218.8,44.25,        2503P   5795
-44.25,219.8,44.25,-44.25,218.8,45.25,-45.25,218.8,44.25,0.,        2503P   5796
219.8,44.25,0.,218.8,45.25,0.,218.8,44.25,44.25,219.8,44.25,        2503P   5797
44.25,218.8,45.25,45.25,218.8,0.,44.25,219.8,0.,44.25,218.8,0.,     2503P   5798
45.25,218.8,-44.25,44.25,219.8,-44.25,44.25,218.8,-45.25,45.25,     2503P   5799
218.8,-44.25,0.,219.8,-44.25,0.,218.8,-45.25,0.,218.8,              2503P   5800
-3.14159265358979,-1.57079632679489,-3.14159265358979,              2503P   5801
3.14159265358979;                                                   2503P   5802
128,1,1,1,1,0,0,1,0,0,-5.381,-5.381,5.381,5.381,-9.806,-9.806,      2505P   5803
0.955999999999999,0.955999999999999,1.,1.,1.,1.,-53.81,-53.81,      2505P   5804
218.8,53.81,-53.81,218.8,-53.81,53.81,218.8,53.81,53.81,218.8,      2505P   5805
-5.381,5.381,-9.806,0.955999999999999;                              2505P   5806
128,1,8,1,2,0,1,0,0,1,4.60564971751412,4.60564971751412,            2507P   5807
4.66892655367232,4.66892655367232,-3.14159265358979,                2507P   5808
-3.14159265358979,-3.14159265358979,-1.5707963267949,               2507P   5809
-1.5707963267949,0.,0.,1.5707963267949,1.5707963267949,             2507P   5810
3.14159265358979,3.14159265358979,3.14159265358979,1.,1.,           2507P   5811
0.707106781186548,0.707106781186548,1.,1.,0.707106781186548,        2507P   5812
0.707106781186548,1.,1.,0.707106781186548,0.707106781186548,1.,     2507P   5813
1.,0.707106781186548,0.707106781186548,1.,1.,-44.25,0.,222.6,       2507P   5814
-44.25,0.,219.8,-44.25,-44.25,222.6,-44.25,-44.25,219.8,0.,         2507P   5815
-44.25,222.6,0.,-44.25,219.8,44.25,-44.25,222.6,44.25,-44.25,       2507P   5816
219.8,44.25,0.,222.6,44.25,0.,219.8,44.25,44.25,222.6,44.25,        2507P   5817
44.25,219.8,0.,44.25,222.6,0.,44.25,219.8,-44.25,44.25,222.6,       2507P   5818
-44.25,44.25,219.8,-44.25,0.,222.6,-44.25,0.,219.8,                 2507P   5819
4.60564971751412,4.66892655367232,-3.14159265358979,                2507P   5820
3.14159265358979;                                                   2507P   5821
128,2,8,2,2,0,1,0,0,1,-3.14159265358979,-3.14159265358979,          2509P   5822
-3.14159265358979,-1.57079632679489,-1.57079632679489,              2509P   5823
-1.57079632679489,-3.14159265358979,-3.14159265358979,              2509P   5824
-3.14159265358979,-1.5707963267949,-1.5707963267949,0.,0.,          2509P   5825
1.5707963267949,1.5707963267949,3.14159265358979,                   2509P   5826
3.14159265358979,3.14159265358979,1.,0.707106781186525,1.,          2509P   5827
0.707106781186548,0.499999999999984,0.707106781186548,1.,           2509P   5828
0.707106781186525,1.,0.707106781186548,0.499999999999984,           2509P   5829
0.707106781186548,1.,0.707106781186525,1.,0.707106781186548,        2509P   5830
0.499999999999984,0.707106781186548,1.,0.707106781186525,1.,        2509P   5831
0.707106781186548,0.499999999999984,0.707106781186548,1.,           2509P   5832
0.707106781186525,1.,44.25,0.,212.4,44.25,0.,213.4,45.25,0.,        2509P   5833
213.4,44.25,-44.25,212.4,44.25,-44.25,213.4,45.25,-45.25,213.4,     2509P   5834
0.,-44.25,212.4,0.,-44.25,213.4,0.,-45.25,213.4,-44.25,-44.25,      2509P   5835
212.4,-44.25,-44.25,213.4,-45.25,-45.25,213.4,-44.25,0.,212.4,      2509P   5836
-44.25,0.,213.4,-45.25,0.,213.4,-44.25,44.25,212.4,-44.25,44.25,    2509P   5837
213.4,-45.25,45.25,213.4,0.,44.25,212.4,0.,44.25,213.4,0.,45.25,    2509P   5838
213.4,44.25,44.25,212.4,44.25,44.25,213.4,45.25,45.25,213.4,        2509P   5839
44.25,0.,212.4,44.25,0.,213.4,45.25,0.,213.4,-3.14159265358979,     2509P   5840
-1.57079632679489,-3.14159265358979,3.14159265358979;               2509P   5841
128,1,1,1,1,0,0,1,0,0,-5.381,-5.381,5.381,5.381,-10.761,-10.761,    2511P   5842
0.00100000000000009,0.00100000000000009,1.,1.,1.,1.,53.81,          2511P   5843
-53.81,213.4,-53.81,-53.81,213.4,53.81,53.81,213.4,-53.81,53.81,    2511P   5844
213.4,-5.381,5.381,-10.761,0.00100000000000009;                     2511P   5845
128,1,1,1,1,0,0,1,0,0,-10.761,-10.761,0.000999999999999446,         2513P   5846
0.000999999999999446,-5.381,-5.381,5.381,5.381,1.,1.,1.,1.,         2513P   5847
53.81,-53.81,24.,-53.81,-53.81,24.,53.81,53.81,24.,-53.81,53.81,    2513P   5848
24.,-10.761,0.000999999999999446,-5.381,5.381;                      2513P   5849
128,4,8,2,2,0,1,0,0,1,-1.5707963267949,-1.5707963267949,            2515P   5850
-1.5707963267949,0.,0.,1.5707963267949,1.5707963267949,             2515P   5851
1.5707963267949,-3.14159265358979,-3.14159265358979,                2515P   5852
-3.14159265358979,-1.5707963267949,-1.5707963267949,0.,0.,          2515P   5853
1.5707963267949,1.5707963267949,3.14159265358979,                   2515P   5854
3.14159265358979,3.14159265358979,1.,0.707106781186546,1.,          2515P   5855
0.707106781186546,1.,0.707106781186548,0.499999999999999,           2515P   5856
0.707106781186548,0.499999999999999,0.707106781186548,1.,           2515P   5857
0.707106781186546,1.,0.707106781186546,1.,0.707106781186548,        2515P   5858
0.499999999999999,0.707106781186548,0.499999999999999,              2515P   5859
0.707106781186548,1.,0.707106781186546,1.,0.707106781186546,1.,     2515P   5860
0.707106781186548,0.499999999999999,0.707106781186548,              2515P   5861
0.499999999999999,0.707106781186548,1.,0.707106781186546,1.,        2515P   5862
0.707106781186546,1.,0.707106781186548,0.499999999999999,           2515P   5863
0.707106781186548,0.499999999999999,0.707106781186548,1.,           2515P   5864
0.707106781186546,1.,0.707106781186546,1.,53.8,0.,24.,55.5,0.,      2515P   5865
24.,55.5,0.,22.3,55.5,0.,20.6,53.8,0.,20.6,53.8,-53.8,24.,55.5,     2515P   5866
-55.5,24.,55.5,-55.5,22.3,55.5,-55.5,20.6,53.8,-53.8,20.6,0.,       2515P   5867
-53.8,24.,0.,-55.5,24.,0.,-55.5,22.3,0.,-55.5,20.6,0.,-53.8,        2515P   5868
20.6,-53.8,-53.8,24.,-55.5,-55.5,24.,-55.5,-55.5,22.3,-55.5,        2515P   5869
-55.5,20.6,-53.8,-53.8,20.6,-53.8,0.,24.,-55.5,0.,24.,-55.5,0.,     2515P   5870
22.3,-55.5,0.,20.6,-53.8,0.,20.6,-53.8,53.8,24.,-55.5,55.5,24.,     2515P   5871
-55.5,55.5,22.3,-55.5,55.5,20.6,-53.8,53.8,20.6,0.,53.8,24.,0.,     2515P   5872
55.5,24.,0.,55.5,22.3,0.,55.5,20.6,0.,53.8,20.6,53.8,53.8,24.,      2515P   5873
55.5,55.5,24.,55.5,55.5,22.3,55.5,55.5,20.6,53.8,53.8,20.6,53.8,    2515P   5874
0.,24.,55.5,0.,24.,55.5,0.,22.3,55.5,0.,20.6,53.8,0.,20.6,          2515P   5875
-1.5707963267949,1.5707963267949,-3.14159265358979,                 2515P   5876
3.14159265358979;                                                   2515P   5877
128,1,1,1,1,0,0,1,0,0,-1.30168975254244,-1.30168975254244,          2517P   5878
9.46031024745755,9.46031024745755,-5.381,-5.381,5.381,5.381,1.,     2517P   5879
1.,1.,1.,-53.81,-53.81,20.6,53.81,-53.81,20.6,-53.81,53.81,20.6,    2517P   5880
53.81,53.81,20.6,-1.30168975254244,9.46031024745755,-5.381,         2517P   5881
5.381;                                                              2517P   5882
128,1,1,1,1,0,0,1,0,0,-10.761,-10.761,0.000999999999999446,         2519P   5883
0.000999999999999446,-5.381,-5.381,5.381,5.381,1.,1.,1.,1.,         2519P   5884
53.81,-53.81,34.2,-53.81,-53.81,34.2,53.81,53.81,34.2,-53.81,       2519P   5885
53.81,34.2,-10.761,0.000999999999999446,-5.381,5.381;               2519P   5886
128,4,8,2,2,0,1,0,0,1,-1.5707963267949,-1.5707963267949,            2521P   5887
-1.5707963267949,0.,0.,1.5707963267949,1.5707963267949,             2521P   5888
1.5707963267949,-3.14159265358979,-3.14159265358979,                2521P   5889
-3.14159265358979,-1.5707963267949,-1.5707963267949,0.,0.,          2521P   5890
1.5707963267949,1.5707963267949,3.14159265358979,                   2521P   5891
3.14159265358979,3.14159265358979,1.,0.707106781186546,1.,          2521P   5892
0.707106781186546,1.,0.707106781186548,0.499999999999999,           2521P   5893
0.707106781186548,0.499999999999999,0.707106781186548,1.,           2521P   5894
0.707106781186546,1.,0.707106781186546,1.,0.707106781186548,        2521P   5895
0.499999999999999,0.707106781186548,0.499999999999999,              2521P   5896
0.707106781186548,1.,0.707106781186546,1.,0.707106781186546,1.,     2521P   5897
0.707106781186548,0.499999999999999,0.707106781186548,              2521P   5898
0.499999999999999,0.707106781186548,1.,0.707106781186546,1.,        2521P   5899
0.707106781186546,1.,0.707106781186548,0.499999999999999,           2521P   5900
0.707106781186548,0.499999999999999,0.707106781186548,1.,           2521P   5901
0.707106781186546,1.,0.707106781186546,1.,53.8,0.,34.2,55.5,0.,     2521P   5902
34.2,55.5,0.,32.5,55.5,0.,30.8,53.8,0.,30.8,53.8,-53.8,34.2,        2521P   5903
55.5,-55.5,34.2,55.5,-55.5,32.5,55.5,-55.5,30.8,53.8,-53.8,30.8,    2521P   5904
0.,-53.8,34.2,0.,-55.5,34.2,0.,-55.5,32.5,0.,-55.5,30.8,0.,         2521P   5905
-53.8,30.8,-53.8,-53.8,34.2,-55.5,-55.5,34.2,-55.5,-55.5,32.5,      2521P   5906
-55.5,-55.5,30.8,-53.8,-53.8,30.8,-53.8,0.,34.2,-55.5,0.,34.2,      2521P   5907
-55.5,0.,32.5,-55.5,0.,30.8,-53.8,0.,30.8,-53.8,53.8,34.2,-55.5,    2521P   5908
55.5,34.2,-55.5,55.5,32.5,-55.5,55.5,30.8,-53.8,53.8,30.8,0.,       2521P   5909
53.8,34.2,0.,55.5,34.2,0.,55.5,32.5,0.,55.5,30.8,0.,53.8,30.8,      2521P   5910
53.8,53.8,34.2,55.5,55.5,34.2,55.5,55.5,32.5,55.5,55.5,30.8,        2521P   5911
53.8,53.8,30.8,53.8,0.,34.2,55.5,0.,34.2,55.5,0.,32.5,55.5,0.,      2521P   5912
30.8,53.8,0.,30.8,-1.5707963267949,1.5707963267949,                 2521P   5913
-3.14159265358979,3.14159265358979;                                 2521P   5914
128,1,1,1,1,0,0,1,0,0,-1.30168975254244,-1.30168975254244,          2523P   5915
9.46031024745755,9.46031024745755,-5.381,-5.381,5.381,5.381,1.,     2523P   5916
1.,1.,1.,-53.81,-53.81,30.8,53.81,-53.81,30.8,-53.81,53.81,30.8,    2523P   5917
53.81,53.81,30.8,-1.30168975254244,9.46031024745755,-5.381,         2523P   5918
5.381;                                                              2523P   5919
128,1,1,1,1,0,0,1,0,0,-10.761,-10.761,0.000999999999999446,         2525P   5920
0.000999999999999446,-5.381,-5.381,5.381,5.381,1.,1.,1.,1.,         2525P   5921
53.81,-53.81,44.4,-53.81,-53.81,44.4,53.81,53.81,44.4,-53.81,       2525P   5922
53.81,44.4,-10.761,0.000999999999999446,-5.381,5.381;               2525P   5923
128,4,8,2,2,0,1,0,0,1,-1.5707963267949,-1.5707963267949,            2527P   5924
-1.5707963267949,0.,0.,1.5707963267949,1.5707963267949,             2527P   5925
1.5707963267949,-3.14159265358979,-3.14159265358979,                2527P   5926
-3.14159265358979,-1.5707963267949,-1.5707963267949,0.,0.,          2527P   5927
1.5707963267949,1.5707963267949,3.14159265358979,                   2527P   5928
3.14159265358979,3.14159265358979,1.,0.707106781186542,1.,          2527P   5929
0.707106781186542,1.,0.707106781186548,0.499999999999996,           2527P   5930
0.707106781186548,0.499999999999996,0.707106781186548,1.,           2527P   5931
0.707106781186542,1.,0.707106781186542,1.,0.707106781186548,        2527P   5932
0.499999999999996,0.707106781186548,0.499999999999996,              2527P   5933
0.707106781186548,1.,0.707106781186542,1.,0.707106781186542,1.,     2527P   5934
0.707106781186548,0.499999999999996,0.707106781186548,              2527P   5935
0.499999999999996,0.707106781186548,1.,0.707106781186542,1.,        2527P   5936
0.707106781186542,1.,0.707106781186548,0.499999999999996,           2527P   5937
0.707106781186548,0.499999999999996,0.707106781186548,1.,           2527P   5938
0.707106781186542,1.,0.707106781186542,1.,53.8,0.,44.4,55.5,0.,     2527P   5939
44.4,55.5,0.,42.7,55.5,0.,41.,53.8,0.,41.,53.8,-53.8,44.4,55.5,     2527P   5940
-55.5,44.4,55.5,-55.5,42.7,55.5,-55.5,41.,53.8,-53.8,41.,0.,        2527P   5941
-53.8,44.4,0.,-55.5,44.4,0.,-55.5,42.7,0.,-55.5,41.,0.,-53.8,       2527P   5942
41.,-53.8,-53.8,44.4,-55.5,-55.5,44.4,-55.5,-55.5,42.7,-55.5,       2527P   5943
-55.5,41.,-53.8,-53.8,41.,-53.8,0.,44.4,-55.5,0.,44.4,-55.5,0.,     2527P   5944
42.7,-55.5,0.,41.,-53.8,0.,41.,-53.8,53.8,44.4,-55.5,55.5,44.4,     2527P   5945
-55.5,55.5,42.7,-55.5,55.5,41.,-53.8,53.8,41.,0.,53.8,44.4,0.,      2527P   5946
55.5,44.4,0.,55.5,42.7,0.,55.5,41.,0.,53.8,41.,53.8,53.8,44.4,      2527P   5947
55.5,55.5,44.4,55.5,55.5,42.7,55.5,55.5,41.,53.8,53.8,41.,53.8,     2527P   5948
0.,44.4,55.5,0.,44.4,55.5,0.,42.7,55.5,0.,41.,53.8,0.,41.,          2527P   5949
-1.5707963267949,1.5707963267949,-3.14159265358979,                 2527P   5950
3.14159265358979;                                                   2527P   5951
128,1,1,1,1,0,0,1,0,0,-1.30168975254244,-1.30168975254244,          2529P   5952
9.46031024745755,9.46031024745755,-5.381,-5.381,5.381,5.381,1.,     2529P   5953
1.,1.,1.,-53.81,-53.81,41.,53.81,-53.81,41.,-53.81,53.81,41.,       2529P   5954
53.81,53.81,41.,-1.30168975254244,9.46031024745755,-5.381,5.381;    2529P   5955
128,1,1,1,1,0,0,1,0,0,-10.761,-10.761,0.000999999999999446,         2531P   5956
0.000999999999999446,-5.381,-5.381,5.381,5.381,1.,1.,1.,1.,         2531P   5957
53.81,-53.81,54.6,-53.81,-53.81,54.6,53.81,53.81,54.6,-53.81,       2531P   5958
53.81,54.6,-10.761,0.000999999999999446,-5.381,5.381;               2531P   5959
128,4,8,2,2,0,1,0,0,1,-1.5707963267949,-1.5707963267949,            2533P   5960
-1.5707963267949,0.,0.,1.5707963267949,1.5707963267949,             2533P   5961
1.5707963267949,-3.14159265358979,-3.14159265358979,                2533P   5962
-3.14159265358979,-1.5707963267949,-1.5707963267949,0.,0.,          2533P   5963
1.5707963267949,1.5707963267949,3.14159265358979,                   2533P   5964
3.14159265358979,3.14159265358979,1.,0.707106781186542,1.,          2533P   5965
0.707106781186542,1.,0.707106781186548,0.499999999999996,           2533P   5966
0.707106781186548,0.499999999999996,0.707106781186548,1.,           2533P   5967
0.707106781186542,1.,0.707106781186542,1.,0.707106781186548,        2533P   5968
0.499999999999996,0.707106781186548,0.499999999999996,              2533P   5969
0.707106781186548,1.,0.707106781186542,1.,0.707106781186542,1.,     2533P   5970
0.707106781186548,0.499999999999996,0.707106781186548,              2533P   5971
0.499999999999996,0.707106781186548,1.,0.707106781186542,1.,        2533P   5972
0.707106781186542,1.,0.707106781186548,0.499999999999996,           2533P   5973
0.707106781186548,0.499999999999996,0.707106781186548,1.,           2533P   5974
0.707106781186542,1.,0.707106781186542,1.,53.8,0.,54.6,55.5,0.,     2533P   5975
54.6,55.5,0.,52.9,55.5,0.,51.2,53.8,0.,51.2,53.8,-53.8,54.6,        2533P   5976
55.5,-55.5,54.6,55.5,-55.5,52.9,55.5,-55.5,51.2,53.8,-53.8,51.2,    2533P   5977
0.,-53.8,54.6,0.,-55.5,54.6,0.,-55.5,52.9,0.,-55.5,51.2,0.,         2533P   5978
-53.8,51.2,-53.8,-53.8,54.6,-55.5,-55.5,54.6,-55.5,-55.5,52.9,      2533P   5979
-55.5,-55.5,51.2,-53.8,-53.8,51.2,-53.8,0.,54.6,-55.5,0.,54.6,      2533P   5980
-55.5,0.,52.9,-55.5,0.,51.2,-53.8,0.,51.2,-53.8,53.8,54.6,-55.5,    2533P   5981
55.5,54.6,-55.5,55.5,52.9,-55.5,55.5,51.2,-53.8,53.8,51.2,0.,       2533P   5982
53.8,54.6,0.,55.5,54.6,0.,55.5,52.9,0.,55.5,51.2,0.,53.8,51.2,      2533P   5983
53.8,53.8,54.6,55.5,55.5,54.6,55.5,55.5,52.9,55.5,55.5,51.2,        2533P   5984
53.8,53.8,51.2,53.8,0.,54.6,55.5,0.,54.6,55.5,0.,52.9,55.5,0.,      2533P   5985
51.2,53.8,0.,51.2,-1.5707963267949,1.5707963267949,                 2533P   5986
-3.14159265358979,3.14159265358979;                                 2533P   5987
128,1,1,1,1,0,0,1,0,0,-1.30168975254244,-1.30168975254244,          2535P   5988
9.46031024745755,9.46031024745755,-5.381,-5.381,5.381,5.381,1.,     2535P   5989
1.,1.,1.,-53.81,-53.81,51.2,53.81,-53.81,51.2,-53.81,53.81,51.2,    2535P   5990
53.81,53.81,51.2,-1.30168975254244,9.46031024745755,-5.381,         2535P   5991
5.381;                                                              2535P   5992
128,1,1,1,1,0,0,1,0,0,-10.761,-10.761,0.000999999999999446,         2537P   5993
0.000999999999999446,-5.381,-5.381,5.381,5.381,1.,1.,1.,1.,         2537P   5994
53.81,-53.81,64.8,-53.81,-53.81,64.8,53.81,53.81,64.8,-53.81,       2537P   5995
53.81,64.8,-10.761,0.000999999999999446,-5.381,5.381;               2537P   5996
128,4,8,2,2,0,1,0,0,1,-1.5707963267949,-1.5707963267949,            2539P   5997
-1.5707963267949,0.,0.,1.5707963267949,1.5707963267949,             2539P   5998
1.5707963267949,-3.14159265358979,-3.14159265358979,                2539P   5999
-3.14159265358979,-1.5707963267949,-1.5707963267949,0.,0.,          2539P   6000
1.5707963267949,1.5707963267949,3.14159265358979,                   2539P   6001
3.14159265358979,3.14159265358979,1.,0.707106781186542,1.,          2539P   6002
0.707106781186542,1.,0.707106781186548,0.499999999999996,           2539P   6003
0.707106781186548,0.499999999999996,0.707106781186548,1.,           2539P   6004
0.707106781186542,1.,0.707106781186542,1.,0.707106781186548,        2539P   6005
0.499999999999996,0.707106781186548,0.499999999999996,              2539P   6006
0.707106781186548,1.,0.707106781186542,1.,0.707106781186542,1.,     2539P   6007
0.707106781186548,0.499999999999996,0.707106781186548,              2539P   6008
0.499999999999996,0.707106781186548,1.,0.707106781186542,1.,        2539P   6009
0.707106781186542,1.,0.707106781186548,0.499999999999996,           2539P   6010
0.707106781186548,0.499999999999996,0.707106781186548,1.,           2539P   6011
0.707106781186542,1.,0.707106781186542,1.,53.8,0.,64.8,55.5,0.,     2539P   6012
64.8,55.5,0.,63.1,55.5,0.,61.4,53.8,0.,61.4,53.8,-53.8,64.8,        2539P   6013
55.5,-55.5,64.8,55.5,-55.5,63.1,55.5,-55.5,61.4,53.8,-53.8,61.4,    2539P   6014
0.,-53.8,64.8,0.,-55.5,64.8,0.,-55.5,63.1,0.,-55.5,61.4,0.,         2539P   6015
-53.8,61.4,-53.8,-53.8,64.8,-55.5,-55.5,64.8,-55.5,-55.5,63.1,      2539P   6016
-55.5,-55.5,61.4,-53.8,-53.8,61.4,-53.8,0.,64.8,-55.5,0.,64.8,      2539P   6017
-55.5,0.,63.1,-55.5,0.,61.4,-53.8,0.,61.4,-53.8,53.8,64.8,-55.5,    2539P   6018
55.5,64.8,-55.5,55.5,63.1,-55.5,55.5,61.4,-53.8,53.8,61.4,0.,       2539P   6019
53.8,64.8,0.,55.5,64.8,0.,55.5,63.1,0.,55.5,61.4,0.,53.8,61.4,      2539P   6020
53.8,53.8,64.8,55.5,55.5,64.8,55.5,55.5,63.1,55.5,55.5,61.4,        2539P   6021
53.8,53.8,61.4,53.8,0.,64.8,55.5,0.,64.8,55.5,0.,63.1,55.5,0.,      2539P   6022
61.4,53.8,0.,61.4,-1.5707963267949,1.5707963267949,                 2539P   6023
-3.14159265358979,3.14159265358979;                                 2539P   6024
128,1,1,1,1,0,0,1,0,0,-1.30168975254244,-1.30168975254244,          2541P   6025
9.46031024745755,9.46031024745755,-5.381,-5.381,5.381,5.381,1.,     2541P   6026
1.,1.,1.,-53.81,-53.81,61.4,53.81,-53.81,61.4,-53.81,53.81,61.4,    2541P   6027
53.81,53.81,61.4,-1.30168975254244,9.46031024745755,-5.381,         2541P   6028
5.381;                                                              2541P   6029
128,1,1,1,1,0,0,1,0,0,-10.761,-10.761,0.000999999999999446,         2543P   6030
0.000999999999999446,-5.381,-5.381,5.381,5.381,1.,1.,1.,1.,         2543P   6031
53.81,-53.81,75.,-53.81,-53.81,75.,53.81,53.81,75.,-53.81,53.81,    2543P   6032
75.,-10.761,0.000999999999999446,-5.381,5.381;                      2543P   6033
128,4,8,2,2,0,1,0,0,1,-1.5707963267949,-1.5707963267949,            2545P   6034
-1.5707963267949,0.,0.,1.5707963267949,1.5707963267949,             2545P   6035
1.5707963267949,-3.14159265358979,-3.14159265358979,                2545P   6036
-3.14159265358979,-1.5707963267949,-1.5707963267949,0.,0.,          2545P   6037
1.5707963267949,1.5707963267949,3.14159265358979,                   2545P   6038
3.14159265358979,3.14159265358979,1.,0.707106781186542,1.,          2545P   6039
0.707106781186542,1.,0.707106781186548,0.499999999999996,           2545P   6040
0.707106781186548,0.499999999999996,0.707106781186548,1.,           2545P   6041
0.707106781186542,1.,0.707106781186542,1.,0.707106781186548,        2545P   6042
0.499999999999996,0.707106781186548,0.499999999999996,              2545P   6043
0.707106781186548,1.,0.707106781186542,1.,0.707106781186542,1.,     2545P   6044
0.707106781186548,0.499999999999996,0.707106781186548,              2545P   6045
0.499999999999996,0.707106781186548,1.,0.707106781186542,1.,        2545P   6046
0.707106781186542,1.,0.707106781186548,0.499999999999996,           2545P   6047
0.707106781186548,0.499999999999996,0.707106781186548,1.,           2545P   6048
0.707106781186542,1.,0.707106781186542,1.,53.8,0.,75.,55.5,0.,      2545P   6049
75.,55.5,0.,73.3,55.5,0.,71.6,53.8,0.,71.6,53.8,-53.8,75.,55.5,     2545P   6050
-55.5,75.,55.5,-55.5,73.3,55.5,-55.5,71.6,53.8,-53.8,71.6,0.,       2545P   6051
-53.8,75.,0.,-55.5,75.,0.,-55.5,73.3,0.,-55.5,71.6,0.,-53.8,        2545P   6052
71.6,-53.8,-53.8,75.,-55.5,-55.5,75.,-55.5,-55.5,73.3,-55.5,        2545P   6053
-55.5,71.6,-53.8,-53.8,71.6,-53.8,0.,75.,-55.5,0.,75.,-55.5,0.,     2545P   6054
73.3,-55.5,0.,71.6,-53.8,0.,71.6,-53.8,53.8,75.,-55.5,55.5,75.,     2545P   6055
-55.5,55.5,73.3,-55.5,55.5,71.6,-53.8,53.8,71.6,0.,53.8,75.,0.,     2545P   6056
55.5,75.,0.,55.5,73.3,0.,55.5,71.6,0.,53.8,71.6,53.8,53.8,75.,      2545P   6057
55.5,55.5,75.,55.5,55.5,73.3,55.5,55.5,71.6,53.8,53.8,71.6,53.8,    2545P   6058
0.,75.,55.5,0.,75.,55.5,0.,73.3,55.5,0.,71.6,53.8,0.,71.6,          2545P   6059
-1.5707963267949,1.5707963267949,-3.14159265358979,                 2545P   6060
3.14159265358979;                                                   2545P   6061
128,1,1,1,1,0,0,1,0,0,-1.30168975254244,-1.30168975254244,          2547P   6062
9.46031024745755,9.46031024745755,-5.381,-5.381,5.381,5.381,1.,     2547P   6063
1.,1.,1.,-53.81,-53.81,71.6,53.81,-53.81,71.6,-53.81,53.81,71.6,    2547P   6064
53.81,53.81,71.6,-1.30168975254244,9.46031024745755,-5.381,         2547P   6065
5.381;                                                              2547P   6066
128,1,1,1,1,0,0,1,0,0,-10.761,-10.761,0.000999999999999446,         2549P   6067
0.000999999999999446,-5.381,-5.381,5.381,5.381,1.,1.,1.,1.,         2549P   6068
53.81,-53.81,85.2,-53.81,-53.81,85.2,53.81,53.81,85.2,-53.81,       2549P   6069
53.81,85.2,-10.761,0.000999999999999446,-5.381,5.381;               2549P   6070
128,4,8,2,2,0,1,0,0,1,-1.5707963267949,-1.5707963267949,            2551P   6071
-1.5707963267949,0.,0.,1.5707963267949,1.5707963267949,             2551P   6072
1.5707963267949,-3.14159265358979,-3.14159265358979,                2551P   6073
-3.14159265358979,-1.5707963267949,-1.5707963267949,0.,0.,          2551P   6074
1.5707963267949,1.5707963267949,3.14159265358979,                   2551P   6075
3.14159265358979,3.14159265358979,1.,0.707106781186557,1.,          2551P   6076
0.707106781186557,1.,0.707106781186548,0.500000000000007,           2551P   6077
0.707106781186548,0.500000000000007,0.707106781186548,1.,           2551P   6078
0.707106781186557,1.,0.707106781186557,1.,0.707106781186548,        2551P   6079
0.500000000000007,0.707106781186548,0.500000000000007,              2551P   6080
0.707106781186548,1.,0.707106781186557,1.,0.707106781186557,1.,     2551P   6081
0.707106781186548,0.500000000000007,0.707106781186548,              2551P   6082
0.500000000000007,0.707106781186548,1.,0.707106781186557,1.,        2551P   6083
0.707106781186557,1.,0.707106781186548,0.500000000000007,           2551P   6084
0.707106781186548,0.500000000000007,0.707106781186548,1.,           2551P   6085
0.707106781186557,1.,0.707106781186557,1.,53.8,0.,85.2,55.5,0.,     2551P   6086
85.2,55.5,0.,83.5,55.5,0.,81.8,53.8,0.,81.8,53.8,-53.8,85.2,        2551P   6087
55.5,-55.5,85.2,55.5,-55.5,83.5,55.5,-55.5,81.8,53.8,-53.8,81.8,    2551P   6088
0.,-53.8,85.2,0.,-55.5,85.2,0.,-55.5,83.5,0.,-55.5,81.8,0.,         2551P   6089
-53.8,81.8,-53.8,-53.8,85.2,-55.5,-55.5,85.2,-55.5,-55.5,83.5,      2551P   6090
-55.5,-55.5,81.8,-53.8,-53.8,81.8,-53.8,0.,85.2,-55.5,0.,85.2,      2551P   6091
-55.5,0.,83.5,-55.5,0.,81.8,-53.8,0.,81.8,-53.8,53.8,85.2,-55.5,    2551P   6092
55.5,85.2,-55.5,55.5,83.5,-55.5,55.5,81.8,-53.8,53.8,81.8,0.,       2551P   6093
53.8,85.2,0.,55.5,85.2,0.,55.5,83.5,0.,55.5,81.8,0.,53.8,81.8,      2551P   6094
53.8,53.8,85.2,55.5,55.5,85.2,55.5,55.5,83.5,55.5,55.5,81.8,        2551P   6095
53.8,53.8,81.8,53.8,0.,85.2,55.5,0.,85.2,55.5,0.,83.5,55.5,0.,      2551P   6096
81.8,53.8,0.,81.8,-1.5707963267949,1.5707963267949,                 2551P   6097
-3.14159265358979,3.14159265358979;                                 2551P   6098
128,1,1,1,1,0,0,1,0,0,-1.30168975254244,-1.30168975254244,          2553P   6099
9.46031024745755,9.46031024745755,-5.381,-5.381,5.381,5.381,1.,     2553P   6100
1.,1.,1.,-53.81,-53.81,81.8,53.81,-53.81,81.8,-53.81,53.81,81.8,    2553P   6101
53.81,53.81,81.8,-1.30168975254244,9.46031024745755,-5.381,         2553P   6102
5.381;                                                              2553P   6103
128,1,1,1,1,0,0,1,0,0,-10.761,-10.761,0.000999999999999446,         2555P   6104
0.000999999999999446,-5.381,-5.381,5.381,5.381,1.,1.,1.,1.,         2555P   6105
53.81,-53.81,95.4,-53.81,-53.81,95.4,53.81,53.81,95.4,-53.81,       2555P   6106
53.81,95.4,-10.761,0.000999999999999446,-5.381,5.381;               2555P   6107
128,4,8,2,2,0,1,0,0,1,-1.5707963267949,-1.5707963267949,            2557P   6108
-1.5707963267949,0.,0.,1.5707963267949,1.5707963267949,             2557P   6109
1.5707963267949,-3.14159265358979,-3.14159265358979,                2557P   6110
-3.14159265358979,-1.5707963267949,-1.5707963267949,0.,0.,          2557P   6111
1.5707963267949,1.5707963267949,3.14159265358979,                   2557P   6112
3.14159265358979,3.14159265358979,1.,0.707106781186557,1.,          2557P   6113
0.707106781186557,1.,0.707106781186548,0.500000000000007,           2557P   6114
0.707106781186548,0.500000000000007,0.707106781186548,1.,           2557P   6115
0.707106781186557,1.,0.707106781186557,1.,0.707106781186548,        2557P   6116
0.500000000000007,0.707106781186548,0.500000000000007,              2557P   6117
0.707106781186548,1.,0.707106781186557,1.,0.707106781186557,1.,     2557P   6118
0.707106781186548,0.500000000000007,0.707106781186548,              2557P   6119
0.500000000000007,0.707106781186548,1.,0.707106781186557,1.,        2557P   6120
0.707106781186557,1.,0.707106781186548,0.500000000000007,           2557P   6121
0.707106781186548,0.500000000000007,0.707106781186548,1.,           2557P   6122
0.707106781186557,1.,0.707106781186557,1.,53.8,0.,95.4,55.5,0.,     2557P   6123
95.4,55.5,0.,93.7,55.5,0.,92.,53.8,0.,92.,53.8,-53.8,95.4,55.5,     2557P   6124
-55.5,95.4,55.5,-55.5,93.7,55.5,-55.5,92.,53.8,-53.8,92.,0.,        2557P   6125
-53.8,95.4,0.,-55.5,95.4,0.,-55.5,93.7,0.,-55.5,92.,0.,-53.8,       2557P   6126
92.,-53.8,-53.8,95.4,-55.5,-55.5,95.4,-55.5,-55.5,93.7,-55.5,       2557P   6127
-55.5,92.,-53.8,-53.8,92.,-53.8,0.,95.4,-55.5,0.,95.4,-55.5,0.,     2557P   6128
93.7,-55.5,0.,92.,-53.8,0.,92.,-53.8,53.8,95.4,-55.5,55.5,95.4,     2557P   6129
-55.5,55.5,93.7,-55.5,55.5,92.,-53.8,53.8,92.,0.,53.8,95.4,0.,      2557P   6130
55.5,95.4,0.,55.5,93.7,0.,55.5,92.,0.,53.8,92.,53.8,53.8,95.4,      2557P   6131
55.5,55.5,95.4,55.5,55.5,93.7,55.5,55.5,92.,53.8,53.8,92.,53.8,     2557P   6132
0.,95.4,55.5,0.,95.4,55.5,0.,93.7,55.5,0.,92.,53.8,0.,92.,          2557P   6133
-1.5707963267949,1.5707963267949,-3.14159265358979,                 2557P   6134
3.14159265358979;                                                   2557P   6135
128,1,1,1,1,0,0,1,0,0,-1.30168975254244,-1.30168975254244,          2559P   6136
9.46031024745755,9.46031024745755,-5.381,-5.381,5.381,5.381,1.,     2559P   6137
1.,1.,1.,-53.81,-53.81,92.,53.81,-53.81,92.,-53.81,53.81,92.,       2559P   6138
53.81,53.81,92.,-1.30168975254244,9.46031024745755,-5.381,5.381;    2559P   6139
128,1,1,1,1,0,0,1,0,0,-10.761,-10.761,0.000999999999999446,         2561P   6140
0.000999999999999446,-5.381,-5.381,5.381,5.381,1.,1.,1.,1.,         2561P   6141
53.81,-53.81,105.6,-53.81,-53.81,105.6,53.81,53.81,105.6,-53.81,    2561P   6142
53.81,105.6,-10.761,0.000999999999999446,-5.381,5.381;              2561P   6143
128,4,8,2,2,0,1,0,0,1,-1.5707963267949,-1.5707963267949,            2563P   6144
-1.5707963267949,0.,0.,1.5707963267949,1.5707963267949,             2563P   6145
1.5707963267949,-3.14159265358979,-3.14159265358979,                2563P   6146
-3.14159265358979,-1.5707963267949,-1.5707963267949,0.,0.,          2563P   6147
1.5707963267949,1.5707963267949,3.14159265358979,                   2563P   6148
3.14159265358979,3.14159265358979,1.,0.707106781186557,1.,          2563P   6149
0.707106781186557,1.,0.707106781186548,0.500000000000007,           2563P   6150
0.707106781186548,0.500000000000007,0.707106781186548,1.,           2563P   6151
0.707106781186557,1.,0.707106781186557,1.,0.707106781186548,        2563P   6152
0.500000000000007,0.707106781186548,0.500000000000007,              2563P   6153
0.707106781186548,1.,0.707106781186557,1.,0.707106781186557,1.,     2563P   6154
0.707106781186548,0.500000000000007,0.707106781186548,              2563P   6155
0.500000000000007,0.707106781186548,1.,0.707106781186557,1.,        2563P   6156
0.707106781186557,1.,0.707106781186548,0.500000000000007,           2563P   6157
0.707106781186548,0.500000000000007,0.707106781186548,1.,           2563P   6158
0.707106781186557,1.,0.707106781186557,1.,53.8,0.,105.6,55.5,0.,    2563P   6159
105.6,55.5,0.,103.9,55.5,0.,102.2,53.8,0.,102.2,53.8,-53.8,         2563P   6160
105.6,55.5,-55.5,105.6,55.5,-55.5,103.9,55.5,-55.5,102.2,53.8,      2563P   6161
-53.8,102.2,0.,-53.8,105.6,0.,-55.5,105.6,0.,-55.5,103.9,0.,        2563P   6162
-55.5,102.2,0.,-53.8,102.2,-53.8,-53.8,105.6,-55.5,-55.5,105.6,     2563P   6163
-55.5,-55.5,103.9,-55.5,-55.5,102.2,-53.8,-53.8,102.2,-53.8,0.,     2563P   6164
105.6,-55.5,0.,105.6,-55.5,0.,103.9,-55.5,0.,102.2,-53.8,0.,        2563P   6165
102.2,-53.8,53.8,105.6,-55.5,55.5,105.6,-55.5,55.5,103.9,-55.5,     2563P   6166
55.5,102.2,-53.8,53.8,102.2,0.,53.8,105.6,0.,55.5,105.6,0.,55.5,    2563P   6167
103.9,0.,55.5,102.2,0.,53.8,102.2,53.8,53.8,105.6,55.5,55.5,        2563P   6168
105.6,55.5,55.5,103.9,55.5,55.5,102.2,53.8,53.8,102.2,53.8,0.,      2563P   6169
105.6,55.5,0.,105.6,55.5,0.,103.9,55.5,0.,102.2,53.8,0.,102.2,      2563P   6170
-1.5707963267949,1.5707963267949,-3.14159265358979,                 2563P   6171
3.14159265358979;                                                   2563P   6172
128,1,1,1,1,0,0,1,0,0,-1.30168975254244,-1.30168975254244,          2565P   6173
9.46031024745755,9.46031024745755,-5.381,-5.381,5.381,5.381,1.,     2565P   6174
1.,1.,1.,-53.81,-53.81,102.2,53.81,-53.81,102.2,-53.81,53.81,       2565P   6175
102.2,53.81,53.81,102.2,-1.30168975254244,9.46031024745755,         2565P   6176
-5.381,5.381;                                                       2565P   6177
128,1,1,1,1,0,0,1,0,0,-10.761,-10.761,0.000999999999999446,         2567P   6178
0.000999999999999446,-5.381,-5.381,5.381,5.381,1.,1.,1.,1.,         2567P   6179
53.81,-53.81,115.8,-53.81,-53.81,115.8,53.81,53.81,115.8,-53.81,    2567P   6180
53.81,115.8,-10.761,0.000999999999999446,-5.381,5.381;              2567P   6181
128,4,8,2,2,0,1,0,0,1,-1.5707963267949,-1.5707963267949,            2569P   6182
-1.5707963267949,0.,0.,1.5707963267949,1.5707963267949,             2569P   6183
1.5707963267949,-3.14159265358979,-3.14159265358979,                2569P   6184
-3.14159265358979,-1.5707963267949,-1.5707963267949,0.,0.,          2569P   6185
1.5707963267949,1.5707963267949,3.14159265358979,                   2569P   6186
3.14159265358979,3.14159265358979,1.,0.707106781186557,1.,          2569P   6187
0.707106781186557,1.,0.707106781186548,0.500000000000007,           2569P   6188
0.707106781186548,0.500000000000007,0.707106781186548,1.,           2569P   6189
0.707106781186557,1.,0.707106781186557,1.,0.707106781186548,        2569P   6190
0.500000000000007,0.707106781186548,0.500000000000007,              2569P   6191
0.707106781186548,1.,0.707106781186557,1.,0.707106781186557,1.,     2569P   6192
0.707106781186548,0.500000000000007,0.707106781186548,              2569P   6193
0.500000000000007,0.707106781186548,1.,0.707106781186557,1.,        2569P   6194
0.707106781186557,1.,0.707106781186548,0.500000000000007,           2569P   6195
0.707106781186548,0.500000000000007,0.707106781186548,1.,           2569P   6196
0.707106781186557,1.,0.707106781186557,1.,53.8,0.,115.8,55.5,0.,    2569P   6197
115.8,55.5,0.,114.1,55.5,0.,112.4,53.8,0.,112.4,53.8,-53.8,         2569P   6198
115.8,55.5,-55.5,115.8,55.5,-55.5,114.1,55.5,-55.5,112.4,53.8,      2569P   6199
-53.8,112.4,0.,-53.8,115.8,0.,-55.5,115.8,0.,-55.5,114.1,0.,        2569P   6200
-55.5,112.4,0.,-53.8,112.4,-53.8,-53.8,115.8,-55.5,-55.5,115.8,     2569P   6201
-55.5,-55.5,114.1,-55.5,-55.5,112.4,-53.8,-53.8,112.4,-53.8,0.,     2569P   6202
115.8,-55.5,0.,115.8,-55.5,0.,114.1,-55.5,0.,112.4,-53.8,0.,        2569P   6203
112.4,-53.8,53.8,115.8,-55.5,55.5,115.8,-55.5,55.5,114.1,-55.5,     2569P   6204
55.5,112.4,-53.8,53.8,112.4,0.,53.8,115.8,0.,55.5,115.8,0.,55.5,    2569P   6205
114.1,0.,55.5,112.4,0.,53.8,112.4,53.8,53.8,115.8,55.5,55.5,        2569P   6206
115.8,55.5,55.5,114.1,55.5,55.5,112.4,53.8,53.8,112.4,53.8,0.,      2569P   6207
115.8,55.5,0.,115.8,55.5,0.,114.1,55.5,0.,112.4,53.8,0.,112.4,      2569P   6208
-1.5707963267949,1.5707963267949,-3.14159265358979,                 2569P   6209
3.14159265358979;                                                   2569P   6210
128,1,1,1,1,0,0,1,0,0,-1.30168975254244,-1.30168975254244,          2571P   6211
9.46031024745755,9.46031024745755,-5.381,-5.381,5.381,5.381,1.,     2571P   6212
1.,1.,1.,-53.81,-53.81,112.4,53.81,-53.81,112.4,-53.81,53.81,       2571P   6213
112.4,53.81,53.81,112.4,-1.30168975254244,9.46031024745755,         2571P   6214
-5.381,5.381;                                                       2571P   6215
128,1,1,1,1,0,0,1,0,0,-10.761,-10.761,0.000999999999999446,         2573P   6216
0.000999999999999446,-5.381,-5.381,5.381,5.381,1.,1.,1.,1.,         2573P   6217
53.81,-53.81,126.,-53.81,-53.81,126.,53.81,53.81,126.,-53.81,       2573P   6218
53.81,126.,-10.761,0.000999999999999446,-5.381,5.381;               2573P   6219
128,4,8,2,2,0,1,0,0,1,-1.5707963267949,-1.5707963267949,            2575P   6220
-1.5707963267949,0.,0.,1.5707963267949,1.5707963267949,             2575P   6221
1.5707963267949,-3.14159265358979,-3.14159265358979,                2575P   6222
-3.14159265358979,-1.5707963267949,-1.5707963267949,0.,0.,          2575P   6223
1.5707963267949,1.5707963267949,3.14159265358979,                   2575P   6224
3.14159265358979,3.14159265358979,1.,0.707106781186557,1.,          2575P   6225
0.707106781186557,1.,0.707106781186548,0.500000000000007,           2575P   6226
0.707106781186548,0.500000000000007,0.707106781186548,1.,           2575P   6227
0.707106781186557,1.,0.707106781186557,1.,0.707106781186548,        2575P   6228
0.500000000000007,0.707106781186548,0.500000000000007,              2575P   6229
0.707106781186548,1.,0.707106781186557,1.,0.707106781186557,1.,     2575P   6230
0.707106781186548,0.500000000000007,0.707106781186548,              2575P   6231
0.500000000000007,0.707106781186548,1.,0.707106781186557,1.,        2575P   6232
0.707106781186557,1.,0.707106781186548,0.500000000000007,           2575P   6233
0.707106781186548,0.500000000000007,0.707106781186548,1.,           2575P   6234
0.707106781186557,1.,0.707106781186557,1.,53.8,0.,126.,55.5,0.,     2575P   6235
126.,55.5,0.,124.3,55.5,0.,122.6,53.8,0.,122.6,53.8,-53.8,126.,     2575P   6236
55.5,-55.5,126.,55.5,-55.5,124.3,55.5,-55.5,122.6,53.8,-53.8,       2575P   6237
122.6,0.,-53.8,126.,0.,-55.5,126.,0.,-55.5,124.3,0.,-55.5,122.6,    2575P   6238
0.,-53.8,122.6,-53.8,-53.8,126.,-55.5,-55.5,126.,-55.5,-55.5,       2575P   6239
124.3,-55.5,-55.5,122.6,-53.8,-53.8,122.6,-53.8,0.,126.,-55.5,      2575P   6240
0.,126.,-55.5,0.,124.3,-55.5,0.,122.6,-53.8,0.,122.6,-53.8,53.8,    2575P   6241
126.,-55.5,55.5,126.,-55.5,55.5,124.3,-55.5,55.5,122.6,-53.8,       2575P   6242
53.8,122.6,0.,53.8,126.,0.,55.5,126.,0.,55.5,124.3,0.,55.5,         2575P   6243
122.6,0.,53.8,122.6,53.8,53.8,126.,55.5,55.5,126.,55.5,55.5,        2575P   6244
124.3,55.5,55.5,122.6,53.8,53.8,122.6,53.8,0.,126.,55.5,0.,126.,    2575P   6245
55.5,0.,124.3,55.5,0.,122.6,53.8,0.,122.6,-1.5707963267949,         2575P   6246
1.5707963267949,-3.14159265358979,3.14159265358979;                 2575P   6247
128,1,1,1,1,0,0,1,0,0,-1.30168975254244,-1.30168975254244,          2577P   6248
9.46031024745755,9.46031024745755,-5.381,-5.381,5.381,5.381,1.,     2577P   6249
1.,1.,1.,-53.81,-53.81,122.6,53.81,-53.81,122.6,-53.81,53.81,       2577P   6250
122.6,53.81,53.81,122.6,-1.30168975254244,9.46031024745755,         2577P   6251
-5.381,5.381;                                                       2577P   6252
128,1,1,1,1,0,0,1,0,0,-10.761,-10.761,0.000999999999999446,         2579P   6253
0.000999999999999446,-5.381,-5.381,5.381,5.381,1.,1.,1.,1.,         2579P   6254
53.81,-53.81,136.2,-53.81,-53.81,136.2,53.81,53.81,136.2,-53.81,    2579P   6255
53.81,136.2,-10.761,0.000999999999999446,-5.381,5.381;              2579P   6256
128,4,8,2,2,0,1,0,0,1,-1.5707963267949,-1.5707963267949,            2581P   6257
-1.5707963267949,0.,0.,1.5707963267949,1.5707963267949,             2581P   6258
1.5707963267949,-3.14159265358979,-3.14159265358979,                2581P   6259
-3.14159265358979,-1.5707963267949,-1.5707963267949,0.,0.,          2581P   6260
1.5707963267949,1.5707963267949,3.14159265358979,                   2581P   6261
3.14159265358979,3.14159265358979,1.,0.707106781186557,1.,          2581P   6262
0.707106781186557,1.,0.707106781186548,0.500000000000007,           2581P   6263
0.707106781186548,0.500000000000007,0.707106781186548,1.,           2581P   6264
0.707106781186557,1.,0.707106781186557,1.,0.707106781186548,        2581P   6265
0.500000000000007,0.707106781186548,0.500000000000007,              2581P   6266
0.707106781186548,1.,0.707106781186557,1.,0.707106781186557,1.,     2581P   6267
0.707106781186548,0.500000000000007,0.707106781186548,              2581P   6268
0.500000000000007,0.707106781186548,1.,0.707106781186557,1.,        2581P   6269
0.707106781186557,1.,0.707106781186548,0.500000000000007,           2581P   6270
0.707106781186548,0.500000000000007,0.707106781186548,1.,           2581P   6271
0.707106781186557,1.,0.707106781186557,1.,53.8,0.,136.2,55.5,0.,    2581P   6272
136.2,55.5,0.,134.5,55.5,0.,132.8,53.8,0.,132.8,53.8,-53.8,         2581P   6273
136.2,55.5,-55.5,136.2,55.5,-55.5,134.5,55.5,-55.5,132.8,53.8,      2581P   6274
-53.8,132.8,0.,-53.8,136.2,0.,-55.5,136.2,0.,-55.5,134.5,0.,        2581P   6275
-55.5,132.8,0.,-53.8,132.8,-53.8,-53.8,136.2,-55.5,-55.5,136.2,     2581P   6276
-55.5,-55.5,134.5,-55.5,-55.5,132.8,-53.8,-53.8,132.8,-53.8,0.,     2581P   6277
136.2,-55.5,0.,136.2,-55.5,0.,134.5,-55.5,0.,132.8,-53.8,0.,        2581P   6278
132.8,-53.8,53.8,136.2,-55.5,55.5,136.2,-55.5,55.5,134.5,-55.5,     2581P   6279
55.5,132.8,-53.8,53.8,132.8,0.,53.8,136.2,0.,55.5,136.2,0.,55.5,    2581P   6280
134.5,0.,55.5,132.8,0.,53.8,132.8,53.8,53.8,136.2,55.5,55.5,        2581P   6281
136.2,55.5,55.5,134.5,55.5,55.5,132.8,53.8,53.8,132.8,53.8,0.,      2581P   6282
136.2,55.5,0.,136.2,55.5,0.,134.5,55.5,0.,132.8,53.8,0.,132.8,      2581P   6283
-1.5707963267949,1.5707963267949,-3.14159265358979,                 2581P   6284
3.14159265358979;                                                   2581P   6285
128,1,1,1,1,0,0,1,0,0,-1.30168975254244,-1.30168975254244,          2583P   6286
9.46031024745755,9.46031024745755,-5.381,-5.381,5.381,5.381,1.,     2583P   6287
1.,1.,1.,-53.81,-53.81,132.8,53.81,-53.81,132.8,-53.81,53.81,       2583P   6288
132.8,53.81,53.81,132.8,-1.30168975254244,9.46031024745755,         2583P   6289
-5.381,5.381;                                                       2583P   6290
128,1,1,1,1,0,0,1,0,0,-10.761,-10.761,0.000999999999999446,         2585P   6291
0.000999999999999446,-5.381,-5.381,5.381,5.381,1.,1.,1.,1.,         2585P   6292
53.81,-53.81,146.4,-53.81,-53.81,146.4,53.81,53.81,146.4,-53.81,    2585P   6293
53.81,146.4,-10.761,0.000999999999999446,-5.381,5.381;              2585P   6294
128,4,8,2,2,0,1,0,0,1,-1.5707963267949,-1.5707963267949,            2587P   6295
-1.5707963267949,0.,0.,1.5707963267949,1.5707963267949,             2587P   6296
1.5707963267949,-3.14159265358979,-3.14159265358979,                2587P   6297
-3.14159265358979,-1.5707963267949,-1.5707963267949,0.,0.,          2587P   6298
1.5707963267949,1.5707963267949,3.14159265358979,                   2587P   6299
3.14159265358979,3.14159265358979,1.,0.707106781186557,1.,          2587P   6300
0.707106781186557,1.,0.707106781186548,0.500000000000007,           2587P   6301
0.707106781186548,0.500000000000007,0.707106781186548,1.,           2587P   6302
0.707106781186557,1.,0.707106781186557,1.,0.707106781186548,        2587P   6303
0.500000000000007,0.707106781186548,0.500000000000007,              2587P   6304
0.707106781186548,1.,0.707106781186557,1.,0.707106781186557,1.,     2587P   6305
0.707106781186548,0.500000000000007,0.707106781186548,              2587P   6306
0.500000000000007,0.707106781186548,1.,0.707106781186557,1.,        2587P   6307
0.707106781186557,1.,0.707106781186548,0.500000000000007,           2587P   6308
0.707106781186548,0.500000000000007,0.707106781186548,1.,           2587P   6309
0.707106781186557,1.,0.707106781186557,1.,53.8,0.,146.4,55.5,0.,    2587P   6310
146.4,55.5,0.,144.7,55.5,0.,143.,53.8,0.,143.,53.8,-53.8,146.4,     2587P   6311
55.5,-55.5,146.4,55.5,-55.5,144.7,55.5,-55.5,143.,53.8,-53.8,       2587P   6312
143.,0.,-53.8,146.4,0.,-55.5,146.4,0.,-55.5,144.7,0.,-55.5,143.,    2587P   6313
0.,-53.8,143.,-53.8,-53.8,146.4,-55.5,-55.5,146.4,-55.5,-55.5,      2587P   6314
144.7,-55.5,-55.5,143.,-53.8,-53.8,143.,-53.8,0.,146.4,-55.5,0.,    2587P   6315
146.4,-55.5,0.,144.7,-55.5,0.,143.,-53.8,0.,143.,-53.8,53.8,        2587P   6316
146.4,-55.5,55.5,146.4,-55.5,55.5,144.7,-55.5,55.5,143.,-53.8,      2587P   6317
53.8,143.,0.,53.8,146.4,0.,55.5,146.4,0.,55.5,144.7,0.,55.5,        2587P   6318
143.,0.,53.8,143.,53.8,53.8,146.4,55.5,55.5,146.4,55.5,55.5,        2587P   6319
144.7,55.5,55.5,143.,53.8,53.8,143.,53.8,0.,146.4,55.5,0.,146.4,    2587P   6320
55.5,0.,144.7,55.5,0.,143.,53.8,0.,143.,-1.5707963267949,           2587P   6321
1.5707963267949,-3.14159265358979,3.14159265358979;                 2587P   6322
128,1,1,1,1,0,0,1,0,0,-1.30168975254244,-1.30168975254244,          2589P   6323
9.46031024745755,9.46031024745755,-5.381,-5.381,5.381,5.381,1.,     2589P   6324
1.,1.,1.,-53.81,-53.81,143.,53.81,-53.81,143.,-53.81,53.81,143.,    2589P   6325
53.81,53.81,143.,-1.30168975254244,9.46031024745755,-5.381,         2589P   6326
5.381;                                                              2589P   6327
128,1,1,1,1,0,0,1,0,0,-10.761,-10.761,0.000999999999999446,         2591P   6328
0.000999999999999446,-5.381,-5.381,5.381,5.381,1.,1.,1.,1.,         2591P   6329
53.81,-53.81,156.6,-53.81,-53.81,156.6,53.81,53.81,156.6,-53.81,    2591P   6330
53.81,156.6,-10.761,0.000999999999999446,-5.381,5.381;              2591P   6331
128,4,8,2,2,0,1,0,0,1,-1.5707963267949,-1.5707963267949,            2593P   6332
-1.5707963267949,0.,0.,1.5707963267949,1.5707963267949,             2593P   6333
1.5707963267949,-3.14159265358979,-3.14159265358979,                2593P   6334
-3.14159265358979,-1.5707963267949,-1.5707963267949,0.,0.,          2593P   6335
1.5707963267949,1.5707963267949,3.14159265358979,                   2593P   6336
3.14159265358979,3.14159265358979,1.,0.707106781186557,1.,          2593P   6337
0.707106781186557,1.,0.707106781186548,0.500000000000007,           2593P   6338
0.707106781186548,0.500000000000007,0.707106781186548,1.,           2593P   6339
0.707106781186557,1.,0.707106781186557,1.,0.707106781186548,        2593P   6340
0.500000000000007,0.707106781186548,0.500000000000007,              2593P   6341
0.707106781186548,1.,0.707106781186557,1.,0.707106781186557,1.,     2593P   6342
0.707106781186548,0.500000000000007,0.707106781186548,              2593P   6343
0.500000000000007,0.707106781186548,1.,0.707106781186557,1.,        2593P   6344
0.707106781186557,1.,0.707106781186548,0.500000000000007,           2593P   6345
0.707106781186548,0.500000000000007,0.707106781186548,1.,           2593P   6346
0.707106781186557,1.,0.707106781186557,1.,53.8,0.,156.6,55.5,0.,    2593P   6347
156.6,55.5,0.,154.9,55.5,0.,153.2,53.8,0.,153.2,53.8,-53.8,         2593P   6348
156.6,55.5,-55.5,156.6,55.5,-55.5,154.9,55.5,-55.5,153.2,53.8,      2593P   6349
-53.8,153.2,0.,-53.8,156.6,0.,-55.5,156.6,0.,-55.5,154.9,0.,        2593P   6350
-55.5,153.2,0.,-53.8,153.2,-53.8,-53.8,156.6,-55.5,-55.5,156.6,     2593P   6351
-55.5,-55.5,154.9,-55.5,-55.5,153.2,-53.8,-53.8,153.2,-53.8,0.,     2593P   6352
156.6,-55.5,0.,156.6,-55.5,0.,154.9,-55.5,0.,153.2,-53.8,0.,        2593P   6353
153.2,-53.8,53.8,156.6,-55.5,55.5,156.6,-55.5,55.5,154.9,-55.5,     2593P   6354
55.5,153.2,-53.8,53.8,153.2,0.,53.8,156.6,0.,55.5,156.6,0.,55.5,    2593P   6355
154.9,0.,55.5,153.2,0.,53.8,153.2,53.8,53.8,156.6,55.5,55.5,        2593P   6356
156.6,55.5,55.5,154.9,55.5,55.5,153.2,53.8,53.8,153.2,53.8,0.,      2593P   6357
156.6,55.5,0.,156.6,55.5,0.,154.9,55.5,0.,153.2,53.8,0.,153.2,      2593P   6358
-1.5707963267949,1.5707963267949,-3.14159265358979,                 2593P   6359
3.14159265358979;                                                   2593P   6360
128,1,1,1,1,0,0,1,0,0,-1.30168975254244,-1.30168975254244,          2595P   6361
9.46031024745755,9.46031024745755,-5.381,-5.381,5.381,5.381,1.,     2595P   6362
1.,1.,1.,-53.81,-53.81,153.2,53.81,-53.81,153.2,-53.81,53.81,       2595P   6363
153.2,53.81,53.81,153.2,-1.30168975254244,9.46031024745755,         2595P   6364
-5.381,5.381;                                                       2595P   6365
128,1,1,1,1,0,0,1,0,0,-10.761,-10.761,0.000999999999999446,         2597P   6366
0.000999999999999446,-5.381,-5.381,5.381,5.381,1.,1.,1.,1.,         2597P   6367
53.81,-53.81,166.8,-53.81,-53.81,166.8,53.81,53.81,166.8,-53.81,    2597P   6368
53.81,166.8,-10.761,0.000999999999999446,-5.381,5.381;              2597P   6369
128,4,8,2,2,0,1,0,0,1,-1.5707963267949,-1.5707963267949,            2599P   6370
-1.5707963267949,3.33066907387547D-16,3.33066907387547D-16,         2599P   6371
1.5707963267949,1.5707963267949,1.5707963267949,                    2599P   6372
-3.14159265358979,-3.14159265358979,-3.14159265358979,              2599P   6373
-1.5707963267949,-1.5707963267949,0.,0.,1.5707963267949,            2599P   6374
1.5707963267949,3.14159265358979,3.14159265358979,                  2599P   6375
3.14159265358979,1.,0.707106781186557,1.,0.707106781186561,1.,      2599P   6376
0.707106781186548,0.500000000000007,0.707106781186548,              2599P   6377
0.50000000000001,0.707106781186548,1.,0.707106781186557,1.,         2599P   6378
0.707106781186561,1.,0.707106781186548,0.500000000000007,           2599P   6379
0.707106781186548,0.50000000000001,0.707106781186548,1.,            2599P   6380
0.707106781186557,1.,0.707106781186561,1.,0.707106781186548,        2599P   6381
0.500000000000007,0.707106781186548,0.50000000000001,               2599P   6382
0.707106781186548,1.,0.707106781186557,1.,0.707106781186561,1.,     2599P   6383
0.707106781186548,0.500000000000007,0.707106781186548,              2599P   6384
0.50000000000001,0.707106781186548,1.,0.707106781186557,1.,         2599P   6385
0.707106781186561,1.,53.8,0.,166.8,55.5,0.,166.8,55.5,0.,165.1,     2599P   6386
55.5,0.,163.4,53.8,0.,163.4,53.8,-53.8,166.8,55.5,-55.5,166.8,      2599P   6387
55.5,-55.5,165.1,55.5,-55.5,163.4,53.8,-53.8,163.4,0.,-53.8,        2599P   6388
166.8,0.,-55.5,166.8,0.,-55.5,165.1,0.,-55.5,163.4,0.,-53.8,        2599P   6389
163.4,-53.8,-53.8,166.8,-55.5,-55.5,166.8,-55.5,-55.5,165.1,        2599P   6390
-55.5,-55.5,163.4,-53.8,-53.8,163.4,-53.8,0.,166.8,-55.5,0.,        2599P   6391
166.8,-55.5,0.,165.1,-55.5,0.,163.4,-53.8,0.,163.4,-53.8,53.8,      2599P   6392
166.8,-55.5,55.5,166.8,-55.5,55.5,165.1,-55.5,55.5,163.4,-53.8,     2599P   6393
53.8,163.4,0.,53.8,166.8,0.,55.5,166.8,0.,55.5,165.1,0.,55.5,       2599P   6394
163.4,0.,53.8,163.4,53.8,53.8,166.8,55.5,55.5,166.8,55.5,55.5,      2599P   6395
165.1,55.5,55.5,163.4,53.8,53.8,163.4,53.8,0.,166.8,55.5,0.,        2599P   6396
166.8,55.5,0.,165.1,55.5,0.,163.4,53.8,0.,163.4,                    2599P   6397
-1.5707963267949,1.5707963267949,-3.14159265358979,                 2599P   6398
3.14159265358979;                                                   2599P   6399
128,1,1,1,1,0,0,1,0,0,-1.30168975254244,-1.30168975254244,          2601P   6400
9.46031024745755,9.46031024745755,-5.381,-5.381,5.381,5.381,1.,     2601P   6401
1.,1.,1.,-53.81,-53.81,163.4,53.81,-53.81,163.4,-53.81,53.81,       2601P   6402
163.4,53.81,53.81,163.4,-1.30168975254244,9.46031024745755,         2601P   6403
-5.381,5.381;                                                       2601P   6404
128,1,1,1,1,0,0,1,0,0,-10.761,-10.761,0.000999999999999446,         2603P   6405
0.000999999999999446,-5.381,-5.381,5.381,5.381,1.,1.,1.,1.,         2603P   6406
53.81,-53.81,177.,-53.81,-53.81,177.,53.81,53.81,177.,-53.81,       2603P   6407
53.81,177.,-10.761,0.000999999999999446,-5.381,5.381;               2603P   6408
128,4,8,2,2,0,1,0,0,1,-1.5707963267949,-1.5707963267949,            2605P   6409
-1.5707963267949,-3.33066907387547D-16,-3.33066907387547D-16,       2605P   6410
1.5707963267949,1.5707963267949,1.5707963267949,                    2605P   6411
-3.14159265358979,-3.14159265358979,-3.14159265358979,              2605P   6412
-1.5707963267949,-1.5707963267949,0.,0.,1.5707963267949,            2605P   6413
1.5707963267949,3.14159265358979,3.14159265358979,                  2605P   6414
3.14159265358979,1.,0.707106781186561,1.,0.707106781186557,1.,      2605P   6415
0.707106781186548,0.50000000000001,0.707106781186548,               2605P   6416
0.500000000000007,0.707106781186548,1.,0.707106781186561,1.,        2605P   6417
0.707106781186557,1.,0.707106781186548,0.50000000000001,            2605P   6418
0.707106781186548,0.500000000000007,0.707106781186548,1.,           2605P   6419
0.707106781186561,1.,0.707106781186557,1.,0.707106781186548,        2605P   6420
0.50000000000001,0.707106781186548,0.500000000000007,               2605P   6421
0.707106781186548,1.,0.707106781186561,1.,0.707106781186557,1.,     2605P   6422
0.707106781186548,0.50000000000001,0.707106781186548,               2605P   6423
0.500000000000007,0.707106781186548,1.,0.707106781186561,1.,        2605P   6424
0.707106781186557,1.,53.8,0.,177.,55.5,0.,177.,55.5,0.,175.3,       2605P   6425
55.5,0.,173.6,53.8,0.,173.6,53.8,-53.8,177.,55.5,-55.5,177.,        2605P   6426
55.5,-55.5,175.3,55.5,-55.5,173.6,53.8,-53.8,173.6,0.,-53.8,        2605P   6427
177.,0.,-55.5,177.,0.,-55.5,175.3,0.,-55.5,173.6,0.,-53.8,173.6,    2605P   6428
-53.8,-53.8,177.,-55.5,-55.5,177.,-55.5,-55.5,175.3,-55.5,-55.5,    2605P   6429
173.6,-53.8,-53.8,173.6,-53.8,0.,177.,-55.5,0.,177.,-55.5,0.,       2605P   6430
175.3,-55.5,0.,173.6,-53.8,0.,173.6,-53.8,53.8,177.,-55.5,55.5,     2605P   6431
177.,-55.5,55.5,175.3,-55.5,55.5,173.6,-53.8,53.8,173.6,0.,53.8,    2605P   6432
177.,0.,55.5,177.,0.,55.5,175.3,0.,55.5,173.6,0.,53.8,173.6,        2605P   6433
53.8,53.8,177.,55.5,55.5,177.,55.5,55.5,175.3,55.5,55.5,173.6,      2605P   6434
53.8,53.8,173.6,53.8,0.,177.,55.5,0.,177.,55.5,0.,175.3,55.5,0.,    2605P   6435
173.6,53.8,0.,173.6,-1.5707963267949,1.5707963267949,               2605P   6436
-3.14159265358979,3.14159265358979;                                 2605P   6437
128,1,1,1,1,0,0,1,0,0,-1.30168975254244,-1.30168975254244,          2607P   6438
9.46031024745755,9.46031024745755,-5.381,-5.381,5.381,5.381,1.,     2607P   6439
1.,1.,1.,-53.81,-53.81,173.6,53.81,-53.81,173.6,-53.81,53.81,       2607P   6440
173.6,53.81,53.81,173.6,-1.30168975254244,9.46031024745755,         2607P   6441
-5.381,5.381;                                                       2607P   6442
128,1,1,1,1,0,0,1,0,0,-10.761,-10.761,0.000999999999999446,         2609P   6443
0.000999999999999446,-5.381,-5.381,5.381,5.381,1.,1.,1.,1.,         2609P   6444
53.81,-53.81,187.2,-53.81,-53.81,187.2,53.81,53.81,187.2,-53.81,    2609P   6445
53.81,187.2,-10.761,0.000999999999999446,-5.381,5.381;              2609P   6446
128,4,8,2,2,0,1,0,0,1,-1.5707963267949,-1.5707963267949,            2611P   6447
-1.5707963267949,0.,0.,1.5707963267949,1.5707963267949,             2611P   6448
1.5707963267949,-3.14159265358979,-3.14159265358979,                2611P   6449
-3.14159265358979,-1.5707963267949,-1.5707963267949,0.,0.,          2611P   6450
1.5707963267949,1.5707963267949,3.14159265358979,                   2611P   6451
3.14159265358979,3.14159265358979,1.,0.707106781186557,1.,          2611P   6452
0.707106781186557,1.,0.707106781186548,0.500000000000007,           2611P   6453
0.707106781186548,0.500000000000007,0.707106781186548,1.,           2611P   6454
0.707106781186557,1.,0.707106781186557,1.,0.707106781186548,        2611P   6455
0.500000000000007,0.707106781186548,0.500000000000007,              2611P   6456
0.707106781186548,1.,0.707106781186557,1.,0.707106781186557,1.,     2611P   6457
0.707106781186548,0.500000000000007,0.707106781186548,              2611P   6458
0.500000000000007,0.707106781186548,1.,0.707106781186557,1.,        2611P   6459
0.707106781186557,1.,0.707106781186548,0.500000000000007,           2611P   6460
0.707106781186548,0.500000000000007,0.707106781186548,1.,           2611P   6461
0.707106781186557,1.,0.707106781186557,1.,53.8,0.,187.2,55.5,0.,    2611P   6462
187.2,55.5,0.,185.5,55.5,0.,183.8,53.8,0.,183.8,53.8,-53.8,         2611P   6463
187.2,55.5,-55.5,187.2,55.5,-55.5,185.5,55.5,-55.5,183.8,53.8,      2611P   6464
-53.8,183.8,0.,-53.8,187.2,0.,-55.5,187.2,0.,-55.5,185.5,0.,        2611P   6465
-55.5,183.8,0.,-53.8,183.8,-53.8,-53.8,187.2,-55.5,-55.5,187.2,     2611P   6466
-55.5,-55.5,185.5,-55.5,-55.5,183.8,-53.8,-53.8,183.8,-53.8,0.,     2611P   6467
187.2,-55.5,0.,187.2,-55.5,0.,185.5,-55.5,0.,183.8,-53.8,0.,        2611P   6468
183.8,-53.8,53.8,187.2,-55.5,55.5,187.2,-55.5,55.5,185.5,-55.5,     2611P   6469
55.5,183.8,-53.8,53.8,183.8,0.,53.8,187.2,0.,55.5,187.2,0.,55.5,    2611P   6470
185.5,0.,55.5,183.8,0.,53.8,183.8,53.8,53.8,187.2,55.5,55.5,        2611P   6471
187.2,55.5,55.5,185.5,55.5,55.5,183.8,53.8,53.8,183.8,53.8,0.,      2611P   6472
187.2,55.5,0.,187.2,55.5,0.,185.5,55.5,0.,183.8,53.8,0.,183.8,      2611P   6473
-1.5707963267949,1.5707963267949,-3.14159265358979,                 2611P   6474
3.14159265358979;                                                   2611P   6475
128,1,1,1,1,0,0,1,0,0,-1.30168975254244,-1.30168975254244,          2613P   6476
9.46031024745755,9.46031024745755,-5.381,-5.381,5.381,5.381,1.,     2613P   6477
1.,1.,1.,-53.81,-53.81,183.8,53.81,-53.81,183.8,-53.81,53.81,       2613P   6478
183.8,53.81,53.81,183.8,-1.30168975254244,9.46031024745755,         2613P   6479
-5.381,5.381;                                                       2613P   6480
128,1,1,1,1,0,0,1,0,0,-10.761,-10.761,0.000999999999999446,         2615P   6481
0.000999999999999446,-5.381,-5.381,5.381,5.381,1.,1.,1.,1.,         2615P   6482
53.81,-53.81,197.4,-53.81,-53.81,197.4,53.81,53.81,197.4,-53.81,    2615P   6483
53.81,197.4,-10.761,0.000999999999999446,-5.381,5.381;              2615P   6484
128,4,8,2,2,0,1,0,0,1,-1.5707963267949,-1.5707963267949,            2617P   6485
-1.5707963267949,0.,0.,1.5707963267949,1.5707963267949,             2617P   6486
1.5707963267949,-3.14159265358979,-3.14159265358979,                2617P   6487
-3.14159265358979,-1.5707963267949,-1.5707963267949,0.,0.,          2617P   6488
1.5707963267949,1.5707963267949,3.14159265358979,                   2617P   6489
3.14159265358979,3.14159265358979,1.,0.707106781186557,1.,          2617P   6490
0.707106781186557,1.,0.707106781186548,0.500000000000007,           2617P   6491
0.707106781186548,0.500000000000007,0.707106781186548,1.,           2617P   6492
0.707106781186557,1.,0.707106781186557,1.,0.707106781186548,        2617P   6493
0.500000000000007,0.707106781186548,0.500000000000007,              2617P   6494
0.707106781186548,1.,0.707106781186557,1.,0.707106781186557,1.,     2617P   6495
0.707106781186548,0.500000000000007,0.707106781186548,              2617P   6496
0.500000000000007,0.707106781186548,1.,0.707106781186557,1.,        2617P   6497
0.707106781186557,1.,0.707106781186548,0.500000000000007,           2617P   6498
0.707106781186548,0.500000000000007,0.707106781186548,1.,           2617P   6499
0.707106781186557,1.,0.707106781186557,1.,53.8,0.,197.4,55.5,0.,    2617P   6500
197.4,55.5,0.,195.7,55.5,0.,194.,53.8,0.,194.,53.8,-53.8,197.4,     2617P   6501
55.5,-55.5,197.4,55.5,-55.5,195.7,55.5,-55.5,194.,53.8,-53.8,       2617P   6502
194.,0.,-53.8,197.4,0.,-55.5,197.4,0.,-55.5,195.7,0.,-55.5,194.,    2617P   6503
0.,-53.8,194.,-53.8,-53.8,197.4,-55.5,-55.5,197.4,-55.5,-55.5,      2617P   6504
195.7,-55.5,-55.5,194.,-53.8,-53.8,194.,-53.8,0.,197.4,-55.5,0.,    2617P   6505
197.4,-55.5,0.,195.7,-55.5,0.,194.,-53.8,0.,194.,-53.8,53.8,        2617P   6506
197.4,-55.5,55.5,197.4,-55.5,55.5,195.7,-55.5,55.5,194.,-53.8,      2617P   6507
53.8,194.,0.,53.8,197.4,0.,55.5,197.4,0.,55.5,195.7,0.,55.5,        2617P   6508
194.,0.,53.8,194.,53.8,53.8,197.4,55.5,55.5,197.4,55.5,55.5,        2617P   6509
195.7,55.5,55.5,194.,53.8,53.8,194.,53.8,0.,197.4,55.5,0.,197.4,    2617P   6510
55.5,0.,195.7,55.5,0.,194.,53.8,0.,194.,-1.5707963267949,           2617P   6511
1.5707963267949,-3.14159265358979,3.14159265358979;                 2617P   6512
128,1,1,1,1,0,0,1,0,0,-1.30168975254244,-1.30168975254244,          2619P   6513
9.46031024745755,9.46031024745755,-5.381,-5.381,5.381,5.381,1.,     2619P   6514
1.,1.,1.,-53.81,-53.81,194.,53.81,-53.81,194.,-53.81,53.81,194.,    2619P   6515
53.81,53.81,194.,-1.30168975254244,9.46031024745755,-5.381,         2619P   6516
5.381;                                                              2619P   6517
128,1,1,1,1,0,0,1,0,0,-10.761,-10.761,0.000999999999999446,         2621P   6518
0.000999999999999446,-5.381,-5.381,5.381,5.381,1.,1.,1.,1.,         2621P   6519
53.81,-53.81,207.6,-53.81,-53.81,207.6,53.81,53.81,207.6,-53.81,    2621P   6520
53.81,207.6,-10.761,0.000999999999999446,-5.381,5.381;              2621P   6521
128,4,8,2,2,0,1,0,0,1,-1.5707963267949,-1.5707963267949,            2623P   6522
-1.5707963267949,0.,0.,1.5707963267949,1.5707963267949,             2623P   6523
1.5707963267949,-3.14159265358979,-3.14159265358979,                2623P   6524
-3.14159265358979,-1.5707963267949,-1.5707963267949,0.,0.,          2623P   6525
1.5707963267949,1.5707963267949,3.14159265358979,                   2623P   6526
3.14159265358979,3.14159265358979,1.,0.707106781186557,1.,          2623P   6527
0.707106781186557,1.,0.707106781186548,0.500000000000007,           2623P   6528
0.707106781186548,0.500000000000007,0.707106781186548,1.,           2623P   6529
0.707106781186557,1.,0.707106781186557,1.,0.707106781186548,        2623P   6530
0.500000000000007,0.707106781186548,0.500000000000007,              2623P   6531
0.707106781186548,1.,0.707106781186557,1.,0.707106781186557,1.,     2623P   6532
0.707106781186548,0.500000000000007,0.707106781186548,              2623P   6533
0.500000000000007,0.707106781186548,1.,0.707106781186557,1.,        2623P   6534
0.707106781186557,1.,0.707106781186548,0.500000000000007,           2623P   6535
0.707106781186548,0.500000000000007,0.707106781186548,1.,           2623P   6536
0.707106781186557,1.,0.707106781186557,1.,53.8,0.,207.6,55.5,0.,    2623P   6537
207.6,55.5,0.,205.9,55.5,0.,204.2,53.8,0.,204.2,53.8,-53.8,         2623P   6538
207.6,55.5,-55.5,207.6,55.5,-55.5,205.9,55.5,-55.5,204.2,53.8,      2623P   6539
-53.8,204.2,0.,-53.8,207.6,0.,-55.5,207.6,0.,-55.5,205.9,0.,        2623P   6540
-55.5,204.2,0.,-53.8,204.2,-53.8,-53.8,207.6,-55.5,-55.5,207.6,     2623P   6541
-55.5,-55.5,205.9,-55.5,-55.5,204.2,-53.8,-53.8,204.2,-53.8,0.,     2623P   6542
207.6,-55.5,0.,207.6,-55.5,0.,205.9,-55.5,0.,204.2,-53.8,0.,        2623P   6543
204.2,-53.8,53.8,207.6,-55.5,55.5,207.6,-55.5,55.5,205.9,-55.5,     2623P   6544
55.5,204.2,-53.8,53.8,204.2,0.,53.8,207.6,0.,55.5,207.6,0.,55.5,    2623P   6545
205.9,0.,55.5,204.2,0.,53.8,204.2,53.8,53.8,207.6,55.5,55.5,        2623P   6546
207.6,55.5,55.5,205.9,55.5,55.5,204.2,53.8,53.8,204.2,53.8,0.,      2623P   6547
207.6,55.5,0.,207.6,55.5,0.,205.9,55.5,0.,204.2,53.8,0.,204.2,      2623P   6548
-1.5707963267949,1.5707963267949,-3.14159265358979,                 2623P   6549
3.14159265358979;                                                   2623P   6550
128,1,1,1,1,0,0,1,0,0,-1.30168975254244,-1.30168975254244,          2625P   6551
9.46031024745755,9.46031024745755,-5.381,-5.381,5.381,5.381,1.,     2625P   6552
1.,1.,1.,-53.81,-53.81,204.2,53.81,-53.81,204.2,-53.81,53.81,       2625P   6553
204.2,53.81,53.81,204.2,-1.30168975254244,9.46031024745755,         2625P   6554
-5.381,5.381;                                                       2625P   6555
128,1,1,1,1,0,0,1,0,0,-10.761,-10.761,0.000999999999999446,         2627P   6556
0.000999999999999446,-5.381,-5.381,5.381,5.381,1.,1.,1.,1.,         2627P   6557
53.81,-53.81,217.8,-53.81,-53.81,217.8,53.81,53.81,217.8,-53.81,    2627P   6558
53.81,217.8,-10.761,0.000999999999999446,-5.381,5.381;              2627P   6559
128,4,8,2,2,0,1,0,0,1,-1.5707963267949,-1.5707963267949,            2629P   6560
-1.5707963267949,0.,0.,1.5707963267949,1.5707963267949,             2629P   6561
1.5707963267949,-3.14159265358979,-3.14159265358979,                2629P   6562
-3.14159265358979,-1.5707963267949,-1.5707963267949,0.,0.,          2629P   6563
1.5707963267949,1.5707963267949,3.14159265358979,                   2629P   6564
3.14159265358979,3.14159265358979,1.,0.707106781186557,1.,          2629P   6565
0.707106781186557,1.,0.707106781186548,0.500000000000007,           2629P   6566
0.707106781186548,0.500000000000007,0.707106781186548,1.,           2629P   6567
0.707106781186557,1.,0.707106781186557,1.,0.707106781186548,        2629P   6568
0.500000000000007,0.707106781186548,0.500000000000007,              2629P   6569
0.707106781186548,1.,0.707106781186557,1.,0.707106781186557,1.,     2629P   6570
0.707106781186548,0.500000000000007,0.707106781186548,              2629P   6571
0.500000000000007,0.707106781186548,1.,0.707106781186557,1.,        2629P   6572
0.707106781186557,1.,0.707106781186548,0.500000000000007,           2629P   6573
0.707106781186548,0.500000000000007,0.707106781186548,1.,           2629P   6574
0.707106781186557,1.,0.707106781186557,1.,53.8,0.,217.8,55.5,0.,    2629P   6575
217.8,55.5,0.,216.1,55.5,0.,214.4,53.8,0.,214.4,53.8,-53.8,         2629P   6576
217.8,55.5,-55.5,217.8,55.5,-55.5,216.1,55.5,-55.5,214.4,53.8,      2629P   6577
-53.8,214.4,0.,-53.8,217.8,0.,-55.5,217.8,0.,-55.5,216.1,0.,        2629P   6578
-55.5,214.4,0.,-53.8,214.4,-53.8,-53.8,217.8,-55.5,-55.5,217.8,     2629P   6579
-55.5,-55.5,216.1,-55.5,-55.5,214.4,-53.8,-53.8,214.4,-53.8,0.,     2629P   6580
217.8,-55.5,0.,217.8,-55.5,0.,216.1,-55.5,0.,214.4,-53.8,0.,        2629P   6581
214.4,-53.8,53.8,217.8,-55.5,55.5,217.8,-55.5,55.5,216.1,-55.5,     2629P   6582
55.5,214.4,-53.8,53.8,214.4,0.,53.8,217.8,0.,55.5,217.8,0.,55.5,    2629P   6583
216.1,0.,55.5,214.4,0.,53.8,214.4,53.8,53.8,217.8,55.5,55.5,        2629P   6584
217.8,55.5,55.5,216.1,55.5,55.5,214.4,53.8,53.8,214.4,53.8,0.,      2629P   6585
217.8,55.5,0.,217.8,55.5,0.,216.1,55.5,0.,214.4,53.8,0.,214.4,      2629P   6586
-1.5707963267949,1.5707963267949,-3.14159265358979,                 2629P   6587
3.14159265358979;                                                   2629P   6588
128,1,1,1,1,0,0,1,0,0,-1.30168975254244,-1.30168975254244,          2631P   6589
9.46031024745755,9.46031024745755,-5.381,-5.381,5.381,5.381,1.,     2631P   6590
1.,1.,1.,-53.81,-53.81,214.4,53.81,-53.81,214.4,-53.81,53.81,       2631P   6591
214.4,53.81,53.81,214.4,-1.30168975254244,9.46031024745755,         2631P   6592
-5.381,5.381;                                                       2631P   6593
128,1,8,1,2,0,1,0,0,1,0.809090909090909,0.809090909090909,          2633P   6594
0.963636363636364,0.963636363636364,-3.14159265358979,              2633P   6595
-3.14159265358979,-3.14159265358979,-1.5707963267949,               2633P   6596
-1.5707963267949,0.,0.,1.5707963267949,1.5707963267949,             2633P   6597
3.14159265358979,3.14159265358979,3.14159265358979,1.,1.,           2633P   6598
0.707106781186548,0.707106781186548,1.,1.,0.707106781186548,        2633P   6599
0.707106781186548,1.,1.,0.707106781186548,0.707106781186548,1.,     2633P   6600
1.,0.707106781186548,0.707106781186548,1.,1.,-44.,0.,214.4,-44.,    2633P   6601
0.,207.6,-44.,44.,214.4,-44.,44.,207.6,0.,44.,214.4,0.,44.,         2633P   6602
207.6,44.,44.,214.4,44.,44.,207.6,44.,0.,214.4,44.,0.,207.6,44.,    2633P   6603
-44.,214.4,44.,-44.,207.6,0.,-44.,214.4,0.,-44.,207.6,-44.,-44.,    2633P   6604
214.4,-44.,-44.,207.6,-44.,0.,214.4,-44.,0.,207.6,                  2633P   6605
0.809090909090909,0.963636363636364,-3.14159265358979,              2633P   6606
3.14159265358979;                                                   2633P   6607
128,1,8,1,2,0,1,0,0,1,1.04090909090909,1.04090909090909,            2635P   6608
1.19545454545455,1.19545454545455,-3.14159265358979,                2635P   6609
-3.14159265358979,-3.14159265358979,-1.5707963267949,               2635P   6610
-1.5707963267949,0.,0.,1.5707963267949,1.5707963267949,             2635P   6611
3.14159265358979,3.14159265358979,3.14159265358979,1.,1.,           2635P   6612
0.707106781186548,0.707106781186548,1.,1.,0.707106781186548,        2635P   6613
0.707106781186548,1.,1.,0.707106781186548,0.707106781186548,1.,     2635P   6614
1.,0.707106781186548,0.707106781186548,1.,1.,-44.,0.,204.2,-44.,    2635P   6615
0.,197.4,-44.,44.,204.2,-44.,44.,197.4,0.,44.,204.2,0.,44.,         2635P   6616
197.4,44.,44.,204.2,44.,44.,197.4,44.,0.,204.2,44.,0.,197.4,44.,    2635P   6617
-44.,204.2,44.,-44.,197.4,0.,-44.,204.2,0.,-44.,197.4,-44.,-44.,    2635P   6618
204.2,-44.,-44.,197.4,-44.,0.,204.2,-44.,0.,197.4,                  2635P   6619
1.04090909090909,1.19545454545455,-3.14159265358979,                2635P   6620
3.14159265358979;                                                   2635P   6621
128,1,8,1,2,0,1,0,0,1,1.27272727272727,1.27272727272727,            2637P   6622
1.42727272727273,1.42727272727273,-3.14159265358979,                2637P   6623
-3.14159265358979,-3.14159265358979,-1.5707963267949,               2637P   6624
-1.5707963267949,0.,0.,1.5707963267949,1.5707963267949,             2637P   6625
3.14159265358979,3.14159265358979,3.14159265358979,1.,1.,           2637P   6626
0.707106781186548,0.707106781186548,1.,1.,0.707106781186548,        2637P   6627
0.707106781186548,1.,1.,0.707106781186548,0.707106781186548,1.,     2637P   6628
1.,0.707106781186548,0.707106781186548,1.,1.,-44.,0.,194.,-44.,     2637P   6629
0.,187.2,-44.,44.,194.,-44.,44.,187.2,0.,44.,194.,0.,44.,187.2,     2637P   6630
44.,44.,194.,44.,44.,187.2,44.,0.,194.,44.,0.,187.2,44.,-44.,       2637P   6631
194.,44.,-44.,187.2,0.,-44.,194.,0.,-44.,187.2,-44.,-44.,194.,      2637P   6632
-44.,-44.,187.2,-44.,0.,194.,-44.,0.,187.2,1.27272727272727,        2637P   6633
1.42727272727273,-3.14159265358979,3.14159265358979;                2637P   6634
128,1,8,1,2,0,1,0,0,1,1.50454545454545,1.50454545454545,            2639P   6635
1.65909090909091,1.65909090909091,-3.14159265358979,                2639P   6636
-3.14159265358979,-3.14159265358979,-1.5707963267949,               2639P   6637
-1.5707963267949,0.,0.,1.5707963267949,1.5707963267949,             2639P   6638
3.14159265358979,3.14159265358979,3.14159265358979,1.,1.,           2639P   6639
0.707106781186548,0.707106781186548,1.,1.,0.707106781186548,        2639P   6640
0.707106781186548,1.,1.,0.707106781186548,0.707106781186548,1.,     2639P   6641
1.,0.707106781186548,0.707106781186548,1.,1.,-44.,0.,183.8,-44.,    2639P   6642
0.,177.,-44.,44.,183.8,-44.,44.,177.,0.,44.,183.8,0.,44.,177.,      2639P   6643
44.,44.,183.8,44.,44.,177.,44.,0.,183.8,44.,0.,177.,44.,-44.,       2639P   6644
183.8,44.,-44.,177.,0.,-44.,183.8,0.,-44.,177.,-44.,-44.,183.8,     2639P   6645
-44.,-44.,177.,-44.,0.,183.8,-44.,0.,177.,1.50454545454545,         2639P   6646
1.65909090909091,-3.14159265358979,3.14159265358979;                2639P   6647
128,1,8,1,2,0,1,0,0,1,1.73636363636364,1.73636363636364,            2641P   6648
1.89090909090909,1.89090909090909,-3.14159265358979,                2641P   6649
-3.14159265358979,-3.14159265358979,-1.5707963267949,               2641P   6650
-1.5707963267949,0.,0.,1.5707963267949,1.5707963267949,             2641P   6651
3.14159265358979,3.14159265358979,3.14159265358979,1.,1.,           2641P   6652
0.707106781186548,0.707106781186548,1.,1.,0.707106781186548,        2641P   6653
0.707106781186548,1.,1.,0.707106781186548,0.707106781186548,1.,     2641P   6654
1.,0.707106781186548,0.707106781186548,1.,1.,-44.,0.,173.6,-44.,    2641P   6655
0.,166.8,-44.,44.,173.6,-44.,44.,166.8,0.,44.,173.6,0.,44.,         2641P   6656
166.8,44.,44.,173.6,44.,44.,166.8,44.,0.,173.6,44.,0.,166.8,44.,    2641P   6657
-44.,173.6,44.,-44.,166.8,0.,-44.,173.6,0.,-44.,166.8,-44.,-44.,    2641P   6658
173.6,-44.,-44.,166.8,-44.,0.,173.6,-44.,0.,166.8,                  2641P   6659
1.73636363636364,1.89090909090909,-3.14159265358979,                2641P   6660
3.14159265358979;                                                   2641P   6661
128,1,8,1,2,0,1,0,0,1,1.96818181818182,1.96818181818182,            2643P   6662
2.12272727272727,2.12272727272727,-3.14159265358979,                2643P   6663
-3.14159265358979,-3.14159265358979,-1.5707963267949,               2643P   6664
-1.5707963267949,0.,0.,1.5707963267949,1.5707963267949,             2643P   6665
3.14159265358979,3.14159265358979,3.14159265358979,1.,1.,           2643P   6666
0.707106781186548,0.707106781186548,1.,1.,0.707106781186548,        2643P   6667
0.707106781186548,1.,1.,0.707106781186548,0.707106781186548,1.,     2643P   6668
1.,0.707106781186548,0.707106781186548,1.,1.,-44.,0.,163.4,-44.,    2643P   6669
0.,156.6,-44.,44.,163.4,-44.,44.,156.6,0.,44.,163.4,0.,44.,         2643P   6670
156.6,44.,44.,163.4,44.,44.,156.6,44.,0.,163.4,44.,0.,156.6,44.,    2643P   6671
-44.,163.4,44.,-44.,156.6,0.,-44.,163.4,0.,-44.,156.6,-44.,-44.,    2643P   6672
163.4,-44.,-44.,156.6,-44.,0.,163.4,-44.,0.,156.6,                  2643P   6673
1.96818181818182,2.12272727272727,-3.14159265358979,                2643P   6674
3.14159265358979;                                                   2643P   6675
128,1,8,1,2,0,1,0,0,1,2.2,2.2,2.35454545454546,2.35454545454546,    2645P   6676
-3.14159265358979,-3.14159265358979,-3.14159265358979,              2645P   6677
-1.5707963267949,-1.5707963267949,0.,0.,1.5707963267949,            2645P   6678
1.5707963267949,3.14159265358979,3.14159265358979,                  2645P   6679
3.14159265358979,1.,1.,0.707106781186548,0.707106781186548,1.,      2645P   6680
1.,0.707106781186548,0.707106781186548,1.,1.,0.707106781186548,     2645P   6681
0.707106781186548,1.,1.,0.707106781186548,0.707106781186548,1.,     2645P   6682
1.,-44.,0.,153.2,-44.,0.,146.4,-44.,44.,153.2,-44.,44.,146.4,0.,    2645P   6683
44.,153.2,0.,44.,146.4,44.,44.,153.2,44.,44.,146.4,44.,0.,153.2,    2645P   6684
44.,0.,146.4,44.,-44.,153.2,44.,-44.,146.4,0.,-44.,153.2,0.,        2645P   6685
-44.,146.4,-44.,-44.,153.2,-44.,-44.,146.4,-44.,0.,153.2,-44.,      2645P   6686
0.,146.4,2.2,2.35454545454546,-3.14159265358979,                    2645P   6687
3.14159265358979;                                                   2645P   6688
128,1,8,1,2,0,1,0,0,1,2.43181818181818,2.43181818181818,            2647P   6689
2.58636363636364,2.58636363636364,-3.14159265358979,                2647P   6690
-3.14159265358979,-3.14159265358979,-1.5707963267949,               2647P   6691
-1.5707963267949,0.,0.,1.5707963267949,1.5707963267949,             2647P   6692
3.14159265358979,3.14159265358979,3.14159265358979,1.,1.,           2647P   6693
0.707106781186548,0.707106781186548,1.,1.,0.707106781186548,        2647P   6694
0.707106781186548,1.,1.,0.707106781186548,0.707106781186548,1.,     2647P   6695
1.,0.707106781186548,0.707106781186548,1.,1.,-44.,0.,143.,-44.,     2647P   6696
0.,136.2,-44.,44.,143.,-44.,44.,136.2,0.,44.,143.,0.,44.,136.2,     2647P   6697
44.,44.,143.,44.,44.,136.2,44.,0.,143.,44.,0.,136.2,44.,-44.,       2647P   6698
143.,44.,-44.,136.2,0.,-44.,143.,0.,-44.,136.2,-44.,-44.,143.,      2647P   6699
-44.,-44.,136.2,-44.,0.,143.,-44.,0.,136.2,2.43181818181818,        2647P   6700
2.58636363636364,-3.14159265358979,3.14159265358979;                2647P   6701
128,1,8,1,2,0,1,0,0,1,2.66363636363636,2.66363636363636,            2649P   6702
2.81818181818182,2.81818181818182,-3.14159265358979,                2649P   6703
-3.14159265358979,-3.14159265358979,-1.5707963267949,               2649P   6704
-1.5707963267949,0.,0.,1.5707963267949,1.5707963267949,             2649P   6705
3.14159265358979,3.14159265358979,3.14159265358979,1.,1.,           2649P   6706
0.707106781186548,0.707106781186548,1.,1.,0.707106781186548,        2649P   6707
0.707106781186548,1.,1.,0.707106781186548,0.707106781186548,1.,     2649P   6708
1.,0.707106781186548,0.707106781186548,1.,1.,-44.,0.,132.8,-44.,    2649P   6709
0.,126.,-44.,44.,132.8,-44.,44.,126.,0.,44.,132.8,0.,44.,126.,      2649P   6710
44.,44.,132.8,44.,44.,126.,44.,0.,132.8,44.,0.,126.,44.,-44.,       2649P   6711
132.8,44.,-44.,126.,0.,-44.,132.8,0.,-44.,126.,-44.,-44.,132.8,     2649P   6712
-44.,-44.,126.,-44.,0.,132.8,-44.,0.,126.,2.66363636363636,         2649P   6713
2.81818181818182,-3.14159265358979,3.14159265358979;                2649P   6714
128,1,8,1,2,0,1,0,0,1,2.89545454545455,2.89545454545455,3.05,       2651P   6715
3.05,-3.14159265358979,-3.14159265358979,-3.14159265358979,         2651P   6716
-1.5707963267949,-1.5707963267949,0.,0.,1.5707963267949,            2651P   6717
1.5707963267949,3.14159265358979,3.14159265358979,                  2651P   6718
3.14159265358979,1.,1.,0.707106781186548,0.707106781186548,1.,      2651P   6719
1.,0.707106781186548,0.707106781186548,1.,1.,0.707106781186548,     2651P   6720
0.707106781186548,1.,1.,0.707106781186548,0.707106781186548,1.,     2651P   6721
1.,-44.,0.,122.6,-44.,0.,115.8,-44.,44.,122.6,-44.,44.,115.8,0.,    2651P   6722
44.,122.6,0.,44.,115.8,44.,44.,122.6,44.,44.,115.8,44.,0.,122.6,    2651P   6723
44.,0.,115.8,44.,-44.,122.6,44.,-44.,115.8,0.,-44.,122.6,0.,        2651P   6724
-44.,115.8,-44.,-44.,122.6,-44.,-44.,115.8,-44.,0.,122.6,-44.,      2651P   6725
0.,115.8,2.89545454545455,3.05,-3.14159265358979,                   2651P   6726
3.14159265358979;                                                   2651P   6727
128,1,8,1,2,0,1,0,0,1,3.12727272727273,3.12727272727273,            2653P   6728
3.28181818181818,3.28181818181818,-3.14159265358979,                2653P   6729
-3.14159265358979,-3.14159265358979,-1.5707963267949,               2653P   6730
-1.5707963267949,0.,0.,1.5707963267949,1.5707963267949,             2653P   6731
3.14159265358979,3.14159265358979,3.14159265358979,1.,1.,           2653P   6732
0.707106781186548,0.707106781186548,1.,1.,0.707106781186548,        2653P   6733
0.707106781186548,1.,1.,0.707106781186548,0.707106781186548,1.,     2653P   6734
1.,0.707106781186548,0.707106781186548,1.,1.,-44.,0.,112.4,-44.,    2653P   6735
0.,105.6,-44.,44.,112.4,-44.,44.,105.6,0.,44.,112.4,0.,44.,         2653P   6736
105.6,44.,44.,112.4,44.,44.,105.6,44.,0.,112.4,44.,0.,105.6,44.,    2653P   6737
-44.,112.4,44.,-44.,105.6,0.,-44.,112.4,0.,-44.,105.6,-44.,-44.,    2653P   6738
112.4,-44.,-44.,105.6,-44.,0.,112.4,-44.,0.,105.6,                  2653P   6739
3.12727272727273,3.28181818181818,-3.14159265358979,                2653P   6740
3.14159265358979;                                                   2653P   6741
128,1,8,1,2,0,1,0,0,1,3.35909090909091,3.35909090909091,            2655P   6742
3.51363636363637,3.51363636363637,-3.14159265358979,                2655P   6743
-3.14159265358979,-3.14159265358979,-1.5707963267949,               2655P   6744
-1.5707963267949,0.,0.,1.5707963267949,1.5707963267949,             2655P   6745
3.14159265358979,3.14159265358979,3.14159265358979,1.,1.,           2655P   6746
0.707106781186548,0.707106781186548,1.,1.,0.707106781186548,        2655P   6747
0.707106781186548,1.,1.,0.707106781186548,0.707106781186548,1.,     2655P   6748
1.,0.707106781186548,0.707106781186548,1.,1.,-44.,0.,102.2,-44.,    2655P   6749
0.,95.4,-44.,44.,102.2,-44.,44.,95.4,0.,44.,102.2,0.,44.,95.4,      2655P   6750
44.,44.,102.2,44.,44.,95.4,44.,0.,102.2,44.,0.,95.4,44.,-44.,       2655P   6751
102.2,44.,-44.,95.4,0.,-44.,102.2,0.,-44.,95.4,-44.,-44.,102.2,     2655P   6752
-44.,-44.,95.4,-44.,0.,102.2,-44.,0.,95.4,3.35909090909091,         2655P   6753
3.51363636363637,-3.14159265358979,3.14159265358979;                2655P   6754
128,1,8,1,2,0,1,0,0,1,3.59090909090909,3.59090909090909,            2657P   6755
3.74545454545455,3.74545454545455,-3.14159265358979,                2657P   6756
-3.14159265358979,-3.14159265358979,-1.5707963267949,               2657P   6757
-1.5707963267949,0.,0.,1.5707963267949,1.5707963267949,             2657P   6758
3.14159265358979,3.14159265358979,3.14159265358979,1.,1.,           2657P   6759
0.707106781186548,0.707106781186548,1.,1.,0.707106781186548,        2657P   6760
0.707106781186548,1.,1.,0.707106781186548,0.707106781186548,1.,     2657P   6761
1.,0.707106781186548,0.707106781186548,1.,1.,-44.,0.,92.,-44.,      2657P   6762
0.,85.2,-44.,44.,92.,-44.,44.,85.2,0.,44.,92.,0.,44.,85.2,44.,      2657P   6763
44.,92.,44.,44.,85.2,44.,0.,92.,44.,0.,85.2,44.,-44.,92.,44.,       2657P   6764
-44.,85.2,0.,-44.,92.,0.,-44.,85.2,-44.,-44.,92.,-44.,-44.,85.2,    2657P   6765
-44.,0.,92.,-44.,0.,85.2,3.59090909090909,3.74545454545455,         2657P   6766
-3.14159265358979,3.14159265358979;                                 2657P   6767
128,1,8,1,2,0,1,0,0,1,3.82272727272727,3.82272727272727,            2659P   6768
3.97727272727273,3.97727272727273,-3.14159265358979,                2659P   6769
-3.14159265358979,-3.14159265358979,-1.5707963267949,               2659P   6770
-1.5707963267949,0.,0.,1.5707963267949,1.5707963267949,             2659P   6771
3.14159265358979,3.14159265358979,3.14159265358979,1.,1.,           2659P   6772
0.707106781186548,0.707106781186548,1.,1.,0.707106781186548,        2659P   6773
0.707106781186548,1.,1.,0.707106781186548,0.707106781186548,1.,     2659P   6774
1.,0.707106781186548,0.707106781186548,1.,1.,-44.,0.,81.8,-44.,     2659P   6775
0.,75.,-44.,44.,81.8,-44.,44.,75.,0.,44.,81.8,0.,44.,75.,44.,       2659P   6776
44.,81.8,44.,44.,75.,44.,0.,81.8,44.,0.,75.,44.,-44.,81.8,44.,      2659P   6777
-44.,75.,0.,-44.,81.8,0.,-44.,75.,-44.,-44.,81.8,-44.,-44.,75.,     2659P   6778
-44.,0.,81.8,-44.,0.,75.,3.82272727272727,3.97727272727273,         2659P   6779
-3.14159265358979,3.14159265358979;                                 2659P   6780
128,1,8,1,2,0,1,0,0,1,4.05454545454546,4.05454545454546,            2661P   6781
4.20909090909091,4.20909090909091,-3.14159265358979,                2661P   6782
-3.14159265358979,-3.14159265358979,-1.5707963267949,               2661P   6783
-1.5707963267949,0.,0.,1.5707963267949,1.5707963267949,             2661P   6784
3.14159265358979,3.14159265358979,3.14159265358979,1.,1.,           2661P   6785
0.707106781186548,0.707106781186548,1.,1.,0.707106781186548,        2661P   6786
0.707106781186548,1.,1.,0.707106781186548,0.707106781186548,1.,     2661P   6787
1.,0.707106781186548,0.707106781186548,1.,1.,-44.,0.,71.6,-44.,     2661P   6788
0.,64.8,-44.,44.,71.6,-44.,44.,64.8,0.,44.,71.6,0.,44.,64.8,44.,    2661P   6789
44.,71.6,44.,44.,64.8,44.,0.,71.6,44.,0.,64.8,44.,-44.,71.6,44.,    2661P   6790
-44.,64.8,0.,-44.,71.6,0.,-44.,64.8,-44.,-44.,71.6,-44.,-44.,       2661P   6791
64.8,-44.,0.,71.6,-44.,0.,64.8,4.05454545454546,                    2661P   6792
4.20909090909091,-3.14159265358979,3.14159265358979;                2661P   6793
128,1,8,1,2,0,1,0,0,1,4.28636363636364,4.28636363636364,            2663P   6794
4.44090909090909,4.44090909090909,-3.14159265358979,                2663P   6795
-3.14159265358979,-3.14159265358979,-1.5707963267949,               2663P   6796
-1.5707963267949,0.,0.,1.5707963267949,1.5707963267949,             2663P   6797
3.14159265358979,3.14159265358979,3.14159265358979,1.,1.,           2663P   6798
0.707106781186548,0.707106781186548,1.,1.,0.707106781186548,        2663P   6799
0.707106781186548,1.,1.,0.707106781186548,0.707106781186548,1.,     2663P   6800
1.,0.707106781186548,0.707106781186548,1.,1.,-44.,0.,61.4,-44.,     2663P   6801
0.,54.6,-44.,44.,61.4,-44.,44.,54.6,0.,44.,61.4,0.,44.,54.6,44.,    2663P   6802
44.,61.4,44.,44.,54.6,44.,0.,61.4,44.,0.,54.6,44.,-44.,61.4,44.,    2663P   6803
-44.,54.6,0.,-44.,61.4,0.,-44.,54.6,-44.,-44.,61.4,-44.,-44.,       2663P   6804
54.6,-44.,0.,61.4,-44.,0.,54.6,4.28636363636364,                    2663P   6805
4.44090909090909,-3.14159265358979,3.14159265358979;                2663P   6806
128,1,8,1,2,0,1,0,0,1,4.51818181818182,4.51818181818182,            2665P   6807
4.67272727272727,4.67272727272727,-3.14159265358979,                2665P   6808
-3.14159265358979,-3.14159265358979,-1.5707963267949,               2665P   6809
-1.5707963267949,0.,0.,1.5707963267949,1.5707963267949,             2665P   6810
3.14159265358979,3.14159265358979,3.14159265358979,1.,1.,           2665P   6811
0.707106781186548,0.707106781186548,1.,1.,0.707106781186548,        2665P   6812
0.707106781186548,1.,1.,0.707106781186548,0.707106781186548,1.,     2665P   6813
1.,0.707106781186548,0.707106781186548,1.,1.,-44.,0.,51.2,-44.,     2665P   6814
0.,44.4,-44.,44.,51.2,-44.,44.,44.4,0.,44.,51.2,0.,44.,44.4,44.,    2665P   6815
44.,51.2,44.,44.,44.4,44.,0.,51.2,44.,0.,44.4,44.,-44.,51.2,44.,    2665P   6816
-44.,44.4,0.,-44.,51.2,0.,-44.,44.4,-44.,-44.,51.2,-44.,-44.,       2665P   6817
44.4,-44.,0.,51.2,-44.,0.,44.4,4.51818181818182,                    2665P   6818
4.67272727272727,-3.14159265358979,3.14159265358979;                2665P   6819
128,1,8,1,2,0,1,0,0,1,4.75,4.75,4.90454545454546,                   2667P   6820
4.90454545454546,-3.14159265358979,-3.14159265358979,               2667P   6821
-3.14159265358979,-1.5707963267949,-1.5707963267949,0.,0.,          2667P   6822
1.5707963267949,1.5707963267949,3.14159265358979,                   2667P   6823
3.14159265358979,3.14159265358979,1.,1.,0.707106781186548,          2667P   6824
0.707106781186548,1.,1.,0.707106781186548,0.707106781186548,1.,     2667P   6825
1.,0.707106781186548,0.707106781186548,1.,1.,0.707106781186548,     2667P   6826
0.707106781186548,1.,1.,-44.,0.,41.,-44.,0.,34.1999999999999,       2667P   6827
-44.,44.,41.,-44.,44.,34.1999999999999,0.,44.,41.,0.,44.,           2667P   6828
34.1999999999999,44.,44.,41.,44.,44.,34.1999999999999,44.,0.,       2667P   6829
41.,44.,0.,34.1999999999999,44.,-44.,41.,44.,-44.,                  2667P   6830
34.1999999999999,0.,-44.,41.,0.,-44.,34.1999999999999,-44.,-44.,    2667P   6831
41.,-44.,-44.,34.1999999999999,-44.,0.,41.,-44.,0.,                 2667P   6832
34.1999999999999,4.75,4.90454545454546,-3.14159265358979,           2667P   6833
3.14159265358979;                                                   2667P   6834
128,1,8,1,2,0,1,0,0,1,4.98181818181818,4.98181818181818,            2669P   6835
5.13636363636364,5.13636363636364,-3.14159265358979,                2669P   6836
-3.14159265358979,-3.14159265358979,-1.5707963267949,               2669P   6837
-1.5707963267949,0.,0.,1.5707963267949,1.5707963267949,             2669P   6838
3.14159265358979,3.14159265358979,3.14159265358979,1.,1.,           2669P   6839
0.707106781186548,0.707106781186548,1.,1.,0.707106781186548,        2669P   6840
0.707106781186548,1.,1.,0.707106781186548,0.707106781186548,1.,     2669P   6841
1.,0.707106781186548,0.707106781186548,1.,1.,-44.,0.,30.8,-44.,     2669P   6842
0.,24.,-44.,44.,30.8,-44.,44.,24.,0.,44.,30.8,0.,44.,24.,44.,       2669P   6843
44.,30.8,44.,44.,24.,44.,0.,30.8,44.,0.,24.,44.,-44.,30.8,44.,      2669P   6844
-44.,24.,0.,-44.,30.8,0.,-44.,24.,-44.,-44.,30.8,-44.,-44.,24.,     2669P   6845
-44.,0.,30.8,-44.,0.,24.,4.98181818181818,5.13636363636364,         2669P   6846
-3.14159265358979,3.14159265358979;                                 2669P   6847
128,1,8,1,2,0,1,0,0,1,5.21363636363636,5.21363636363636,            2671P   6848
5.63636363636364,5.63636363636364,-3.14159265358979,                2671P   6849
-3.14159265358979,-3.14159265358979,-1.5707963267949,               2671P   6850
-1.5707963267949,0.,0.,1.5707963267949,1.5707963267949,             2671P   6851
3.14159265358979,3.14159265358979,3.14159265358979,1.,1.,           2671P   6852
0.707106781186548,0.707106781186548,1.,1.,0.707106781186548,        2671P   6853
0.707106781186548,1.,1.,0.707106781186548,0.707106781186548,1.,     2671P   6854
1.,0.707106781186548,0.707106781186548,1.,1.,-44.,0.,20.6,-44.,     2671P   6855
0.,1.99999999999999,-44.,44.,20.6,-44.,44.,1.99999999999999,0.,     2671P   6856
44.,20.6,0.,44.,1.99999999999999,44.,44.,20.6,44.,44.,              2671P   6857
1.99999999999999,44.,0.,20.6,44.,0.,1.99999999999999,44.,-44.,      2671P   6858
20.6,44.,-44.,1.99999999999999,0.,-44.,20.6,0.,-44.,                2671P   6859
1.99999999999999,-44.,-44.,20.6,-44.,-44.,1.99999999999999,-44.,    2671P   6860
0.,20.6,-44.,0.,1.99999999999999,5.21363636363636,                  2671P   6861
5.63636363636364,-3.14159265358979,3.14159265358979;                2671P   6862
128,4,8,2,2,0,1,0,0,1,-1.5707963267949,-1.5707963267949,            2673P   6863
-1.5707963267949,1.55431223447522D-15,1.55431223447522D-15,         2673P   6864
1.5707963267949,1.5707963267949,1.5707963267949,                    2673P   6865
-3.14159265358979,-3.14159265358979,-3.14159265358979,              2673P   6866
-1.5707963267949,-1.5707963267949,0.,0.,1.5707963267949,            2673P   6867
1.5707963267949,3.14159265358979,3.14159265358979,                  2673P   6868
3.14159265358979,1.,0.707106781186544,1.,0.707106781186543,1.,      2673P   6869
0.707106781186548,0.499999999999997,0.707106781186548,              2673P   6870
0.499999999999997,0.707106781186548,1.,0.707106781186544,1.,        2673P   6871
0.707106781186543,1.,0.707106781186548,0.499999999999997,           2673P   6872
0.707106781186548,0.499999999999997,0.707106781186548,1.,           2673P   6873
0.707106781186544,1.,0.707106781186543,1.,0.707106781186548,        2673P   6874
0.499999999999997,0.707106781186548,0.499999999999997,              2673P   6875
0.707106781186548,1.,0.707106781186544,1.,0.707106781186543,1.,     2673P   6876
0.707106781186548,0.499999999999997,0.707106781186548,              2673P   6877
0.499999999999997,0.707106781186548,1.,0.707106781186544,1.,        2673P   6878
0.707106781186543,1.,-53.8,0.,25.,-56.5,0.,25.,-56.5,0.,22.3,       2673P   6879
-56.5,0.,19.6,-53.8,0.,19.6,-53.8,-53.8,25.,-56.5,-56.5,25.,        2673P   6880
-56.5,-56.5,22.3,-56.5,-56.5,19.6,-53.8,-53.8,19.6,0.,-53.8,25.,    2673P   6881
0.,-56.5,25.,0.,-56.5,22.3,0.,-56.5,19.6,0.,-53.8,19.6,53.8,        2673P   6882
-53.8,25.,56.5,-56.5,25.,56.5,-56.5,22.3,56.5,-56.5,19.6,53.8,      2673P   6883
-53.8,19.6,53.8,0.,25.,56.5,0.,25.,56.5,0.,22.3,56.5,0.,19.6,       2673P   6884
53.8,0.,19.6,53.8,53.8,25.,56.5,56.5,25.,56.5,56.5,22.3,56.5,       2673P   6885
56.5,19.6,53.8,53.8,19.6,0.,53.8,25.,0.,56.5,25.,0.,56.5,22.3,      2673P   6886
0.,56.5,19.6,0.,53.8,19.6,-53.8,53.8,25.,-56.5,56.5,25.,-56.5,      2673P   6887
56.5,22.3,-56.5,56.5,19.6,-53.8,53.8,19.6,-53.8,0.,25.,-56.5,0.,    2673P   6888
25.,-56.5,0.,22.3,-56.5,0.,19.6,-53.8,0.,19.6,-1.5707963267949,     2673P   6889
1.5707963267949,-3.14159265358979,3.14159265358979;                 2673P   6890
128,4,8,2,2,0,1,0,0,1,-1.5707963267949,-1.5707963267949,            2675P   6891
-1.5707963267949,1.55431223447522D-15,1.55431223447522D-15,         2675P   6892
1.5707963267949,1.5707963267949,1.5707963267949,                    2675P   6893
-3.14159265358979,-3.14159265358979,-3.14159265358979,              2675P   6894
-1.5707963267949,-1.5707963267949,0.,0.,1.5707963267949,            2675P   6895
1.5707963267949,3.14159265358979,3.14159265358979,                  2675P   6896
3.14159265358979,1.,0.707106781186544,1.,0.707106781186545,1.,      2675P   6897
0.707106781186548,0.499999999999997,0.707106781186548,              2675P   6898
0.499999999999998,0.707106781186548,1.,0.707106781186544,1.,        2675P   6899
0.707106781186545,1.,0.707106781186548,0.499999999999997,           2675P   6900
0.707106781186548,0.499999999999998,0.707106781186548,1.,           2675P   6901
0.707106781186544,1.,0.707106781186545,1.,0.707106781186548,        2675P   6902
0.499999999999997,0.707106781186548,0.499999999999998,              2675P   6903
0.707106781186548,1.,0.707106781186544,1.,0.707106781186545,1.,     2675P   6904
0.707106781186548,0.499999999999997,0.707106781186548,              2675P   6905
0.499999999999998,0.707106781186548,1.,0.707106781186544,1.,        2675P   6906
0.707106781186545,1.,-53.8,0.,35.2,-56.5,0.,35.2,-56.5,0.,32.5,     2675P   6907
-56.5,0.,29.8,-53.8,0.,29.8,-53.8,-53.8,35.2,-56.5,-56.5,35.2,      2675P   6908
-56.5,-56.5,32.5,-56.5,-56.5,29.8,-53.8,-53.8,29.8,0.,-53.8,        2675P   6909
35.2,0.,-56.5,35.2,0.,-56.5,32.5,0.,-56.5,29.8,0.,-53.8,29.8,       2675P   6910
53.8,-53.8,35.2,56.5,-56.5,35.2,56.5,-56.5,32.5,56.5,-56.5,29.8,    2675P   6911
53.8,-53.8,29.8,53.8,0.,35.2,56.5,0.,35.2,56.5,0.,32.5,56.5,0.,     2675P   6912
29.8,53.8,0.,29.8,53.8,53.8,35.2,56.5,56.5,35.2,56.5,56.5,32.5,     2675P   6913
56.5,56.5,29.8,53.8,53.8,29.8,0.,53.8,35.2,0.,56.5,35.2,0.,56.5,    2675P   6914
32.5,0.,56.5,29.8,0.,53.8,29.8,-53.8,53.8,35.2,-56.5,56.5,35.2,     2675P   6915
-56.5,56.5,32.5,-56.5,56.5,29.8,-53.8,53.8,29.8,-53.8,0.,35.2,      2675P   6916
-56.5,0.,35.2,-56.5,0.,32.5,-56.5,0.,29.8,-53.8,0.,29.8,            2675P   6917
-1.5707963267949,1.5707963267949,-3.14159265358979,                 2675P   6918
3.14159265358979;                                                   2675P   6919
128,4,8,2,2,0,1,0,0,1,-1.5707963267949,-1.5707963267949,            2677P   6920
-1.5707963267949,1.55431223447522D-15,1.55431223447522D-15,         2677P   6921
1.5707963267949,1.5707963267949,1.5707963267949,                    2677P   6922
-3.14159265358979,-3.14159265358979,-3.14159265358979,              2677P   6923
-1.5707963267949,-1.5707963267949,0.,0.,1.5707963267949,            2677P   6924
1.5707963267949,3.14159265358979,3.14159265358979,                  2677P   6925
3.14159265358979,1.,0.707106781186537,1.,0.707106781186543,1.,      2677P   6926
0.707106781186548,0.499999999999993,0.707106781186548,              2677P   6927
0.499999999999997,0.707106781186548,1.,0.707106781186537,1.,        2677P   6928
0.707106781186543,1.,0.707106781186548,0.499999999999993,           2677P   6929
0.707106781186548,0.499999999999997,0.707106781186548,1.,           2677P   6930
0.707106781186537,1.,0.707106781186543,1.,0.707106781186548,        2677P   6931
0.499999999999993,0.707106781186548,0.499999999999997,              2677P   6932
0.707106781186548,1.,0.707106781186537,1.,0.707106781186543,1.,     2677P   6933
0.707106781186548,0.499999999999993,0.707106781186548,              2677P   6934
0.499999999999997,0.707106781186548,1.,0.707106781186537,1.,        2677P   6935
0.707106781186543,1.,-53.8,0.,45.4,-56.5,0.,45.4,-56.5,0.,42.7,     2677P   6936
-56.5,0.,40.,-53.8,0.,40.,-53.8,-53.8,45.4,-56.5,-56.5,45.4,        2677P   6937
-56.5,-56.5,42.7,-56.5,-56.5,40.,-53.8,-53.8,40.,0.,-53.8,45.4,     2677P   6938
0.,-56.5,45.4,0.,-56.5,42.7,0.,-56.5,40.,0.,-53.8,40.,53.8,         2677P   6939
-53.8,45.4,56.5,-56.5,45.4,56.5,-56.5,42.7,56.5,-56.5,40.,53.8,     2677P   6940
-53.8,40.,53.8,0.,45.4,56.5,0.,45.4,56.5,0.,42.7,56.5,0.,40.,       2677P   6941
53.8,0.,40.,53.8,53.8,45.4,56.5,56.5,45.4,56.5,56.5,42.7,56.5,      2677P   6942
56.5,40.,53.8,53.8,40.,0.,53.8,45.4,0.,56.5,45.4,0.,56.5,42.7,      2677P   6943
0.,56.5,40.,0.,53.8,40.,-53.8,53.8,45.4,-56.5,56.5,45.4,-56.5,      2677P   6944
56.5,42.7,-56.5,56.5,40.,-53.8,53.8,40.,-53.8,0.,45.4,-56.5,0.,     2677P   6945
45.4,-56.5,0.,42.7,-56.5,0.,40.,-53.8,0.,40.,-1.5707963267949,      2677P   6946
1.5707963267949,-3.14159265358979,3.14159265358979;                 2677P   6947
128,4,8,2,2,0,1,0,0,1,-1.5707963267949,-1.5707963267949,            2679P   6948
-1.5707963267949,1.55431223447522D-15,1.55431223447522D-15,         2679P   6949
1.5707963267949,1.5707963267949,1.5707963267949,                    2679P   6950
-3.14159265358979,-3.14159265358979,-3.14159265358979,              2679P   6951
-1.5707963267949,-1.5707963267949,0.,0.,1.5707963267949,            2679P   6952
1.5707963267949,3.14159265358979,3.14159265358979,                  2679P   6953
3.14159265358979,1.,0.707106781186537,1.,0.70710678118654,1.,       2679P   6954
0.707106781186548,0.499999999999993,0.707106781186548,              2679P   6955
0.499999999999995,0.707106781186548,1.,0.707106781186537,1.,        2679P   6956
0.70710678118654,1.,0.707106781186548,0.499999999999993,            2679P   6957
0.707106781186548,0.499999999999995,0.707106781186548,1.,           2679P   6958
0.707106781186537,1.,0.70710678118654,1.,0.707106781186548,         2679P   6959
0.499999999999993,0.707106781186548,0.499999999999995,              2679P   6960
0.707106781186548,1.,0.707106781186537,1.,0.70710678118654,1.,      2679P   6961
0.707106781186548,0.499999999999993,0.707106781186548,              2679P   6962
0.499999999999995,0.707106781186548,1.,0.707106781186537,1.,        2679P   6963
0.70710678118654,1.,-53.8,0.,55.6,-56.5,0.,55.6,-56.5,0.,52.9,      2679P   6964
-56.5,0.,50.2,-53.8,0.,50.2,-53.8,-53.8,55.6,-56.5,-56.5,55.6,      2679P   6965
-56.5,-56.5,52.9,-56.5,-56.5,50.2,-53.8,-53.8,50.2,0.,-53.8,        2679P   6966
55.6,0.,-56.5,55.6,0.,-56.5,52.9,0.,-56.5,50.2,0.,-53.8,50.2,       2679P   6967
53.8,-53.8,55.6,56.5,-56.5,55.6,56.5,-56.5,52.9,56.5,-56.5,50.2,    2679P   6968
53.8,-53.8,50.2,53.8,0.,55.6,56.5,0.,55.6,56.5,0.,52.9,56.5,0.,     2679P   6969
50.2,53.8,0.,50.2,53.8,53.8,55.6,56.5,56.5,55.6,56.5,56.5,52.9,     2679P   6970
56.5,56.5,50.2,53.8,53.8,50.2,0.,53.8,55.6,0.,56.5,55.6,0.,56.5,    2679P   6971
52.9,0.,56.5,50.2,0.,53.8,50.2,-53.8,53.8,55.6,-56.5,56.5,55.6,     2679P   6972
-56.5,56.5,52.9,-56.5,56.5,50.2,-53.8,53.8,50.2,-53.8,0.,55.6,      2679P   6973
-56.5,0.,55.6,-56.5,0.,52.9,-56.5,0.,50.2,-53.8,0.,50.2,            2679P   6974
-1.5707963267949,1.5707963267949,-3.14159265358979,                 2679P   6975
3.14159265358979;                                                   2679P   6976
128,4,8,2,2,0,1,0,0,1,-1.5707963267949,-1.5707963267949,            2681P   6977
-1.5707963267949,1.55431223447522D-15,1.55431223447522D-15,         2681P   6978
1.5707963267949,1.5707963267949,1.5707963267949,                    2681P   6979
-3.14159265358979,-3.14159265358979,-3.14159265358979,              2681P   6980
-1.5707963267949,-1.5707963267949,0.,0.,1.5707963267949,            2681P   6981
1.5707963267949,3.14159265358979,3.14159265358979,                  2681P   6982
3.14159265358979,1.,0.707106781186537,1.,0.70710678118654,1.,       2681P   6983
0.707106781186548,0.499999999999993,0.707106781186548,              2681P   6984
0.499999999999995,0.707106781186548,1.,0.707106781186537,1.,        2681P   6985
0.70710678118654,1.,0.707106781186548,0.499999999999993,            2681P   6986
0.707106781186548,0.499999999999995,0.707106781186548,1.,           2681P   6987
0.707106781186537,1.,0.70710678118654,1.,0.707106781186548,         2681P   6988
0.499999999999993,0.707106781186548,0.499999999999995,              2681P   6989
0.707106781186548,1.,0.707106781186537,1.,0.70710678118654,1.,      2681P   6990
0.707106781186548,0.499999999999993,0.707106781186548,              2681P   6991
0.499999999999995,0.707106781186548,1.,0.707106781186537,1.,        2681P   6992
0.70710678118654,1.,-53.8,0.,65.8,-56.5,0.,65.8,-56.5,0.,63.1,      2681P   6993
-56.5,0.,60.4,-53.8,0.,60.4,-53.8,-53.8,65.8,-56.5,-56.5,65.8,      2681P   6994
-56.5,-56.5,63.1,-56.5,-56.5,60.4,-53.8,-53.8,60.4,0.,-53.8,        2681P   6995
65.8,0.,-56.5,65.8,0.,-56.5,63.1,0.,-56.5,60.4,0.,-53.8,60.4,       2681P   6996
53.8,-53.8,65.8,56.5,-56.5,65.8,56.5,-56.5,63.1,56.5,-56.5,60.4,    2681P   6997
53.8,-53.8,60.4,53.8,0.,65.8,56.5,0.,65.8,56.5,0.,63.1,56.5,0.,     2681P   6998
60.4,53.8,0.,60.4,53.8,53.8,65.8,56.5,56.5,65.8,56.5,56.5,63.1,     2681P   6999
56.5,56.5,60.4,53.8,53.8,60.4,0.,53.8,65.8,0.,56.5,65.8,0.,56.5,    2681P   7000
63.1,0.,56.5,60.4,0.,53.8,60.4,-53.8,53.8,65.8,-56.5,56.5,65.8,     2681P   7001
-56.5,56.5,63.1,-56.5,56.5,60.4,-53.8,53.8,60.4,-53.8,0.,65.8,      2681P   7002
-56.5,0.,65.8,-56.5,0.,63.1,-56.5,0.,60.4,-53.8,0.,60.4,            2681P   7003
-1.5707963267949,1.5707963267949,-3.14159265358979,                 2681P   7004
3.14159265358979;                                                   2681P   7005
128,4,8,2,2,0,1,0,0,1,-1.5707963267949,-1.5707963267949,            2683P   7006
-1.5707963267949,1.55431223447522D-15,1.55431223447522D-15,         2683P   7007
1.5707963267949,1.5707963267949,1.5707963267949,                    2683P   7008
-3.14159265358979,-3.14159265358979,-3.14159265358979,              2683P   7009
-1.5707963267949,-1.5707963267949,0.,0.,1.5707963267949,            2683P   7010
1.5707963267949,3.14159265358979,3.14159265358979,                  2683P   7011
3.14159265358979,1.,0.707106781186537,1.,0.70710678118654,1.,       2683P   7012
0.707106781186548,0.499999999999993,0.707106781186548,              2683P   7013
0.499999999999995,0.707106781186548,1.,0.707106781186537,1.,        2683P   7014
0.70710678118654,1.,0.707106781186548,0.499999999999993,            2683P   7015
0.707106781186548,0.499999999999995,0.707106781186548,1.,           2683P   7016
0.707106781186537,1.,0.70710678118654,1.,0.707106781186548,         2683P   7017
0.499999999999993,0.707106781186548,0.499999999999995,              2683P   7018
0.707106781186548,1.,0.707106781186537,1.,0.70710678118654,1.,      2683P   7019
0.707106781186548,0.499999999999993,0.707106781186548,              2683P   7020
0.499999999999995,0.707106781186548,1.,0.707106781186537,1.,        2683P   7021
0.70710678118654,1.,-53.8,0.,76.,-56.5,0.,76.,-56.5,0.,73.3,        2683P   7022
-56.5,0.,70.6,-53.8,0.,70.6,-53.8,-53.8,76.,-56.5,-56.5,76.,        2683P   7023
-56.5,-56.5,73.3,-56.5,-56.5,70.6,-53.8,-53.8,70.6,0.,-53.8,76.,    2683P   7024
0.,-56.5,76.,0.,-56.5,73.3,0.,-56.5,70.6,0.,-53.8,70.6,53.8,        2683P   7025
-53.8,76.,56.5,-56.5,76.,56.5,-56.5,73.3,56.5,-56.5,70.6,53.8,      2683P   7026
-53.8,70.6,53.8,0.,76.,56.5,0.,76.,56.5,0.,73.3,56.5,0.,70.6,       2683P   7027
53.8,0.,70.6,53.8,53.8,76.,56.5,56.5,76.,56.5,56.5,73.3,56.5,       2683P   7028
56.5,70.6,53.8,53.8,70.6,0.,53.8,76.,0.,56.5,76.,0.,56.5,73.3,      2683P   7029
0.,56.5,70.6,0.,53.8,70.6,-53.8,53.8,76.,-56.5,56.5,76.,-56.5,      2683P   7030
56.5,73.3,-56.5,56.5,70.6,-53.8,53.8,70.6,-53.8,0.,76.,-56.5,0.,    2683P   7031
76.,-56.5,0.,73.3,-56.5,0.,70.6,-53.8,0.,70.6,-1.5707963267949,     2683P   7032
1.5707963267949,-3.14159265358979,3.14159265358979;                 2683P   7033
128,4,8,2,2,0,1,0,0,1,-1.5707963267949,-1.5707963267949,            2685P   7034
-1.5707963267949,1.55431223447522D-15,1.55431223447522D-15,         2685P   7035
1.5707963267949,1.5707963267949,1.5707963267949,                    2685P   7036
-3.14159265358979,-3.14159265358979,-3.14159265358979,              2685P   7037
-1.5707963267949,-1.5707963267949,0.,0.,1.5707963267949,            2685P   7038
1.5707963267949,3.14159265358979,3.14159265358979,                  2685P   7039
3.14159265358979,1.,0.707106781186558,1.,0.707106781186537,1.,      2685P   7040
0.707106781186548,0.500000000000007,0.707106781186548,              2685P   7041
0.499999999999993,0.707106781186548,1.,0.707106781186558,1.,        2685P   7042
0.707106781186537,1.,0.707106781186548,0.500000000000007,           2685P   7043
0.707106781186548,0.499999999999993,0.707106781186548,1.,           2685P   7044
0.707106781186558,1.,0.707106781186537,1.,0.707106781186548,        2685P   7045
0.500000000000007,0.707106781186548,0.499999999999993,              2685P   7046
0.707106781186548,1.,0.707106781186558,1.,0.707106781186537,1.,     2685P   7047
0.707106781186548,0.500000000000007,0.707106781186548,              2685P   7048
0.499999999999993,0.707106781186548,1.,0.707106781186558,1.,        2685P   7049
0.707106781186537,1.,-53.8,0.,86.2,-56.5,0.,86.2,-56.5,0.,83.5,     2685P   7050
-56.5,0.,80.8,-53.8,0.,80.8,-53.8,-53.8,86.2,-56.5,-56.5,86.2,      2685P   7051
-56.5,-56.5,83.5,-56.5,-56.5,80.8,-53.8,-53.8,80.8,0.,-53.8,        2685P   7052
86.2,0.,-56.5,86.2,0.,-56.5,83.5,0.,-56.5,80.8,0.,-53.8,80.8,       2685P   7053
53.8,-53.8,86.2,56.5,-56.5,86.2,56.5,-56.5,83.5,56.5,-56.5,80.8,    2685P   7054
53.8,-53.8,80.8,53.8,0.,86.2,56.5,0.,86.2,56.5,0.,83.5,56.5,0.,     2685P   7055
80.8,53.8,0.,80.8,53.8,53.8,86.2,56.5,56.5,86.2,56.5,56.5,83.5,     2685P   7056
56.5,56.5,80.8,53.8,53.8,80.8,0.,53.8,86.2,0.,56.5,86.2,0.,56.5,    2685P   7057
83.5,0.,56.5,80.8,0.,53.8,80.8,-53.8,53.8,86.2,-56.5,56.5,86.2,     2685P   7058
-56.5,56.5,83.5,-56.5,56.5,80.8,-53.8,53.8,80.8,-53.8,0.,86.2,      2685P   7059
-56.5,0.,86.2,-56.5,0.,83.5,-56.5,0.,80.8,-53.8,0.,80.8,            2685P   7060
-1.5707963267949,1.5707963267949,-3.14159265358979,                 2685P   7061
3.14159265358979;                                                   2685P   7062
128,4,8,2,2,0,1,0,0,1,-1.5707963267949,-1.5707963267949,            2687P   7063
-1.5707963267949,1.55431223447522D-15,1.55431223447522D-15,         2687P   7064
1.5707963267949,1.5707963267949,1.5707963267949,                    2687P   7065
-3.14159265358979,-3.14159265358979,-3.14159265358979,              2687P   7066
-1.5707963267949,-1.5707963267949,0.,0.,1.5707963267949,            2687P   7067
1.5707963267949,3.14159265358979,3.14159265358979,                  2687P   7068
3.14159265358979,1.,0.707106781186558,1.,0.707106781186537,1.,      2687P   7069
0.707106781186548,0.500000000000007,0.707106781186548,              2687P   7070
0.499999999999993,0.707106781186548,1.,0.707106781186558,1.,        2687P   7071
0.707106781186537,1.,0.707106781186548,0.500000000000007,           2687P   7072
0.707106781186548,0.499999999999993,0.707106781186548,1.,           2687P   7073
0.707106781186558,1.,0.707106781186537,1.,0.707106781186548,        2687P   7074
0.500000000000007,0.707106781186548,0.499999999999993,              2687P   7075
0.707106781186548,1.,0.707106781186558,1.,0.707106781186537,1.,     2687P   7076
0.707106781186548,0.500000000000007,0.707106781186548,              2687P   7077
0.499999999999993,0.707106781186548,1.,0.707106781186558,1.,        2687P   7078
0.707106781186537,1.,-53.8,0.,96.4,-56.5,0.,96.4,-56.5,0.,93.7,     2687P   7079
-56.5,0.,91.,-53.8,0.,91.,-53.8,-53.8,96.4,-56.5,-56.5,96.4,        2687P   7080
-56.5,-56.5,93.7,-56.5,-56.5,91.,-53.8,-53.8,91.,0.,-53.8,96.4,     2687P   7081
0.,-56.5,96.4,0.,-56.5,93.7,0.,-56.5,91.,0.,-53.8,91.,53.8,         2687P   7082
-53.8,96.4,56.5,-56.5,96.4,56.5,-56.5,93.7,56.5,-56.5,91.,53.8,     2687P   7083
-53.8,91.,53.8,0.,96.4,56.5,0.,96.4,56.5,0.,93.7,56.5,0.,91.,       2687P   7084
53.8,0.,91.,53.8,53.8,96.4,56.5,56.5,96.4,56.5,56.5,93.7,56.5,      2687P   7085
56.5,91.,53.8,53.8,91.,0.,53.8,96.4,0.,56.5,96.4,0.,56.5,93.7,      2687P   7086
0.,56.5,91.,0.,53.8,91.,-53.8,53.8,96.4,-56.5,56.5,96.4,-56.5,      2687P   7087
56.5,93.7,-56.5,56.5,91.,-53.8,53.8,91.,-53.8,0.,96.4,-56.5,0.,     2687P   7088
96.4,-56.5,0.,93.7,-56.5,0.,91.,-53.8,0.,91.,-1.5707963267949,      2687P   7089
1.5707963267949,-3.14159265358979,3.14159265358979;                 2687P   7090
128,4,8,2,2,0,1,0,0,1,-1.5707963267949,-1.5707963267949,            2689P   7091
-1.5707963267949,1.55431223447522D-15,1.55431223447522D-15,         2689P   7092
1.5707963267949,1.5707963267949,1.5707963267949,                    2689P   7093
-3.14159265358979,-3.14159265358979,-3.14159265358979,              2689P   7094
-1.5707963267949,-1.5707963267949,0.,0.,1.5707963267949,            2689P   7095
1.5707963267949,3.14159265358979,3.14159265358979,                  2689P   7096
3.14159265358979,1.,0.707106781186558,1.,0.707106781186537,1.,      2689P   7097
0.707106781186548,0.500000000000007,0.707106781186548,              2689P   7098
0.499999999999993,0.707106781186548,1.,0.707106781186558,1.,        2689P   7099
0.707106781186537,1.,0.707106781186548,0.500000000000007,           2689P   7100
0.707106781186548,0.499999999999993,0.707106781186548,1.,           2689P   7101
0.707106781186558,1.,0.707106781186537,1.,0.707106781186548,        2689P   7102
0.500000000000007,0.707106781186548,0.499999999999993,              2689P   7103
0.707106781186548,1.,0.707106781186558,1.,0.707106781186537,1.,     2689P   7104
0.707106781186548,0.500000000000007,0.707106781186548,              2689P   7105
0.499999999999993,0.707106781186548,1.,0.707106781186558,1.,        2689P   7106
0.707106781186537,1.,-53.8,0.,106.6,-56.5,0.,106.6,-56.5,0.,        2689P   7107
103.9,-56.5,0.,101.2,-53.8,0.,101.2,-53.8,-53.8,106.6,-56.5,        2689P   7108
-56.5,106.6,-56.5,-56.5,103.9,-56.5,-56.5,101.2,-53.8,-53.8,        2689P   7109
101.2,0.,-53.8,106.6,0.,-56.5,106.6,0.,-56.5,103.9,0.,-56.5,        2689P   7110
101.2,0.,-53.8,101.2,53.8,-53.8,106.6,56.5,-56.5,106.6,56.5,        2689P   7111
-56.5,103.9,56.5,-56.5,101.2,53.8,-53.8,101.2,53.8,0.,106.6,        2689P   7112
56.5,0.,106.6,56.5,0.,103.9,56.5,0.,101.2,53.8,0.,101.2,53.8,       2689P   7113
53.8,106.6,56.5,56.5,106.6,56.5,56.5,103.9,56.5,56.5,101.2,53.8,    2689P   7114
53.8,101.2,0.,53.8,106.6,0.,56.5,106.6,0.,56.5,103.9,0.,56.5,       2689P   7115
101.2,0.,53.8,101.2,-53.8,53.8,106.6,-56.5,56.5,106.6,-56.5,        2689P   7116
56.5,103.9,-56.5,56.5,101.2,-53.8,53.8,101.2,-53.8,0.,106.6,        2689P   7117
-56.5,0.,106.6,-56.5,0.,103.9,-56.5,0.,101.2,-53.8,0.,101.2,        2689P   7118
-1.5707963267949,1.5707963267949,-3.14159265358979,                 2689P   7119
3.14159265358979;                                                   2689P   7120
128,4,8,2,2,0,1,0,0,1,-1.5707963267949,-1.5707963267949,            2691P   7121
-1.5707963267949,1.55431223447522D-15,1.55431223447522D-15,         2691P   7122
1.5707963267949,1.5707963267949,1.5707963267949,                    2691P   7123
-3.14159265358979,-3.14159265358979,-3.14159265358979,              2691P   7124
-1.5707963267949,-1.5707963267949,0.,0.,1.5707963267949,            2691P   7125
1.5707963267949,3.14159265358979,3.14159265358979,                  2691P   7126
3.14159265358979,1.,0.707106781186558,1.,0.707106781186537,1.,      2691P   7127
0.707106781186548,0.500000000000007,0.707106781186548,              2691P   7128
0.499999999999993,0.707106781186548,1.,0.707106781186558,1.,        2691P   7129
0.707106781186537,1.,0.707106781186548,0.500000000000007,           2691P   7130
0.707106781186548,0.499999999999993,0.707106781186548,1.,           2691P   7131
0.707106781186558,1.,0.707106781186537,1.,0.707106781186548,        2691P   7132
0.500000000000007,0.707106781186548,0.499999999999993,              2691P   7133
0.707106781186548,1.,0.707106781186558,1.,0.707106781186537,1.,     2691P   7134
0.707106781186548,0.500000000000007,0.707106781186548,              2691P   7135
0.499999999999993,0.707106781186548,1.,0.707106781186558,1.,        2691P   7136
0.707106781186537,1.,-53.8,0.,116.8,-56.5,0.,116.8,-56.5,0.,        2691P   7137
114.1,-56.5,0.,111.4,-53.8,0.,111.4,-53.8,-53.8,116.8,-56.5,        2691P   7138
-56.5,116.8,-56.5,-56.5,114.1,-56.5,-56.5,111.4,-53.8,-53.8,        2691P   7139
111.4,0.,-53.8,116.8,0.,-56.5,116.8,0.,-56.5,114.1,0.,-56.5,        2691P   7140
111.4,0.,-53.8,111.4,53.8,-53.8,116.8,56.5,-56.5,116.8,56.5,        2691P   7141
-56.5,114.1,56.5,-56.5,111.4,53.8,-53.8,111.4,53.8,0.,116.8,        2691P   7142
56.5,0.,116.8,56.5,0.,114.1,56.5,0.,111.4,53.8,0.,111.4,53.8,       2691P   7143
53.8,116.8,56.5,56.5,116.8,56.5,56.5,114.1,56.5,56.5,111.4,53.8,    2691P   7144
53.8,111.4,0.,53.8,116.8,0.,56.5,116.8,0.,56.5,114.1,0.,56.5,       2691P   7145
111.4,0.,53.8,111.4,-53.8,53.8,116.8,-56.5,56.5,116.8,-56.5,        2691P   7146
56.5,114.1,-56.5,56.5,111.4,-53.8,53.8,111.4,-53.8,0.,116.8,        2691P   7147
-56.5,0.,116.8,-56.5,0.,114.1,-56.5,0.,111.4,-53.8,0.,111.4,        2691P   7148
-1.5707963267949,1.5707963267949,-3.14159265358979,                 2691P   7149
3.14159265358979;                                                   2691P   7150
128,4,8,2,2,0,1,0,0,1,-1.5707963267949,-1.5707963267949,            2693P   7151
-1.5707963267949,1.55431223447522D-15,1.55431223447522D-15,         2693P   7152
1.5707963267949,1.5707963267949,1.5707963267949,                    2693P   7153
-3.14159265358979,-3.14159265358979,-3.14159265358979,              2693P   7154
-1.5707963267949,-1.5707963267949,0.,0.,1.5707963267949,            2693P   7155
1.5707963267949,3.14159265358979,3.14159265358979,                  2693P   7156
3.14159265358979,1.,0.707106781186558,1.,0.707106781186537,1.,      2693P   7157
0.707106781186548,0.500000000000007,0.707106781186548,              2693P   7158
0.499999999999993,0.707106781186548,1.,0.707106781186558,1.,        2693P   7159
0.707106781186537,1.,0.707106781186548,0.500000000000007,           2693P   7160
0.707106781186548,0.499999999999993,0.707106781186548,1.,           2693P   7161
0.707106781186558,1.,0.707106781186537,1.,0.707106781186548,        2693P   7162
0.500000000000007,0.707106781186548,0.499999999999993,              2693P   7163
0.707106781186548,1.,0.707106781186558,1.,0.707106781186537,1.,     2693P   7164
0.707106781186548,0.500000000000007,0.707106781186548,              2693P   7165
0.499999999999993,0.707106781186548,1.,0.707106781186558,1.,        2693P   7166
0.707106781186537,1.,-53.8,0.,127.,-56.5,0.,127.,-56.5,0.,124.3,    2693P   7167
-56.5,0.,121.6,-53.8,0.,121.6,-53.8,-53.8,127.,-56.5,-56.5,127.,    2693P   7168
-56.5,-56.5,124.3,-56.5,-56.5,121.6,-53.8,-53.8,121.6,0.,-53.8,     2693P   7169
127.,0.,-56.5,127.,0.,-56.5,124.3,0.,-56.5,121.6,0.,-53.8,121.6,    2693P   7170
53.8,-53.8,127.,56.5,-56.5,127.,56.5,-56.5,124.3,56.5,-56.5,        2693P   7171
121.6,53.8,-53.8,121.6,53.8,0.,127.,56.5,0.,127.,56.5,0.,124.3,     2693P   7172
56.5,0.,121.6,53.8,0.,121.6,53.8,53.8,127.,56.5,56.5,127.,56.5,     2693P   7173
56.5,124.3,56.5,56.5,121.6,53.8,53.8,121.6,0.,53.8,127.,0.,56.5,    2693P   7174
127.,0.,56.5,124.3,0.,56.5,121.6,0.,53.8,121.6,-53.8,53.8,127.,     2693P   7175
-56.5,56.5,127.,-56.5,56.5,124.3,-56.5,56.5,121.6,-53.8,53.8,       2693P   7176
121.6,-53.8,0.,127.,-56.5,0.,127.,-56.5,0.,124.3,-56.5,0.,121.6,    2693P   7177
-53.8,0.,121.6,-1.5707963267949,1.5707963267949,                    2693P   7178
-3.14159265358979,3.14159265358979;                                 2693P   7179
128,4,8,2,2,0,1,0,0,1,-1.5707963267949,-1.5707963267949,            2695P   7180
-1.5707963267949,1.55431223447522D-15,1.55431223447522D-15,         2695P   7181
1.5707963267949,1.5707963267949,1.5707963267949,                    2695P   7182
-3.14159265358979,-3.14159265358979,-3.14159265358979,              2695P   7183
-1.5707963267949,-1.5707963267949,0.,0.,1.5707963267949,            2695P   7184
1.5707963267949,3.14159265358979,3.14159265358979,                  2695P   7185
3.14159265358979,1.,0.707106781186558,1.,0.707106781186537,1.,      2695P   7186
0.707106781186548,0.500000000000007,0.707106781186548,              2695P   7187
0.499999999999993,0.707106781186548,1.,0.707106781186558,1.,        2695P   7188
0.707106781186537,1.,0.707106781186548,0.500000000000007,           2695P   7189
0.707106781186548,0.499999999999993,0.707106781186548,1.,           2695P   7190
0.707106781186558,1.,0.707106781186537,1.,0.707106781186548,        2695P   7191
0.500000000000007,0.707106781186548,0.499999999999993,              2695P   7192
0.707106781186548,1.,0.707106781186558,1.,0.707106781186537,1.,     2695P   7193
0.707106781186548,0.500000000000007,0.707106781186548,              2695P   7194
0.499999999999993,0.707106781186548,1.,0.707106781186558,1.,        2695P   7195
0.707106781186537,1.,-53.8,0.,137.2,-56.5,0.,137.2,-56.5,0.,        2695P   7196
134.5,-56.5,0.,131.8,-53.8,0.,131.8,-53.8,-53.8,137.2,-56.5,        2695P   7197
-56.5,137.2,-56.5,-56.5,134.5,-56.5,-56.5,131.8,-53.8,-53.8,        2695P   7198
131.8,0.,-53.8,137.2,0.,-56.5,137.2,0.,-56.5,134.5,0.,-56.5,        2695P   7199
131.8,0.,-53.8,131.8,53.8,-53.8,137.2,56.5,-56.5,137.2,56.5,        2695P   7200
-56.5,134.5,56.5,-56.5,131.8,53.8,-53.8,131.8,53.8,0.,137.2,        2695P   7201
56.5,0.,137.2,56.5,0.,134.5,56.5,0.,131.8,53.8,0.,131.8,53.8,       2695P   7202
53.8,137.2,56.5,56.5,137.2,56.5,56.5,134.5,56.5,56.5,131.8,53.8,    2695P   7203
53.8,131.8,0.,53.8,137.2,0.,56.5,137.2,0.,56.5,134.5,0.,56.5,       2695P   7204
131.8,0.,53.8,131.8,-53.8,53.8,137.2,-56.5,56.5,137.2,-56.5,        2695P   7205
56.5,134.5,-56.5,56.5,131.8,-53.8,53.8,131.8,-53.8,0.,137.2,        2695P   7206
-56.5,0.,137.2,-56.5,0.,134.5,-56.5,0.,131.8,-53.8,0.,131.8,        2695P   7207
-1.5707963267949,1.5707963267949,-3.14159265358979,                 2695P   7208
3.14159265358979;                                                   2695P   7209
128,4,8,2,2,0,1,0,0,1,-1.5707963267949,-1.5707963267949,            2697P   7210
-1.5707963267949,1.55431223447522D-15,1.55431223447522D-15,         2697P   7211
1.5707963267949,1.5707963267949,1.5707963267949,                    2697P   7212
-3.14159265358979,-3.14159265358979,-3.14159265358979,              2697P   7213
-1.5707963267949,-1.5707963267949,0.,0.,1.5707963267949,            2697P   7214
1.5707963267949,3.14159265358979,3.14159265358979,                  2697P   7215
3.14159265358979,1.,0.707106781186558,1.,0.707106781186537,1.,      2697P   7216
0.707106781186548,0.500000000000007,0.707106781186548,              2697P   7217
0.499999999999993,0.707106781186548,1.,0.707106781186558,1.,        2697P   7218
0.707106781186537,1.,0.707106781186548,0.500000000000007,           2697P   7219
0.707106781186548,0.499999999999993,0.707106781186548,1.,           2697P   7220
0.707106781186558,1.,0.707106781186537,1.,0.707106781186548,        2697P   7221
0.500000000000007,0.707106781186548,0.499999999999993,              2697P   7222
0.707106781186548,1.,0.707106781186558,1.,0.707106781186537,1.,     2697P   7223
0.707106781186548,0.500000000000007,0.707106781186548,              2697P   7224
0.499999999999993,0.707106781186548,1.,0.707106781186558,1.,        2697P   7225
0.707106781186537,1.,-53.8,0.,147.4,-56.5,0.,147.4,-56.5,0.,        2697P   7226
144.7,-56.5,0.,142.,-53.8,0.,142.,-53.8,-53.8,147.4,-56.5,-56.5,    2697P   7227
147.4,-56.5,-56.5,144.7,-56.5,-56.5,142.,-53.8,-53.8,142.,0.,       2697P   7228
-53.8,147.4,0.,-56.5,147.4,0.,-56.5,144.7,0.,-56.5,142.,0.,         2697P   7229
-53.8,142.,53.8,-53.8,147.4,56.5,-56.5,147.4,56.5,-56.5,144.7,      2697P   7230
56.5,-56.5,142.,53.8,-53.8,142.,53.8,0.,147.4,56.5,0.,147.4,        2697P   7231
56.5,0.,144.7,56.5,0.,142.,53.8,0.,142.,53.8,53.8,147.4,56.5,       2697P   7232
56.5,147.4,56.5,56.5,144.7,56.5,56.5,142.,53.8,53.8,142.,0.,        2697P   7233
53.8,147.4,0.,56.5,147.4,0.,56.5,144.7,0.,56.5,142.,0.,53.8,        2697P   7234
142.,-53.8,53.8,147.4,-56.5,56.5,147.4,-56.5,56.5,144.7,-56.5,      2697P   7235
56.5,142.,-53.8,53.8,142.,-53.8,0.,147.4,-56.5,0.,147.4,-56.5,      2697P   7236
0.,144.7,-56.5,0.,142.,-53.8,0.,142.,-1.5707963267949,              2697P   7237
1.5707963267949,-3.14159265358979,3.14159265358979;                 2697P   7238
128,4,8,2,2,0,1,0,0,1,-1.5707963267949,-1.5707963267949,            2699P   7239
-1.5707963267949,1.55431223447522D-15,1.55431223447522D-15,         2699P   7240
1.5707963267949,1.5707963267949,1.5707963267949,                    2699P   7241
-3.14159265358979,-3.14159265358979,-3.14159265358979,              2699P   7242
-1.5707963267949,-1.5707963267949,0.,0.,1.5707963267949,            2699P   7243
1.5707963267949,3.14159265358979,3.14159265358979,                  2699P   7244
3.14159265358979,1.,0.707106781186558,1.,0.707106781186537,1.,      2699P   7245
0.707106781186548,0.500000000000007,0.707106781186548,              2699P   7246
0.499999999999993,0.707106781186548,1.,0.707106781186558,1.,        2699P   7247
0.707106781186537,1.,0.707106781186548,0.500000000000007,           2699P   7248
0.707106781186548,0.499999999999993,0.707106781186548,1.,           2699P   7249
0.707106781186558,1.,0.707106781186537,1.,0.707106781186548,        2699P   7250
0.500000000000007,0.707106781186548,0.499999999999993,              2699P   7251
0.707106781186548,1.,0.707106781186558,1.,0.707106781186537,1.,     2699P   7252
0.707106781186548,0.500000000000007,0.707106781186548,              2699P   7253
0.499999999999993,0.707106781186548,1.,0.707106781186558,1.,        2699P   7254
0.707106781186537,1.,-53.8,0.,157.6,-56.5,0.,157.6,-56.5,0.,        2699P   7255
154.9,-56.5,0.,152.2,-53.8,0.,152.2,-53.8,-53.8,157.6,-56.5,        2699P   7256
-56.5,157.6,-56.5,-56.5,154.9,-56.5,-56.5,152.2,-53.8,-53.8,        2699P   7257
152.2,0.,-53.8,157.6,0.,-56.5,157.6,0.,-56.5,154.9,0.,-56.5,        2699P   7258
152.2,0.,-53.8,152.2,53.8,-53.8,157.6,56.5,-56.5,157.6,56.5,        2699P   7259
-56.5,154.9,56.5,-56.5,152.2,53.8,-53.8,152.2,53.8,0.,157.6,        2699P   7260
56.5,0.,157.6,56.5,0.,154.9,56.5,0.,152.2,53.8,0.,152.2,53.8,       2699P   7261
53.8,157.6,56.5,56.5,157.6,56.5,56.5,154.9,56.5,56.5,152.2,53.8,    2699P   7262
53.8,152.2,0.,53.8,157.6,0.,56.5,157.6,0.,56.5,154.9,0.,56.5,       2699P   7263
152.2,0.,53.8,152.2,-53.8,53.8,157.6,-56.5,56.5,157.6,-56.5,        2699P   7264
56.5,154.9,-56.5,56.5,152.2,-53.8,53.8,152.2,-53.8,0.,157.6,        2699P   7265
-56.5,0.,157.6,-56.5,0.,154.9,-56.5,0.,152.2,-53.8,0.,152.2,        2699P   7266
-1.5707963267949,1.5707963267949,-3.14159265358979,                 2699P   7267
3.14159265358979;                                                   2699P   7268
128,4,8,2,2,0,1,0,0,1,-1.5707963267949,-1.5707963267949,            2701P   7269
-1.5707963267949,1.55431223447522D-15,1.55431223447522D-15,         2701P   7270
1.5707963267949,1.5707963267949,1.5707963267949,                    2701P   7271
-3.14159265358979,-3.14159265358979,-3.14159265358979,              2701P   7272
-1.5707963267949,-1.5707963267949,0.,0.,1.5707963267949,            2701P   7273
1.5707963267949,3.14159265358979,3.14159265358979,                  2701P   7274
3.14159265358979,1.,0.707106781186538,1.,0.707106781186537,1.,      2701P   7275
0.707106781186548,0.499999999999993,0.707106781186548,              2701P   7276
0.499999999999993,0.707106781186548,1.,0.707106781186538,1.,        2701P   7277
0.707106781186537,1.,0.707106781186548,0.499999999999993,           2701P   7278
0.707106781186548,0.499999999999993,0.707106781186548,1.,           2701P   7279
0.707106781186538,1.,0.707106781186537,1.,0.707106781186548,        2701P   7280
0.499999999999993,0.707106781186548,0.499999999999993,              2701P   7281
0.707106781186548,1.,0.707106781186538,1.,0.707106781186537,1.,     2701P   7282
0.707106781186548,0.499999999999993,0.707106781186548,              2701P   7283
0.499999999999993,0.707106781186548,1.,0.707106781186538,1.,        2701P   7284
0.707106781186537,1.,-53.8,0.,167.8,-56.5,0.,167.8,-56.5,0.,        2701P   7285
165.1,-56.5,0.,162.4,-53.8,0.,162.4,-53.8,-53.8,167.8,-56.5,        2701P   7286
-56.5,167.8,-56.5,-56.5,165.1,-56.5,-56.5,162.4,-53.8,-53.8,        2701P   7287
162.4,0.,-53.8,167.8,0.,-56.5,167.8,0.,-56.5,165.1,0.,-56.5,        2701P   7288
162.4,0.,-53.8,162.4,53.8,-53.8,167.8,56.5,-56.5,167.8,56.5,        2701P   7289
-56.5,165.1,56.5,-56.5,162.4,53.8,-53.8,162.4,53.8,0.,167.8,        2701P   7290
56.5,0.,167.8,56.5,0.,165.1,56.5,0.,162.4,53.8,0.,162.4,53.8,       2701P   7291
53.8,167.8,56.5,56.5,167.8,56.5,56.5,165.1,56.5,56.5,162.4,53.8,    2701P   7292
53.8,162.4,0.,53.8,167.8,0.,56.5,167.8,0.,56.5,165.1,0.,56.5,       2701P   7293
162.4,0.,53.8,162.4,-53.8,53.8,167.8,-56.5,56.5,167.8,-56.5,        2701P   7294
56.5,165.1,-56.5,56.5,162.4,-53.8,53.8,162.4,-53.8,0.,167.8,        2701P   7295
-56.5,0.,167.8,-56.5,0.,165.1,-56.5,0.,162.4,-53.8,0.,162.4,        2701P   7296
-1.5707963267949,1.5707963267949,-3.14159265358979,                 2701P   7297
3.14159265358979;                                                   2701P   7298
128,4,8,2,2,0,1,0,0,1,-1.5707963267949,-1.5707963267949,            2703P   7299
-1.5707963267949,1.55431223447522D-15,1.55431223447522D-15,         2703P   7300
1.5707963267949,1.5707963267949,1.5707963267949,                    2703P   7301
-3.14159265358979,-3.14159265358979,-3.14159265358979,              2703P   7302
-1.5707963267949,-1.5707963267949,0.,0.,1.5707963267949,            2703P   7303
1.5707963267949,3.14159265358979,3.14159265358979,                  2703P   7304
3.14159265358979,1.,0.707106781186538,1.,0.707106781186537,1.,      2703P   7305
0.707106781186548,0.499999999999993,0.707106781186548,              2703P   7306
0.499999999999993,0.707106781186548,1.,0.707106781186538,1.,        2703P   7307
0.707106781186537,1.,0.707106781186548,0.499999999999993,           2703P   7308
0.707106781186548,0.499999999999993,0.707106781186548,1.,           2703P   7309
0.707106781186538,1.,0.707106781186537,1.,0.707106781186548,        2703P   7310
0.499999999999993,0.707106781186548,0.499999999999993,              2703P   7311
0.707106781186548,1.,0.707106781186538,1.,0.707106781186537,1.,     2703P   7312
0.707106781186548,0.499999999999993,0.707106781186548,              2703P   7313
0.499999999999993,0.707106781186548,1.,0.707106781186538,1.,        2703P   7314
0.707106781186537,1.,-53.8,0.,178.,-56.5,0.,178.,-56.5,0.,175.3,    2703P   7315
-56.5,0.,172.6,-53.8,0.,172.6,-53.8,-53.8,178.,-56.5,-56.5,178.,    2703P   7316
-56.5,-56.5,175.3,-56.5,-56.5,172.6,-53.8,-53.8,172.6,0.,-53.8,     2703P   7317
178.,0.,-56.5,178.,0.,-56.5,175.3,0.,-56.5,172.6,0.,-53.8,172.6,    2703P   7318
53.8,-53.8,178.,56.5,-56.5,178.,56.5,-56.5,175.3,56.5,-56.5,        2703P   7319
172.6,53.8,-53.8,172.6,53.8,0.,178.,56.5,0.,178.,56.5,0.,175.3,     2703P   7320
56.5,0.,172.6,53.8,0.,172.6,53.8,53.8,178.,56.5,56.5,178.,56.5,     2703P   7321
56.5,175.3,56.5,56.5,172.6,53.8,53.8,172.6,0.,53.8,178.,0.,56.5,    2703P   7322
178.,0.,56.5,175.3,0.,56.5,172.6,0.,53.8,172.6,-53.8,53.8,178.,     2703P   7323
-56.5,56.5,178.,-56.5,56.5,175.3,-56.5,56.5,172.6,-53.8,53.8,       2703P   7324
172.6,-53.8,0.,178.,-56.5,0.,178.,-56.5,0.,175.3,-56.5,0.,172.6,    2703P   7325
-53.8,0.,172.6,-1.5707963267949,1.5707963267949,                    2703P   7326
-3.14159265358979,3.14159265358979;                                 2703P   7327
128,4,8,2,2,0,1,0,0,1,-1.5707963267949,-1.5707963267949,            2705P   7328
-1.5707963267949,1.55431223447522D-15,1.55431223447522D-15,         2705P   7329
1.5707963267949,1.5707963267949,1.5707963267949,                    2705P   7330
-3.14159265358979,-3.14159265358979,-3.14159265358979,              2705P   7331
-1.5707963267949,-1.5707963267949,0.,0.,1.5707963267949,            2705P   7332
1.5707963267949,3.14159265358979,3.14159265358979,                  2705P   7333
3.14159265358979,1.,0.707106781186538,1.,0.707106781186537,1.,      2705P   7334
0.707106781186548,0.499999999999993,0.707106781186548,              2705P   7335
0.499999999999993,0.707106781186548,1.,0.707106781186538,1.,        2705P   7336
0.707106781186537,1.,0.707106781186548,0.499999999999993,           2705P   7337
0.707106781186548,0.499999999999993,0.707106781186548,1.,           2705P   7338
0.707106781186538,1.,0.707106781186537,1.,0.707106781186548,        2705P   7339
0.499999999999993,0.707106781186548,0.499999999999993,              2705P   7340
0.707106781186548,1.,0.707106781186538,1.,0.707106781186537,1.,     2705P   7341
0.707106781186548,0.499999999999993,0.707106781186548,              2705P   7342
0.499999999999993,0.707106781186548,1.,0.707106781186538,1.,        2705P   7343
0.707106781186537,1.,-53.8,0.,188.2,-56.5,0.,188.2,-56.5,0.,        2705P   7344
185.5,-56.5,0.,182.8,-53.8,0.,182.8,-53.8,-53.8,188.2,-56.5,        2705P   7345
-56.5,188.2,-56.5,-56.5,185.5,-56.5,-56.5,182.8,-53.8,-53.8,        2705P   7346
182.8,0.,-53.8,188.2,0.,-56.5,188.2,0.,-56.5,185.5,0.,-56.5,        2705P   7347
182.8,0.,-53.8,182.8,53.8,-53.8,188.2,56.5,-56.5,188.2,56.5,        2705P   7348
-56.5,185.5,56.5,-56.5,182.8,53.8,-53.8,182.8,53.8,0.,188.2,        2705P   7349
56.5,0.,188.2,56.5,0.,185.5,56.5,0.,182.8,53.8,0.,182.8,53.8,       2705P   7350
53.8,188.2,56.5,56.5,188.2,56.5,56.5,185.5,56.5,56.5,182.8,53.8,    2705P   7351
53.8,182.8,0.,53.8,188.2,0.,56.5,188.2,0.,56.5,185.5,0.,56.5,       2705P   7352
182.8,0.,53.8,182.8,-53.8,53.8,188.2,-56.5,56.5,188.2,-56.5,        2705P   7353
56.5,185.5,-56.5,56.5,182.8,-53.8,53.8,182.8,-53.8,0.,188.2,        2705P   7354
-56.5,0.,188.2,-56.5,0.,185.5,-56.5,0.,182.8,-53.8,0.,182.8,        2705P   7355
-1.5707963267949,1.5707963267949,-3.14159265358979,                 2705P   7356
3.14159265358979;                                                   2705P   7357
128,4,8,2,2,0,1,0,0,1,-1.5707963267949,-1.5707963267949,            2707P   7358
-1.5707963267949,1.55431223447522D-15,1.55431223447522D-15,         2707P   7359
1.5707963267949,1.5707963267949,1.5707963267949,                    2707P   7360
-3.14159265358979,-3.14159265358979,-3.14159265358979,              2707P   7361
-1.5707963267949,-1.5707963267949,0.,0.,1.5707963267949,            2707P   7362
1.5707963267949,3.14159265358979,3.14159265358979,                  2707P   7363
3.14159265358979,1.,0.707106781186538,1.,0.707106781186537,1.,      2707P   7364
0.707106781186548,0.499999999999993,0.707106781186548,              2707P   7365
0.499999999999993,0.707106781186548,1.,0.707106781186538,1.,        2707P   7366
0.707106781186537,1.,0.707106781186548,0.499999999999993,           2707P   7367
0.707106781186548,0.499999999999993,0.707106781186548,1.,           2707P   7368
0.707106781186538,1.,0.707106781186537,1.,0.707106781186548,        2707P   7369
0.499999999999993,0.707106781186548,0.499999999999993,              2707P   7370
0.707106781186548,1.,0.707106781186538,1.,0.707106781186537,1.,     2707P   7371
0.707106781186548,0.499999999999993,0.707106781186548,              2707P   7372
0.499999999999993,0.707106781186548,1.,0.707106781186538,1.,        2707P   7373
0.707106781186537,1.,-53.8,0.,198.4,-56.5,0.,198.4,-56.5,0.,        2707P   7374
195.7,-56.5,0.,193.,-53.8,0.,193.,-53.8,-53.8,198.4,-56.5,-56.5,    2707P   7375
198.4,-56.5,-56.5,195.7,-56.5,-56.5,193.,-53.8,-53.8,193.,0.,       2707P   7376
-53.8,198.4,0.,-56.5,198.4,0.,-56.5,195.7,0.,-56.5,193.,0.,         2707P   7377
-53.8,193.,53.8,-53.8,198.4,56.5,-56.5,198.4,56.5,-56.5,195.7,      2707P   7378
56.5,-56.5,193.,53.8,-53.8,193.,53.8,0.,198.4,56.5,0.,198.4,        2707P   7379
56.5,0.,195.7,56.5,0.,193.,53.8,0.,193.,53.8,53.8,198.4,56.5,       2707P   7380
56.5,198.4,56.5,56.5,195.7,56.5,56.5,193.,53.8,53.8,193.,0.,        2707P   7381
53.8,198.4,0.,56.5,198.4,0.,56.5,195.7,0.,56.5,193.,0.,53.8,        2707P   7382
193.,-53.8,53.8,198.4,-56.5,56.5,198.4,-56.5,56.5,195.7,-56.5,      2707P   7383
56.5,193.,-53.8,53.8,193.,-53.8,0.,198.4,-56.5,0.,198.4,-56.5,      2707P   7384
0.,195.7,-56.5,0.,193.,-53.8,0.,193.,-1.5707963267949,              2707P   7385
1.5707963267949,-3.14159265358979,3.14159265358979;                 2707P   7386
128,4,8,2,2,0,1,0,0,1,-1.5707963267949,-1.5707963267949,            2709P   7387
-1.5707963267949,1.55431223447522D-15,1.55431223447522D-15,         2709P   7388
1.5707963267949,1.5707963267949,1.5707963267949,                    2709P   7389
-3.14159265358979,-3.14159265358979,-3.14159265358979,              2709P   7390
-1.5707963267949,-1.5707963267949,0.,0.,1.5707963267949,            2709P   7391
1.5707963267949,3.14159265358979,3.14159265358979,                  2709P   7392
3.14159265358979,1.,0.707106781186538,1.,0.707106781186537,1.,      2709P   7393
0.707106781186548,0.499999999999993,0.707106781186548,              2709P   7394
0.499999999999993,0.707106781186548,1.,0.707106781186538,1.,        2709P   7395
0.707106781186537,1.,0.707106781186548,0.499999999999993,           2709P   7396
0.707106781186548,0.499999999999993,0.707106781186548,1.,           2709P   7397
0.707106781186538,1.,0.707106781186537,1.,0.707106781186548,        2709P   7398
0.499999999999993,0.707106781186548,0.499999999999993,              2709P   7399
0.707106781186548,1.,0.707106781186538,1.,0.707106781186537,1.,     2709P   7400
0.707106781186548,0.499999999999993,0.707106781186548,              2709P   7401
0.499999999999993,0.707106781186548,1.,0.707106781186538,1.,        2709P   7402
0.707106781186537,1.,-53.8,0.,208.6,-56.5,0.,208.6,-56.5,0.,        2709P   7403
205.9,-56.5,0.,203.2,-53.8,0.,203.2,-53.8,-53.8,208.6,-56.5,        2709P   7404
-56.5,208.6,-56.5,-56.5,205.9,-56.5,-56.5,203.2,-53.8,-53.8,        2709P   7405
203.2,0.,-53.8,208.6,0.,-56.5,208.6,0.,-56.5,205.9,0.,-56.5,        2709P   7406
203.2,0.,-53.8,203.2,53.8,-53.8,208.6,56.5,-56.5,208.6,56.5,        2709P   7407
-56.5,205.9,56.5,-56.5,203.2,53.8,-53.8,203.2,53.8,0.,208.6,        2709P   7408
56.5,0.,208.6,56.5,0.,205.9,56.5,0.,203.2,53.8,0.,203.2,53.8,       2709P   7409
53.8,208.6,56.5,56.5,208.6,56.5,56.5,205.9,56.5,56.5,203.2,53.8,    2709P   7410
53.8,203.2,0.,53.8,208.6,0.,56.5,208.6,0.,56.5,205.9,0.,56.5,       2709P   7411
203.2,0.,53.8,203.2,-53.8,53.8,208.6,-56.5,56.5,208.6,-56.5,        2709P   7412
56.5,205.9,-56.5,56.5,203.2,-53.8,53.8,203.2,-53.8,0.,208.6,        2709P   7413
-56.5,0.,208.6,-56.5,0.,205.9,-56.5,0.,203.2,-53.8,0.,203.2,        2709P   7414
-1.5707963267949,1.5707963267949,-3.14159265358979,                 2709P   7415
3.14159265358979;                                                   2709P   7416
128,4,8,2,2,0,1,0,0,1,-1.5707963267949,-1.5707963267949,            2711P   7417
-1.5707963267949,1.55431223447522D-15,1.55431223447522D-15,         2711P   7418
1.5707963267949,1.5707963267949,1.5707963267949,                    2711P   7419
-3.14159265358979,-3.14159265358979,-3.14159265358979,              2711P   7420
-1.5707963267949,-1.5707963267949,0.,0.,1.5707963267949,            2711P   7421
1.5707963267949,3.14159265358979,3.14159265358979,                  2711P   7422
3.14159265358979,1.,0.707106781186538,1.,0.707106781186537,1.,      2711P   7423
0.707106781186548,0.499999999999993,0.707106781186548,              2711P   7424
0.499999999999993,0.707106781186548,1.,0.707106781186538,1.,        2711P   7425
0.707106781186537,1.,0.707106781186548,0.499999999999993,           2711P   7426
0.707106781186548,0.499999999999993,0.707106781186548,1.,           2711P   7427
0.707106781186538,1.,0.707106781186537,1.,0.707106781186548,        2711P   7428
0.499999999999993,0.707106781186548,0.499999999999993,              2711P   7429
0.707106781186548,1.,0.707106781186538,1.,0.707106781186537,1.,     2711P   7430
0.707106781186548,0.499999999999993,0.707106781186548,              2711P   7431
0.499999999999993,0.707106781186548,1.,0.707106781186538,1.,        2711P   7432
0.707106781186537,1.,-53.8,0.,218.8,-56.5,0.,218.8,-56.5,0.,        2711P   7433
216.1,-56.5,0.,213.4,-53.8,0.,213.4,-53.8,-53.8,218.8,-56.5,        2711P   7434
-56.5,218.8,-56.5,-56.5,216.1,-56.5,-56.5,213.4,-53.8,-53.8,        2711P   7435
213.4,0.,-53.8,218.8,0.,-56.5,218.8,0.,-56.5,216.1,0.,-56.5,        2711P   7436
213.4,0.,-53.8,213.4,53.8,-53.8,218.8,56.5,-56.5,218.8,56.5,        2711P   7437
-56.5,216.1,56.5,-56.5,213.4,53.8,-53.8,213.4,53.8,0.,218.8,        2711P   7438
56.5,0.,218.8,56.5,0.,216.1,56.5,0.,213.4,53.8,0.,213.4,53.8,       2711P   7439
53.8,218.8,56.5,56.5,218.8,56.5,56.5,216.1,56.5,56.5,213.4,53.8,    2711P   7440
53.8,213.4,0.,53.8,218.8,0.,56.5,218.8,0.,56.5,216.1,0.,56.5,       2711P   7441
213.4,0.,53.8,213.4,-53.8,53.8,218.8,-56.5,56.5,218.8,-56.5,        2711P   7442
56.5,216.1,-56.5,56.5,213.4,-53.8,53.8,213.4,-53.8,0.,218.8,        2711P   7443
-56.5,0.,218.8,-56.5,0.,216.1,-56.5,0.,213.4,-53.8,0.,213.4,        2711P   7444
-1.5707963267949,1.5707963267949,-3.14159265358979,                 2711P   7445
3.14159265358979;                                                   2711P   7446
128,1,8,1,2,0,1,0,0,1,-0.0314269680527354,-0.0314269680527354,      2713P   7447
0.0314269680527355,0.0314269680527355,-3.14159265358979,            2713P   7448
-3.14159265358979,-3.14159265358979,-1.5707963267949,               2713P   7449
-1.5707963267949,0.,0.,1.5707963267949,1.5707963267949,             2713P   7450
3.14159265358979,3.14159265358979,3.14159265358979,1.,1.,           2713P   7451
0.707106781186548,0.707106781186548,1.,1.,0.707106781186548,        2713P   7452
0.707106781186548,1.,1.,0.707106781186548,0.707106781186548,1.,     2713P   7453
1.,0.707106781186548,0.707106781186548,1.,1.,-44.,0.,               2713P   7454
1.99999999999999,-46.,0.,-2.35922392732846D-15,-44.,44.,            2713P   7455
1.99999999999999,-46.,46.,-2.35922392732846D-15,0.,44.,             2713P   7456
1.99999999999999,0.,46.,-2.35922392732846D-15,44.,44.,              2713P   7457
1.99999999999999,46.,46.,-2.35922392732846D-15,44.,0.,              2713P   7458
1.99999999999999,46.,0.,-2.35922392732846D-15,44.,-44.,             2713P   7459
1.99999999999999,46.,-46.,-2.35922392732846D-15,0.,-44.,            2713P   7460
1.99999999999999,0.,-46.,-2.35922392732846D-15,-44.,-44.,           2713P   7461
1.99999999999999,-46.,-46.,-2.35922392732846D-15,-44.,0.,           2713P   7462
1.99999999999999,-46.,0.,-2.35922392732846D-15,                     2713P   7463
-0.0314269680527354,0.0314269680527355,-3.14159265358979,           2713P   7464
3.14159265358979;                                                   2713P   7465
128,1,8,1,2,0,1,0,0,1,0.577272727272727,0.577272727272727,          2715P   7466
0.731818181818183,0.731818181818183,-3.14159265358979,              2715P   7467
-3.14159265358979,-3.14159265358979,-1.5707963267949,               2715P   7468
-1.5707963267949,0.,0.,1.5707963267949,1.5707963267949,             2715P   7469
3.14159265358979,3.14159265358979,3.14159265358979,1.,1.,           2715P   7470
0.707106781186548,0.707106781186548,1.,1.,0.707106781186548,        2715P   7471
0.707106781186548,1.,1.,0.707106781186548,0.707106781186548,1.,     2715P   7472
1.,0.707106781186548,0.707106781186548,1.,1.,-44.,0.,224.6,-44.,    2715P   7473
0.,217.8,-44.,44.,224.6,-44.,44.,217.8,0.,44.,224.6,0.,44.,         2715P   7474
217.8,44.,44.,224.6,44.,44.,217.8,44.,0.,224.6,44.,0.,217.8,44.,    2715P   7475
-44.,224.6,44.,-44.,217.8,0.,-44.,224.6,0.,-44.,217.8,-44.,-44.,    2715P   7476
224.6,-44.,-44.,217.8,-44.,0.,224.6,-44.,0.,217.8,                  2715P   7477
0.577272727272727,0.731818181818183,-3.14159265358979,              2715P   7478
3.14159265358979;                                                   2715P   7479
128,1,1,1,1,0,0,1,0,0,-10.001,-10.001,10.001,10.001,-10.001,        2717P   7480
-10.001,10.001,10.001,1.,1.,1.,1.,100.01,-100.01,0.,-100.01,        2717P   7481
-100.01,0.,100.01,100.01,0.,-100.01,100.01,0.,-10.001,10.001,       2717P   7482
-10.001,10.001;                                                     2717P   7483
128,1,8,1,2,0,1,0,0,1,-0.0314269680527351,-0.0314269680527351,      2719P   7484
0.0314269680527358,0.0314269680527358,-3.14159265358979,            2719P   7485
-3.14159265358979,-3.14159265358979,-1.5707963267949,               2719P   7486
-1.5707963267949,0.,0.,1.5707963267949,1.5707963267949,             2719P   7487
3.14159265358979,3.14159265358979,3.14159265358979,1.,1.,           2719P   7488
0.707106781186548,0.707106781186548,1.,1.,0.707106781186548,        2719P   7489
0.707106781186548,1.,1.,0.707106781186548,0.707106781186548,1.,     2719P   7490
1.,0.707106781186548,0.707106781186548,1.,1.,44.,0.,248.,46.,0.,    2719P   7491
250.,44.,44.,248.,46.,46.,250.,0.,44.,248.,0.,46.,250.,-44.,44.,    2719P   7492
248.,-46.,46.,250.,-44.,0.,248.,-46.,0.,250.,-44.,-44.,248.,        2719P   7493
-46.,-46.,250.,0.,-44.,248.,0.,-46.,250.,44.,-44.,248.,46.,-46.,    2719P   7494
250.,44.,0.,248.,46.,0.,250.,-0.0314269680527351,                   2719P   7495
0.0314269680527358,-3.14159265358979,3.14159265358979;              2719P   7496
128,1,8,1,2,0,1,0,0,1,0.0454545454545453,0.0454545454545453,        2721P   7497
0.500000000000001,0.500000000000001,-3.14159265358979,              2721P   7498
-3.14159265358979,-3.14159265358979,-1.5707963267949,               2721P   7499
-1.5707963267949,0.,0.,1.5707963267949,1.5707963267949,             2721P   7500
3.14159265358979,3.14159265358979,3.14159265358979,1.,1.,           2721P   7501
0.707106781186548,0.707106781186548,1.,1.,0.707106781186548,        2721P   7502
0.707106781186548,1.,1.,0.707106781186548,0.707106781186548,1.,     2721P   7503
1.,0.707106781186548,0.707106781186548,1.,1.,-44.,0.,248.,-44.,     2721P   7504
0.,228.,-44.,44.,248.,-44.,44.,228.,0.,44.,248.,0.,44.,228.,44.,    2721P   7505
44.,248.,44.,44.,228.,44.,0.,248.,44.,0.,228.,44.,-44.,248.,44.,    2721P   7506
-44.,228.,0.,-44.,248.,0.,-44.,228.,-44.,-44.,248.,-44.,-44.,       2721P   7507
228.,-44.,0.,248.,-44.,0.,228.,0.0454545454545453,                  2721P   7508
0.500000000000001,-3.14159265358979,3.14159265358979;               2721P   7509
128,1,1,1,1,0,0,1,0,0,-10.001,-10.001,10.001,10.001,-10.001,        2723P   7510
-10.001,10.001,10.001,1.,1.,1.,1.,-100.01,-100.01,250.,100.01,      2723P   7511
-100.01,250.,-100.01,100.01,250.,100.01,100.01,250.,-10.001,        2723P   7512
10.001,-10.001,10.001;                                              2723P   7513
128,2,8,2,2,0,1,0,0,1,-3.14159265358979,-3.14159265358979,          2725P   7514
-3.14159265358979,-1.57079632679489,-1.57079632679489,              2725P   7515
-1.57079632679489,-3.14159265358979,-3.14159265358979,              2725P   7516
-3.14159265358979,-1.5707963267949,-1.5707963267949,0.,0.,          2725P   7517
1.5707963267949,1.5707963267949,3.14159265358979,                   2725P   7518
3.14159265358979,3.14159265358979,1.,0.707106781186517,1.,          2725P   7519
0.707106781186548,0.499999999999979,0.707106781186548,1.,           2725P   7520
0.707106781186517,1.,0.707106781186548,0.499999999999979,           2725P   7521
0.707106781186548,1.,0.707106781186517,1.,0.707106781186548,        2725P   7522
0.499999999999979,0.707106781186548,1.,0.707106781186517,1.,        2725P   7523
0.707106781186548,0.499999999999979,0.707106781186548,1.,           2725P   7524
0.707106781186517,1.,-44.25,0.,230.,-44.25,0.,229.,-45.25,0.,       2725P   7525
229.,-44.25,-44.25,230.,-44.25,-44.25,229.,-45.25,-45.25,229.,      2725P   7526
0.,-44.25,230.,0.,-44.25,229.,0.,-45.25,229.,44.25,-44.25,230.,     2725P   7527
44.25,-44.25,229.,45.25,-45.25,229.,44.25,0.,230.,44.25,0.,229.,    2725P   7528
45.25,0.,229.,44.25,44.25,230.,44.25,44.25,229.,45.25,45.25,        2725P   7529
229.,0.,44.25,230.,0.,44.25,229.,0.,45.25,229.,-44.25,44.25,        2725P   7530
230.,-44.25,44.25,229.,-45.25,45.25,229.,-44.25,0.,230.,-44.25,     2725P   7531
0.,229.,-45.25,0.,229.,-3.14159265358979,-1.57079632679489,         2725P   7532
-3.14159265358979,3.14159265358979;                                 2725P   7533
128,1,8,1,2,0,1,0,0,1,4.83615819209039,4.83615819209039,            2727P   7534
4.92655367231638,4.92655367231638,-3.14159265358979,                2727P   7535
-3.14159265358979,-3.14159265358979,-1.5707963267949,               2727P   7536
-1.5707963267949,0.,0.,1.5707963267949,1.5707963267949,             2727P   7537
3.14159265358979,3.14159265358979,3.14159265358979,1.,1.,           2727P   7538
0.707106781186548,0.707106781186548,1.,1.,0.707106781186548,        2727P   7539
0.707106781186548,1.,1.,0.707106781186548,0.707106781186548,1.,     2727P   7540
1.,0.707106781186548,0.707106781186548,1.,1.,-44.25,0.,234.,        2727P   7541
-44.25,0.,230.,-44.25,-44.25,234.,-44.25,-44.25,230.,0.,-44.25,     2727P   7542
234.,0.,-44.25,230.,44.25,-44.25,234.,44.25,-44.25,230.,44.25,      2727P   7543
0.,234.,44.25,0.,230.,44.25,44.25,234.,44.25,44.25,230.,0.,         2727P   7544
44.25,234.,0.,44.25,230.,-44.25,44.25,234.,-44.25,44.25,230.,       2727P   7545
-44.25,0.,234.,-44.25,0.,230.,4.83615819209039,4.92655367231638,    2727P   7546
-3.14159265358979,3.14159265358979;                                 2727P   7547
128,1,1,1,1,0,0,1,0,0,-5.381,-5.381,5.381,5.381,-9.806,-9.806,      2729P   7548
0.955999999999999,0.955999999999999,1.,1.,1.,1.,-53.81,-53.81,      2729P   7549
229.,53.81,-53.81,229.,-53.81,53.81,229.,53.81,53.81,229.,          2729P   7550
-5.381,5.381,-9.806,0.955999999999999;                              2729P   7551
128,2,8,2,2,0,1,0,0,1,1.57079632679489,1.57079632679489,            2731P   7552
1.57079632679489,3.14159265358979,3.14159265358979,                 2731P   7553
3.14159265358979,-3.14159265358979,-3.14159265358979,               2731P   7554
-3.14159265358979,-1.5707963267949,-1.5707963267949,0.,0.,          2731P   7555
1.5707963267949,1.5707963267949,3.14159265358979,                   2731P   7556
3.14159265358979,3.14159265358979,1.,0.707106781186525,1.,          2731P   7557
0.707106781186548,0.499999999999984,0.707106781186548,1.,           2731P   7558
0.707106781186525,1.,0.707106781186548,0.499999999999984,           2731P   7559
0.707106781186548,1.,0.707106781186525,1.,0.707106781186548,        2731P   7560
0.499999999999984,0.707106781186548,1.,0.707106781186525,1.,        2731P   7561
0.707106781186548,0.499999999999984,0.707106781186548,1.,           2731P   7562
0.707106781186525,1.,-45.25,0.,223.6,-44.25,0.,223.6,-44.25,0.,     2731P   7563
222.6,-45.25,-45.25,223.6,-44.25,-44.25,223.6,-44.25,-44.25,        2731P   7564
222.6,0.,-45.25,223.6,0.,-44.25,223.6,0.,-44.25,222.6,45.25,        2731P   7565
-45.25,223.6,44.25,-44.25,223.6,44.25,-44.25,222.6,45.25,0.,        2731P   7566
223.6,44.25,0.,223.6,44.25,0.,222.6,45.25,45.25,223.6,44.25,        2731P   7567
44.25,223.6,44.25,44.25,222.6,0.,45.25,223.6,0.,44.25,223.6,0.,     2731P   7568
44.25,222.6,-45.25,45.25,223.6,-44.25,44.25,223.6,-44.25,44.25,     2731P   7569
222.6,-45.25,0.,223.6,-44.25,0.,223.6,-44.25,0.,222.6,              2731P   7570
1.57079632679489,3.14159265358979,-3.14159265358979,                2731P   7571
3.14159265358979;                                                   2731P   7572
128,1,1,1,1,0,0,1,0,0,-5.381,-5.381,5.381,5.381,-10.761,-10.761,    2733P   7573
0.00100000000000009,0.00100000000000009,1.,1.,1.,1.,53.81,          2733P   7574
-53.81,223.6,-53.81,-53.81,223.6,53.81,53.81,223.6,-53.81,53.81,    2733P   7575
223.6,-5.381,5.381,-10.761,0.00100000000000009;                     2733P   7576
128,1,8,1,2,0,1,0,0,1,-50.3322295684717,-50.3322295684717,          2735P   7577
-48.1988962351383,-48.1988962351383,-3.14159265358979,              2735P   7578
-3.14159265358979,-3.14159265358979,-1.5707963267949,               2735P   7579
-1.5707963267949,0.,0.,1.5707963267949,1.5707963267949,             2735P   7580
3.14159265358979,3.14159265358979,3.14159265358979,1.,1.,           2735P   7581
0.707106781186548,0.707106781186548,1.,1.,0.707106781186548,        2735P   7582
0.707106781186548,1.,1.,0.707106781186548,0.707106781186548,1.,     2735P   7583
1.,0.707106781186548,0.707106781186548,1.,1.,56.9220958855171,      2735P   7584
46.3154941677189,16.,56.9220958855171,46.3154941677189,0.,          2735P   7585
51.618795026618,41.0121933088198,16.,51.618795026618,               2735P   7586
41.0121933088198,0.,46.3154941677189,46.3154941677189,16.,          2735P   7587
46.3154941677189,46.3154941677189,0.,41.0121933088198,              2735P   7588
51.618795026618,16.,41.0121933088198,51.618795026618,0.,            2735P   7589
46.3154941677189,56.9220958855171,16.,46.3154941677189,             2735P   7590
56.9220958855171,0.,51.618795026618,62.2253967444162,16.,           2735P   7591
51.618795026618,62.2253967444162,0.,56.9220958855171,               2735P   7592
56.9220958855171,16.,56.9220958855171,56.9220958855171,0.,          2735P   7593
62.2253967444162,51.618795026618,16.,62.2253967444162,              2735P   7594
51.618795026618,0.,56.9220958855171,46.3154941677189,16.,           2735P   7595
56.9220958855171,46.3154941677189,0.,-50.3322295684717,             2735P   7596
-48.1988962351383,-3.14159265358979,3.14159265358979;               2735P   7597
128,1,8,1,2,0,1,0,0,1,-19.1322295684717,-19.1322295684717,          2737P   7598
-16.9988962351383,-16.9988962351383,-3.14159265358979,              2737P   7599
-3.14159265358979,-3.14159265358979,-1.5707963267949,               2737P   7600
-1.5707963267949,0.,0.,1.5707963267949,1.5707963267949,             2737P   7601
3.14159265358979,3.14159265358979,3.14159265358979,1.,1.,           2737P   7602
0.707106781186548,0.707106781186548,1.,1.,0.707106781186548,        2737P   7603
0.707106781186548,1.,1.,0.707106781186548,0.707106781186548,1.,     2737P   7604
1.,0.707106781186548,0.707106781186548,1.,1.,56.9220958855171,      2737P   7605
46.3154941677189,250.,56.9220958855171,46.3154941677189,234.,       2737P   7606
51.618795026618,41.0121933088198,250.,51.618795026618,              2737P   7607
41.0121933088198,234.,46.3154941677189,46.3154941677189,250.,       2737P   7608
46.3154941677189,46.3154941677189,234.,41.0121933088198,            2737P   7609
51.618795026618,250.,41.0121933088198,51.618795026618,234.,         2737P   7610
46.3154941677189,56.9220958855171,250.,46.3154941677189,            2737P   7611
56.9220958855171,234.,51.618795026618,62.2253967444162,250.,        2737P   7612
51.618795026618,62.2253967444162,234.,56.9220958855171,             2737P   7613
56.9220958855171,250.,56.9220958855171,56.9220958855171,234.,       2737P   7614
62.2253967444162,51.618795026618,250.,62.2253967444162,             2737P   7615
51.618795026618,234.,56.9220958855171,46.3154941677189,250.,        2737P   7616
56.9220958855171,46.3154941677189,234.,-19.1322295684717,           2737P   7617
-16.9988962351383,-3.14159265358979,3.14159265358979;               2737P   7618
128,1,8,1,2,0,1,0,0,1,-50.3322295684717,-50.3322295684717,          2739P   7619
-48.1988962351383,-48.1988962351383,-3.14159265358979,              2739P   7620
-3.14159265358979,-3.14159265358979,-1.5707963267949,               2739P   7621
-1.5707963267949,0.,0.,1.5707963267949,1.5707963267949,             2739P   7622
3.14159265358979,3.14159265358979,3.14159265358979,1.,1.,           2739P   7623
0.707106781186548,0.707106781186548,1.,1.,0.707106781186548,        2739P   7624
0.707106781186548,1.,1.,0.707106781186548,0.707106781186548,1.,     2739P   7625
1.,0.707106781186548,0.707106781186548,1.,1.,73.,-7.5,16.,73.,      2739P   7626
-7.5,0.,65.5,-7.5,16.,65.5,-7.5,0.,65.5,-4.44089209850063D-15,      2739P   7627
16.,65.5,-4.44089209850063D-15,0.,65.5,7.49999999999999,16.,        2739P   7628
65.5,7.49999999999999,0.,73.,7.5,16.,73.,7.5,0.,80.5,               2739P   7629
7.49999999999999,16.,80.5,7.49999999999999,0.,80.5,                 2739P   7630
-4.44089209850063D-15,16.,80.5,-4.44089209850063D-15,0.,80.5,       2739P   7631
-7.5,16.,80.5,-7.5,0.,73.,-7.5,16.,73.,-7.5,0.,                     2739P   7632
-50.3322295684717,-48.1988962351383,-3.14159265358979,              2739P   7633
3.14159265358979;                                                   2739P   7634
128,1,8,1,2,0,1,0,0,1,-19.1322295684717,-19.1322295684717,          2741P   7635
-16.9988962351383,-16.9988962351383,-3.14159265358979,              2741P   7636
-3.14159265358979,-3.14159265358979,-1.5707963267949,               2741P   7637
-1.5707963267949,0.,0.,1.5707963267949,1.5707963267949,             2741P   7638
3.14159265358979,3.14159265358979,3.14159265358979,1.,1.,           2741P   7639
0.707106781186548,0.707106781186548,1.,1.,0.707106781186548,        2741P   7640
0.707106781186548,1.,1.,0.707106781186548,0.707106781186548,1.,     2741P   7641
1.,0.707106781186548,0.707106781186548,1.,1.,73.,-7.5,250.,73.,     2741P   7642
-7.5,234.,65.5,-7.5,250.,65.5,-7.5,234.,65.5,                       2741P   7643
-4.44089209850063D-15,250.,65.5,-4.44089209850063D-15,234.,65.5,    2741P   7644
7.49999999999999,250.,65.5,7.49999999999999,234.,73.,7.5,250.,      2741P   7645
73.,7.5,234.,80.5,7.49999999999999,250.,80.5,7.49999999999999,      2741P   7646
234.,80.5,-4.44089209850063D-15,250.,80.5,-4.44089209850063D-15,    2741P   7647
234.,80.5,-7.5,250.,80.5,-7.5,234.,73.,-7.5,250.,73.,-7.5,234.,     2741P   7648
-19.1322295684717,-16.9988962351383,-3.14159265358979,              2741P   7649
3.14159265358979;                                                   2741P   7650
128,1,8,1,2,0,1,0,0,1,-50.3322295684717,-50.3322295684717,          2743P   7651
-48.1988962351383,-48.1988962351383,-3.14159265358979,              2743P   7652
-3.14159265358979,-3.14159265358979,-1.5707963267949,               2743P   7653
-1.5707963267949,0.,0.,1.5707963267949,1.5707963267949,             2743P   7654
3.14159265358979,3.14159265358979,3.14159265358979,1.,1.,           2743P   7655
0.707106781186548,0.707106781186548,1.,1.,0.707106781186548,        2743P   7656
0.707106781186548,1.,1.,0.707106781186548,0.707106781186548,1.,     2743P   7657
1.,0.707106781186548,0.707106781186548,1.,1.,46.3154941677189,      2743P   7658
-56.9220958855171,16.,46.3154941677189,-56.9220958855171,0.,        2743P   7659
41.0121933088198,-51.618795026618,16.,41.0121933088198,             2743P   7660
-51.618795026618,0.,46.3154941677189,-46.3154941677189,16.,         2743P   7661
46.3154941677189,-46.3154941677189,0.,51.618795026618,              2743P   7662
-41.0121933088198,16.,51.618795026618,-41.0121933088198,0.,         2743P   7663
56.9220958855171,-46.3154941677189,16.,56.9220958855171,            2743P   7664
-46.3154941677189,0.,62.2253967444162,-51.618795026618,16.,         2743P   7665
62.2253967444162,-51.618795026618,0.,56.9220958855171,              2743P   7666
-56.9220958855171,16.,56.9220958855171,-56.9220958855171,0.,        2743P   7667
51.618795026618,-62.2253967444162,16.,51.618795026618,              2743P   7668
-62.2253967444162,0.,46.3154941677189,-56.9220958855171,16.,        2743P   7669
46.3154941677189,-56.9220958855171,0.,-50.3322295684717,            2743P   7670
-48.1988962351383,-3.14159265358979,3.14159265358979;               2743P   7671
128,1,8,1,2,0,1,0,0,1,-19.1322295684717,-19.1322295684717,          2745P   7672
-16.9988962351383,-16.9988962351383,-3.14159265358979,              2745P   7673
-3.14159265358979,-3.14159265358979,-1.5707963267949,               2745P   7674
-1.5707963267949,0.,0.,1.5707963267949,1.5707963267949,             2745P   7675
3.14159265358979,3.14159265358979,3.14159265358979,1.,1.,           2745P   7676
0.707106781186548,0.707106781186548,1.,1.,0.707106781186548,        2745P   7677
0.707106781186548,1.,1.,0.707106781186548,0.707106781186548,1.,     2745P   7678
1.,0.707106781186548,0.707106781186548,1.,1.,46.3154941677189,      2745P   7679
-56.9220958855171,250.,46.3154941677189,-56.9220958855171,234.,     2745P   7680
41.0121933088198,-51.618795026618,250.,41.0121933088198,            2745P   7681
-51.618795026618,234.,46.3154941677189,-46.3154941677189,250.,      2745P   7682
46.3154941677189,-46.3154941677189,234.,51.618795026618,            2745P   7683
-41.0121933088198,250.,51.618795026618,-41.0121933088198,234.,      2745P   7684
56.9220958855171,-46.3154941677189,250.,56.9220958855171,           2745P   7685
-46.3154941677189,234.,62.2253967444162,-51.618795026618,250.,      2745P   7686
62.2253967444162,-51.618795026618,234.,56.9220958855171,            2745P   7687
-56.9220958855171,250.,56.9220958855171,-56.9220958855171,234.,     2745P   7688
51.618795026618,-62.2253967444162,250.,51.618795026618,             2745P   7689
-62.2253967444162,234.,46.3154941677189,-56.9220958855171,250.,     2745P   7690
46.3154941677189,-56.9220958855171,234.,-19.1322295684717,          2745P   7691
-16.9988962351383,-3.14159265358979,3.14159265358979;               2745P   7692
128,1,8,1,2,0,1,0,0,1,-50.3322295684717,-50.3322295684717,          2747P   7693
-48.1988962351383,-48.1988962351383,-3.14159265358979,              2747P   7694
-3.14159265358979,-3.14159265358979,-1.5707963267949,               2747P   7695
-1.5707963267949,0.,0.,1.5707963267949,1.5707963267949,             2747P   7696
3.14159265358979,3.14159265358979,3.14159265358979,1.,1.,           2747P   7697
0.707106781186548,0.707106781186548,1.,1.,0.707106781186548,        2747P   7698
0.707106781186548,1.,1.,0.707106781186548,0.707106781186548,1.,     2747P   7699
1.,0.707106781186548,0.707106781186548,1.,1.,-7.5,-73.,16.,-7.5,    2747P   7700
-73.,0.,-7.5,-65.5,16.,-7.5,-65.5,0.,-4.44089209850063D-15,         2747P   7701
-65.5,16.,-4.44089209850063D-15,-65.5,0.,7.49999999999999,-65.5,    2747P   7702
16.,7.49999999999999,-65.5,0.,7.5,-73.,16.,7.5,-73.,0.,             2747P   7703
7.49999999999999,-80.5,16.,7.49999999999999,-80.5,0.,               2747P   7704
-4.44089209850063D-15,-80.5,16.,-4.44089209850063D-15,-80.5,0.,     2747P   7705
-7.5,-80.5,16.,-7.5,-80.5,0.,-7.5,-73.,16.,-7.5,-73.,0.,            2747P   7706
-50.3322295684717,-48.1988962351383,-3.14159265358979,              2747P   7707
3.14159265358979;                                                   2747P   7708
128,1,8,1,2,0,1,0,0,1,-19.1322295684717,-19.1322295684717,          2749P   7709
-16.9988962351383,-16.9988962351383,-3.14159265358979,              2749P   7710
-3.14159265358979,-3.14159265358979,-1.5707963267949,               2749P   7711
-1.5707963267949,0.,0.,1.5707963267949,1.5707963267949,             2749P   7712
3.14159265358979,3.14159265358979,3.14159265358979,1.,1.,           2749P   7713
0.707106781186548,0.707106781186548,1.,1.,0.707106781186548,        2749P   7714
0.707106781186548,1.,1.,0.707106781186548,0.707106781186548,1.,     2749P   7715
1.,0.707106781186548,0.707106781186548,1.,1.,-7.5,-73.,250.,        2749P   7716
-7.5,-73.,234.,-7.5,-65.5,250.,-7.5,-65.5,234.,                     2749P   7717
-4.44089209850063D-15,-65.5,250.,-4.44089209850063D-15,-65.5,       2749P   7718
234.,7.49999999999999,-65.5,250.,7.49999999999999,-65.5,234.,       2749P   7719
7.5,-73.,250.,7.5,-73.,234.,7.49999999999999,-80.5,250.,            2749P   7720
7.49999999999999,-80.5,234.,-4.44089209850063D-15,-80.5,250.,       2749P   7721
-4.44089209850063D-15,-80.5,234.,-7.5,-80.5,250.,-7.5,-80.5,        2749P   7722
234.,-7.5,-73.,250.,-7.5,-73.,234.,-19.1322295684717,               2749P   7723
-16.9988962351383,-3.14159265358979,3.14159265358979;               2749P   7724
128,1,8,1,2,0,1,0,0,1,-50.3322295684717,-50.3322295684717,          2751P   7725
-48.1988962351383,-48.1988962351383,-3.14159265358979,              2751P   7726
-3.14159265358979,-3.14159265358979,-1.5707963267949,               2751P   7727
-1.5707963267949,0.,0.,1.5707963267949,1.5707963267949,             2751P   7728
3.14159265358979,3.14159265358979,3.14159265358979,1.,1.,           2751P   7729
0.707106781186548,0.707106781186548,1.,1.,0.707106781186548,        2751P   7730
0.707106781186548,1.,1.,0.707106781186548,0.707106781186548,1.,     2751P   7731
1.,0.707106781186548,0.707106781186548,1.,1.,-56.9220958855171,     2751P   7732
-46.3154941677189,16.,-56.9220958855171,-46.3154941677189,0.,       2751P   7733
-51.618795026618,-41.0121933088198,16.,-51.618795026618,            2751P   7734
-41.0121933088198,0.,-46.3154941677189,-46.3154941677189,16.,       2751P   7735
-46.3154941677189,-46.3154941677189,0.,-41.0121933088198,           2751P   7736
-51.618795026618,16.,-41.0121933088198,-51.618795026618,0.,         2751P   7737
-46.3154941677189,-56.9220958855171,16.,-46.3154941677189,          2751P   7738
-56.9220958855171,0.,-51.618795026618,-62.2253967444162,16.,        2751P   7739
-51.618795026618,-62.2253967444162,0.,-56.9220958855171,            2751P   7740
-56.9220958855171,16.,-56.9220958855171,-56.9220958855171,0.,       2751P   7741
-62.2253967444162,-51.618795026618,16.,-62.2253967444162,           2751P   7742
-51.618795026618,0.,-56.9220958855171,-46.3154941677189,16.,        2751P   7743
-56.9220958855171,-46.3154941677189,0.,-50.3322295684717,           2751P   7744
-48.1988962351383,-3.14159265358979,3.14159265358979;               2751P   7745
128,1,8,1,2,0,1,0,0,1,-19.1322295684717,-19.1322295684717,          2753P   7746
-16.9988962351383,-16.9988962351383,-3.14159265358979,              2753P   7747
-3.14159265358979,-3.14159265358979,-1.5707963267949,               2753P   7748
-1.5707963267949,0.,0.,1.5707963267949,1.5707963267949,             2753P   7749
3.14159265358979,3.14159265358979,3.14159265358979,1.,1.,           2753P   7750
0.707106781186548,0.707106781186548,1.,1.,0.707106781186548,        2753P   7751
0.707106781186548,1.,1.,0.707106781186548,0.707106781186548,1.,     2753P   7752
1.,0.707106781186548,0.707106781186548,1.,1.,-56.9220958855171,     2753P   7753
-46.3154941677189,250.,-56.9220958855171,-46.3154941677189,234.,    2753P   7754
-51.618795026618,-41.0121933088198,250.,-51.618795026618,           2753P   7755
-41.0121933088198,234.,-46.3154941677189,-46.3154941677189,250.,    2753P   7756
-46.3154941677189,-46.3154941677189,234.,-41.0121933088198,         2753P   7757
-51.618795026618,250.,-41.0121933088198,-51.618795026618,234.,      2753P   7758
-46.3154941677189,-56.9220958855171,250.,-46.3154941677189,         2753P   7759
-56.9220958855171,234.,-51.618795026618,-62.2253967444162,250.,     2753P   7760
-51.618795026618,-62.2253967444162,234.,-56.9220958855171,          2753P   7761
-56.9220958855171,250.,-56.9220958855171,-56.9220958855171,234.,    2753P   7762
-62.2253967444162,-51.618795026618,250.,-62.2253967444162,          2753P   7763
-51.618795026618,234.,-56.9220958855171,-46.3154941677189,250.,     2753P   7764
-56.9220958855171,-46.3154941677189,234.,-19.1322295684717,         2753P   7765
-16.9988962351383,-3.14159265358979,3.14159265358979;               2753P   7766
128,1,8,1,2,0,1,0,0,1,-50.3322295684717,-50.3322295684717,          2755P   7767
-48.1988962351383,-48.1988962351383,-3.14159265358979,              2755P   7768
-3.14159265358979,-3.14159265358979,-1.5707963267949,               2755P   7769
-1.5707963267949,0.,0.,1.5707963267949,1.5707963267949,             2755P   7770
3.14159265358979,3.14159265358979,3.14159265358979,1.,1.,           2755P   7771
0.707106781186548,0.707106781186548,1.,1.,0.707106781186548,        2755P   7772
0.707106781186548,1.,1.,0.707106781186548,0.707106781186548,1.,     2755P   7773
1.,0.707106781186548,0.707106781186548,1.,1.,-73.,7.5,16.,-73.,     2755P   7774
7.5,0.,-65.5,7.5,16.,-65.5,7.5,0.,-65.5,0.,16.,-65.5,0.,0.,         2755P   7775
-65.5,-7.5,16.,-65.5,-7.5,0.,-73.,-7.5,16.,-73.,-7.5,0.,-80.5,      2755P   7776
-7.5,16.,-80.5,-7.5,0.,-80.5,0.,16.,-80.5,0.,0.,-80.5,7.5,16.,      2755P   7777
-80.5,7.5,0.,-73.,7.5,16.,-73.,7.5,0.,-50.3322295684717,            2755P   7778
-48.1988962351383,-3.14159265358979,3.14159265358979;               2755P   7779
128,1,8,1,2,0,1,0,0,1,-19.1322295684717,-19.1322295684717,          2757P   7780
-16.9988962351383,-16.9988962351383,-3.14159265358979,              2757P   7781
-3.14159265358979,-3.14159265358979,-1.5707963267949,               2757P   7782
-1.5707963267949,0.,0.,1.5707963267949,1.5707963267949,             2757P   7783
3.14159265358979,3.14159265358979,3.14159265358979,1.,1.,           2757P   7784
0.707106781186548,0.707106781186548,1.,1.,0.707106781186548,        2757P   7785
0.707106781186548,1.,1.,0.707106781186548,0.707106781186548,1.,     2757P   7786
1.,0.707106781186548,0.707106781186548,1.,1.,-73.,7.5,250.,-73.,    2757P   7787
7.5,234.,-65.5,7.5,250.,-65.5,7.5,234.,-65.5,0.,250.,-65.5,0.,      2757P   7788
234.,-65.5,-7.5,250.,-65.5,-7.5,234.,-73.,-7.5,250.,-73.,-7.5,      2757P   7789
234.,-80.5,-7.5,250.,-80.5,-7.5,234.,-80.5,0.,250.,-80.5,0.,        2757P   7790
234.,-80.5,7.5,250.,-80.5,7.5,234.,-73.,7.5,250.,-73.,7.5,234.,     2757P   7791
-19.1322295684717,-16.9988962351383,-3.14159265358979,              2757P   7792
3.14159265358979;                                                   2757P   7793
128,1,8,1,2,0,1,0,0,1,-50.3322295684717,-50.3322295684717,          2759P   7794
-48.1988962351383,-48.1988962351383,-3.14159265358979,              2759P   7795
-3.14159265358979,-3.14159265358979,-1.5707963267949,               2759P   7796
-1.5707963267949,0.,0.,1.5707963267949,1.5707963267949,             2759P   7797
3.14159265358979,3.14159265358979,3.14159265358979,1.,1.,           2759P   7798
0.707106781186548,0.707106781186548,1.,1.,0.707106781186548,        2759P   7799
0.707106781186548,1.,1.,0.707106781186548,0.707106781186548,1.,     2759P   7800
1.,0.707106781186548,0.707106781186548,1.,1.,-46.3154941677189,     2759P   7801
56.9220958855171,16.,-46.3154941677189,56.9220958855171,0.,         2759P   7802
-41.0121933088198,51.618795026618,16.,-41.0121933088198,            2759P   7803
51.618795026618,0.,-46.3154941677189,46.3154941677189,16.,          2759P   7804
-46.3154941677189,46.3154941677189,0.,-51.618795026618,             2759P   7805
41.0121933088198,16.,-51.618795026618,41.0121933088198,0.,          2759P   7806
-56.9220958855171,46.3154941677189,16.,-56.9220958855171,           2759P   7807
46.3154941677189,0.,-62.2253967444162,51.618795026618,16.,          2759P   7808
-62.2253967444162,51.618795026618,0.,-56.9220958855171,             2759P   7809
56.9220958855171,16.,-56.9220958855171,56.9220958855171,0.,         2759P   7810
-51.618795026618,62.2253967444162,16.,-51.618795026618,             2759P   7811
62.2253967444162,0.,-46.3154941677189,56.9220958855171,16.,         2759P   7812
-46.3154941677189,56.9220958855171,0.,-50.3322295684717,            2759P   7813
-48.1988962351383,-3.14159265358979,3.14159265358979;               2759P   7814
128,1,8,1,2,0,1,0,0,1,-19.1322295684717,-19.1322295684717,          2761P   7815
-16.9988962351383,-16.9988962351383,-3.14159265358979,              2761P   7816
-3.14159265358979,-3.14159265358979,-1.5707963267949,               2761P   7817
-1.5707963267949,0.,0.,1.5707963267949,1.5707963267949,             2761P   7818
3.14159265358979,3.14159265358979,3.14159265358979,1.,1.,           2761P   7819
0.707106781186548,0.707106781186548,1.,1.,0.707106781186548,        2761P   7820
0.707106781186548,1.,1.,0.707106781186548,0.707106781186548,1.,     2761P   7821
1.,0.707106781186548,0.707106781186548,1.,1.,-46.3154941677189,     2761P   7822
56.9220958855171,250.,-46.3154941677189,56.9220958855171,234.,      2761P   7823
-41.0121933088198,51.618795026618,250.,-41.0121933088198,           2761P   7824
51.618795026618,234.,-46.3154941677189,46.3154941677189,250.,       2761P   7825
-46.3154941677189,46.3154941677189,234.,-51.618795026618,           2761P   7826
41.0121933088198,250.,-51.618795026618,41.0121933088198,234.,       2761P   7827
-56.9220958855171,46.3154941677189,250.,-56.9220958855171,          2761P   7828
46.3154941677189,234.,-62.2253967444162,51.618795026618,250.,       2761P   7829
-62.2253967444162,51.618795026618,234.,-56.9220958855171,           2761P   7830
56.9220958855171,250.,-56.9220958855171,56.9220958855171,234.,      2761P   7831
-51.618795026618,62.2253967444162,250.,-51.618795026618,            2761P   7832
62.2253967444162,234.,-46.3154941677189,56.9220958855171,250.,      2761P   7833
-46.3154941677189,56.9220958855171,234.,-19.1322295684717,          2761P   7834
-16.9988962351383,-3.14159265358979,3.14159265358979;               2761P   7835
128,1,8,1,2,0,1,0,0,1,-50.3322295684717,-50.3322295684717,          2763P   7836
-48.1988962351383,-48.1988962351383,-3.14159265358979,              2763P   7837
-3.14159265358979,-3.14159265358979,-1.5707963267949,               2763P   7838
-1.5707963267949,0.,0.,1.5707963267949,1.5707963267949,             2763P   7839
3.14159265358979,3.14159265358979,3.14159265358979,1.,1.,           2763P   7840
0.707106781186548,0.707106781186548,1.,1.,0.707106781186548,        2763P   7841
0.707106781186548,1.,1.,0.707106781186548,0.707106781186548,1.,     2763P   7842
1.,0.707106781186548,0.707106781186548,1.,1.,7.5,73.,16.,7.5,       2763P   7843
73.,0.,7.5,65.5,16.,7.5,65.5,0.,0.,65.5,16.,0.,65.5,0.,-7.5,        2763P   7844
65.5,16.,-7.5,65.5,0.,-7.5,73.,16.,-7.5,73.,0.,-7.5,80.5,16.,       2763P   7845
-7.5,80.5,0.,0.,80.5,16.,0.,80.5,0.,7.5,80.5,16.,7.5,80.5,0.,       2763P   7846
7.5,73.,16.,7.5,73.,0.,-50.3322295684717,-48.1988962351383,         2763P   7847
-3.14159265358979,3.14159265358979;                                 2763P   7848
128,1,8,1,2,0,1,0,0,1,-19.1322295684717,-19.1322295684717,          2765P   7849
-16.9988962351383,-16.9988962351383,-3.14159265358979,              2765P   7850
-3.14159265358979,-3.14159265358979,-1.5707963267949,               2765P   7851
-1.5707963267949,0.,0.,1.5707963267949,1.5707963267949,             2765P   7852
3.14159265358979,3.14159265358979,3.14159265358979,1.,1.,           2765P   7853
0.707106781186548,0.707106781186548,1.,1.,0.707106781186548,        2765P   7854
0.707106781186548,1.,1.,0.707106781186548,0.707106781186548,1.,     2765P   7855
1.,0.707106781186548,0.707106781186548,1.,1.,7.5,73.,250.,7.5,      2765P   7856
73.,234.,7.5,65.5,250.,7.5,65.5,234.,0.,65.5,250.,0.,65.5,234.,     2765P   7857
-7.5,65.5,250.,-7.5,65.5,234.,-7.5,73.,250.,-7.5,73.,234.,-7.5,     2765P   7858
80.5,250.,-7.5,80.5,234.,0.,80.5,250.,0.,80.5,234.,7.5,80.5,        2765P   7859
250.,7.5,80.5,234.,7.5,73.,250.,7.5,73.,234.,-19.1322295684717,     2765P   7860
-16.9988962351383,-3.14159265358979,3.14159265358979;               2765P   7861
128,1,1,1,1,0,0,1,0,0,-10.761,-10.761,0.000999999999999446,         2767P   7862
0.000999999999999446,-5.381,-5.381,5.381,5.381,1.,1.,1.,1.,         2767P   7863
53.81,-53.81,228.,-53.81,-53.81,228.,53.81,53.81,228.,-53.81,       2767P   7864
53.81,228.,-10.761,0.000999999999999446,-5.381,5.381;               2767P   7865
128,4,8,2,2,0,1,0,0,1,-1.5707963267949,-1.5707963267949,            2769P   7866
-1.5707963267949,0.,0.,1.5707963267949,1.5707963267949,             2769P   7867
1.5707963267949,-3.14159265358979,-3.14159265358979,                2769P   7868
-3.14159265358979,-1.5707963267949,-1.5707963267949,0.,0.,          2769P   7869
1.5707963267949,1.5707963267949,3.14159265358979,                   2769P   7870
3.14159265358979,3.14159265358979,1.,0.707106781186557,1.,          2769P   7871
0.707106781186557,1.,0.707106781186548,0.500000000000007,           2769P   7872
0.707106781186548,0.500000000000007,0.707106781186548,1.,           2769P   7873
0.707106781186557,1.,0.707106781186557,1.,0.707106781186548,        2769P   7874
0.500000000000007,0.707106781186548,0.500000000000007,              2769P   7875
0.707106781186548,1.,0.707106781186557,1.,0.707106781186557,1.,     2769P   7876
0.707106781186548,0.500000000000007,0.707106781186548,              2769P   7877
0.500000000000007,0.707106781186548,1.,0.707106781186557,1.,        2769P   7878
0.707106781186557,1.,0.707106781186548,0.500000000000007,           2769P   7879
0.707106781186548,0.500000000000007,0.707106781186548,1.,           2769P   7880
0.707106781186557,1.,0.707106781186557,1.,53.8,0.,228.,55.5,0.,     2769P   7881
228.,55.5,0.,226.3,55.5,0.,224.6,53.8,0.,224.6,53.8,-53.8,228.,     2769P   7882
55.5,-55.5,228.,55.5,-55.5,226.3,55.5,-55.5,224.6,53.8,-53.8,       2769P   7883
224.6,0.,-53.8,228.,0.,-55.5,228.,0.,-55.5,226.3,0.,-55.5,224.6,    2769P   7884
0.,-53.8,224.6,-53.8,-53.8,228.,-55.5,-55.5,228.,-55.5,-55.5,       2769P   7885
226.3,-55.5,-55.5,224.6,-53.8,-53.8,224.6,-53.8,0.,228.,-55.5,      2769P   7886
0.,228.,-55.5,0.,226.3,-55.5,0.,224.6,-53.8,0.,224.6,-53.8,53.8,    2769P   7887
228.,-55.5,55.5,228.,-55.5,55.5,226.3,-55.5,55.5,224.6,-53.8,       2769P   7888
53.8,224.6,0.,53.8,228.,0.,55.5,228.,0.,55.5,226.3,0.,55.5,         2769P   7889
224.6,0.,53.8,224.6,53.8,53.8,228.,55.5,55.5,228.,55.5,55.5,        2769P   7890
226.3,55.5,55.5,224.6,53.8,53.8,224.6,53.8,0.,228.,55.5,0.,228.,    2769P   7891
55.5,0.,226.3,55.5,0.,224.6,53.8,0.,224.6,-1.5707963267949,         2769P   7892
1.5707963267949,-3.14159265358979,3.14159265358979;                 2769P   7893
128,1,1,1,1,0,0,1,0,0,-1.30168975254244,-1.30168975254244,          2771P   7894
9.46031024745755,9.46031024745755,-5.381,-5.381,5.381,5.381,1.,     2771P   7895
1.,1.,1.,-53.81,-53.81,224.6,53.81,-53.81,224.6,-53.81,53.81,       2771P   7896
224.6,53.81,53.81,224.6,-1.30168975254244,9.46031024745755,         2771P   7897
-5.381,5.381;                                                       2771P   7898
128,1,1,1,1,0,0,1,0,0,-10.001,-10.001,10.001,10.001,-10.001,        2773P   7899
-10.001,10.001,10.001,1.,1.,1.,1.,100.01,-100.01,234.,-100.01,      2773P   7900
-100.01,234.,100.01,100.01,234.,-100.01,100.01,234.,-10.001,        2773P   7901
10.001,-10.001,10.001;                                              2773P   7902
128,1,8,1,2,0,1,0,0,1,0.,0.,0.16,0.16,-3.14159265358979,            2775P   7903
-3.14159265358979,-3.14159265358979,-1.5707963267949,               2775P   7904
-1.5707963267949,0.,0.,1.5707963267949,1.5707963267949,             2775P   7905
3.14159265358979,3.14159265358979,3.14159265358979,1.,1.,           2775P   7906
0.707106781186548,0.707106781186548,1.,1.,0.707106781186548,        2775P   7907
0.707106781186548,1.,1.,0.707106781186548,0.707106781186548,1.,     2775P   7908
1.,0.707106781186548,0.707106781186548,1.,1.,-100.,0.,250.,         2775P   7909
-100.,0.,234.,-100.,-100.,250.,-100.,-100.,234.,0.,-100.,250.,      2775P   7910
0.,-100.,234.,100.,-100.,250.,100.,-100.,234.,100.,0.,250.,100.,    2775P   7911
0.,234.,100.,100.,250.,100.,100.,234.,0.,100.,250.,0.,100.,234.,    2775P   7912
-100.,100.,250.,-100.,100.,234.,-100.,0.,250.,-100.,0.,234.,0.,     2775P   7913
0.16,-3.14159265358979,3.14159265358979;                            2775P   7914
128,1,8,1,2,0,1,0,0,1,0.,0.,0.16,0.16,-3.14159265358979,            2777P   7915
-3.14159265358979,-3.14159265358979,-1.5707963267949,               2777P   7916
-1.5707963267949,0.,0.,1.5707963267949,1.5707963267949,             2777P   7917
3.14159265358979,3.14159265358979,3.14159265358979,1.,1.,           2777P   7918
0.707106781186548,0.707106781186548,1.,1.,0.707106781186548,        2777P   7919
0.707106781186548,1.,1.,0.707106781186548,0.707106781186548,1.,     2777P   7920
1.,0.707106781186548,0.707106781186548,1.,1.,-100.,0.,16.,-100.,    2777P   7921
0.,0.,-100.,-100.,16.,-100.,-100.,0.,0.,-100.,16.,0.,-100.,0.,      2777P   7922
100.,-100.,16.,100.,-100.,0.,100.,0.,16.,100.,0.,0.,100.,100.,      2777P   7923
16.,100.,100.,0.,0.,100.,16.,0.,100.,0.,-100.,100.,16.,-100.,       2777P   7924
100.,0.,-100.,0.,16.,-100.,0.,0.,0.,0.16,-3.14159265358979,         2777P   7925
3.14159265358979;                                                   2777P   7926
128,1,1,1,1,0,0,1,0,0,-10.001,-10.001,10.001,10.001,-10.001,        2779P   7927
-10.001,10.001,10.001,1.,1.,1.,1.,-100.01,-100.01,16.,100.01,       2779P   7928
-100.01,16.,-100.01,100.01,16.,100.01,100.01,16.,-10.001,10.001,    2779P   7929
-10.001,10.001;                                                     2779P   7930
128,4,8,2,2,0,1,0,0,1,-1.5707963267949,-1.5707963267949,            2781P   7931
-1.5707963267949,1.55431223447522D-15,1.55431223447522D-15,         2781P   7932
1.5707963267949,1.5707963267949,1.5707963267949,                    2781P   7933
-3.14159265358979,-3.14159265358979,-3.14159265358979,              2781P   7934
-1.5707963267949,-1.5707963267949,0.,0.,1.5707963267949,            2781P   7935
1.5707963267949,3.14159265358979,3.14159265358979,                  2781P   7936
3.14159265358979,1.,0.707106781186538,1.,0.707106781186537,1.,      2781P   7937
0.707106781186548,0.499999999999993,0.707106781186548,              2781P   7938
0.499999999999993,0.707106781186548,1.,0.707106781186538,1.,        2781P   7939
0.707106781186537,1.,0.707106781186548,0.499999999999993,           2781P   7940
0.707106781186548,0.499999999999993,0.707106781186548,1.,           2781P   7941
0.707106781186538,1.,0.707106781186537,1.,0.707106781186548,        2781P   7942
0.499999999999993,0.707106781186548,0.499999999999993,              2781P   7943
0.707106781186548,1.,0.707106781186538,1.,0.707106781186537,1.,     2781P   7944
0.707106781186548,0.499999999999993,0.707106781186548,              2781P   7945
0.499999999999993,0.707106781186548,1.,0.707106781186538,1.,        2781P   7946
0.707106781186537,1.,-53.8,0.,229.,-56.5,0.,229.,-56.5,0.,226.3,    2781P   7947
-56.5,0.,223.6,-53.8,0.,223.6,-53.8,-53.8,229.,-56.5,-56.5,229.,    2781P   7948
-56.5,-56.5,226.3,-56.5,-56.5,223.6,-53.8,-53.8,223.6,0.,-53.8,     2781P   7949
229.,0.,-56.5,229.,0.,-56.5,226.3,0.,-56.5,223.6,0.,-53.8,223.6,    2781P   7950
53.8,-53.8,229.,56.5,-56.5,229.,56.5,-56.5,226.3,56.5,-56.5,        2781P   7951
223.6,53.8,-53.8,223.6,53.8,0.,229.,56.5,0.,229.,56.5,0.,226.3,     2781P   7952
56.5,0.,223.6,53.8,0.,223.6,53.8,53.8,229.,56.5,56.5,229.,56.5,     2781P   7953
56.5,226.3,56.5,56.5,223.6,53.8,53.8,223.6,0.,53.8,229.,0.,56.5,    2781P   7954
229.,0.,56.5,226.3,0.,56.5,223.6,0.,53.8,223.6,-53.8,53.8,229.,     2781P   7955
-56.5,56.5,229.,-56.5,56.5,226.3,-56.5,56.5,223.6,-53.8,53.8,       2781P   7956
223.6,-53.8,0.,229.,-56.5,0.,229.,-56.5,0.,226.3,-56.5,0.,223.6,    2781P   7957
-53.8,0.,223.6,-1.5707963267949,1.5707963267949,                    2781P   7958
-3.14159265358979,3.14159265358979;                                 2781P   7959
502,413,2.77076338307089D-15,45.25,25.,-45.25,0.,25.,-44.25,0.,     2783P   7960
26.,1.35476552155676D-14,44.25,26.,-8.12859312934056D-15,44.25,     2783P   7961
28.8,-44.25,0.,28.8,44.25,0.,28.8,0.,53.8,25.,-53.8,0.,25.,         2783P   7962
2.77076338307089D-15,45.25,19.6,45.25,0.,19.6,44.25,0.,18.6,        2783P   7963
-8.12859312934056D-15,44.25,18.6,-44.25,0.,18.6,0.,53.8,19.6,       2783P   7964
-53.8,0.,19.6,-44.25,0.,16.,44.25,0.,16.,2.77076338307089D-15,      2783P   7965
45.25,35.2,-45.25,0.,35.2,-44.25,0.,36.2,1.35476552155676D-14,      2783P   7966
44.25,36.2,-8.12859312934056D-15,44.25,39.,-44.25,0.,39.,44.25,     2783P   7967
0.,39.,0.,53.8,35.2,-53.8,0.,35.2,2.77076338307089D-15,45.25,       2783P   7968
29.8,45.25,0.,29.8,0.,53.8,29.8,-53.8,0.,29.8,                      2783P   7969
2.77076338307089D-15,45.25,45.4,-45.25,0.,45.4,-44.25,0.,           2783P   7970
46.3999999999999,1.35476552155676D-14,44.25,46.3999999999999,       2783P   7971
-8.12859312934056D-15,44.25,49.2,-44.25,0.,49.2,44.25,0.,49.2,      2783P   7972
0.,53.8,45.4,-53.8,0.,45.4,2.77076338307089D-15,45.25,40.,45.25,    2783P   7973
0.,40.,0.,53.8,40.,-53.8,0.,40.,2.77076338307089D-15,45.25,55.6,    2783P   7974
-45.25,0.,55.6,-44.25,0.,56.6,1.35476552155676D-14,44.25,56.6,      2783P   7975
-8.12859312934056D-15,44.25,59.4,-44.25,0.,59.4,44.25,0.,59.4,      2783P   7976
0.,53.8,55.6,-53.8,0.,55.6,2.77076338307089D-15,45.25,50.2,         2783P   7977
45.25,0.,50.2,0.,53.8,50.2,-53.8,0.,50.2,2.77076338307089D-15,      2783P   7978
45.25,65.8,-45.25,0.,65.8,-44.25,0.,66.7999999999999,               2783P   7979
1.35476552155676D-14,44.25,66.7999999999999,                        2783P   7980
-8.12859312934056D-15,44.25,69.6,-44.25,0.,69.6,44.25,0.,69.6,      2783P   7981
0.,53.8,65.8,-53.8,0.,65.8,2.77076338307089D-15,45.25,60.4,         2783P   7982
45.25,0.,60.4,0.,53.8,60.4,-53.8,0.,60.4,2.77076338307089D-15,      2783P   7983
45.25,75.9999999999999,-45.25,0.,75.9999999999999,-44.25,0.,        2783P   7984
76.9999999999999,1.35476552155676D-14,44.25,76.9999999999999,       2783P   7985
-8.12859312934056D-15,44.25,79.8,-44.25,0.,79.8,44.25,0.,79.8,      2783P   7986
0.,53.8,76.,-53.8,0.,76.,2.77076338307089D-15,45.25,70.6,45.25,     2783P   7987
0.,70.6,0.,53.8,70.6,-53.8,0.,70.6,2.77076338307089D-15,45.25,      2783P   7988
86.1999999999999,-45.25,0.,86.1999999999999,-44.25,0.,              2783P   7989
87.1999999999999,1.35476552155676D-14,44.25,87.1999999999999,       2783P   7990
-8.12859312934056D-15,44.25,90.,-44.25,0.,90.,44.25,0.,90.,0.,      2783P   7991
53.8,86.2,-53.8,0.,86.2,2.77076338307089D-15,45.25,80.8,45.25,      2783P   7992
0.,80.8,0.,53.8,80.8,-53.8,0.,80.8,2.77076338307089D-15,45.25,      2783P   7993
96.3999999999999,-45.25,0.,96.3999999999999,-44.25,0.,              2783P   7994
97.3999999999999,1.35476552155676D-14,44.25,97.3999999999999,       2783P   7995
-8.12859312934056D-15,44.25,100.2,-44.25,0.,100.2,44.25,0.,         2783P   7996
100.2,0.,53.8,96.4,-53.8,0.,96.4,2.77076338307089D-15,45.25,91.,    2783P   7997
45.25,0.,91.,0.,53.8,91.,-53.8,0.,91.,2.77076338307089D-15,         2783P   7998
45.25,106.6,-45.25,0.,106.6,-44.25,0.,107.6,                        2783P   7999
1.35476552155676D-14,44.25,107.6,-8.12859312934056D-15,44.25,       2783P   8000
110.4,-44.25,0.,110.4,44.25,0.,110.4,0.,53.8,106.6,-53.8,0.,        2783P   8001
106.6,2.77076338307089D-15,45.25,101.2,45.25,0.,101.2,0.,53.8,      2783P   8002
101.2,-53.8,0.,101.2,2.77076338307089D-15,45.25,116.8,-45.25,0.,    2783P   8003
116.8,-44.25,0.,117.8,1.35476552155676D-14,44.25,117.8,             2783P   8004
-8.12859312934056D-15,44.25,120.6,-44.25,0.,120.6,44.25,0.,         2783P   8005
120.6,0.,53.8,116.8,-53.8,0.,116.8,2.77076338307089D-15,45.25,      2783P   8006
111.4,45.25,0.,111.4,0.,53.8,111.4,-53.8,0.,111.4,                  2783P   8007
2.77076338307089D-15,45.25,127.,-45.25,0.,127.,-44.25,0.,128.,      2783P   8008
1.35476552155676D-14,44.25,128.,-8.12859312934056D-15,44.25,        2783P   8009
130.8,-44.25,0.,130.8,44.25,0.,130.8,0.,53.8,127.,-53.8,0.,127.,    2783P   8010
2.77076338307089D-15,45.25,121.6,45.25,0.,121.6,0.,53.8,121.6,      2783P   8011
-53.8,0.,121.6,2.77076338307089D-15,45.25,137.2,-45.25,0.,137.2,    2783P   8012
-44.25,0.,138.2,1.35476552155676D-14,44.25,138.2,                   2783P   8013
-8.12859312934056D-15,44.25,141.,-44.25,0.,141.,44.25,0.,141.,      2783P   8014
0.,53.8,137.2,-53.8,0.,137.2,2.77076338307089D-15,45.25,131.8,      2783P   8015
45.25,0.,131.8,0.,53.8,131.8,-53.8,0.,131.8,                        2783P   8016
2.77076338307089D-15,45.25,147.4,-45.25,0.,147.4,-44.25,0.,         2783P   8017
148.4,1.35476552155676D-14,44.25,148.4,-8.12859312934056D-15,       2783P   8018
44.25,151.2,-44.25,0.,151.2,44.25,0.,151.2,0.,53.8,147.4,-53.8,     2783P   8019
0.,147.4,2.77076338307089D-15,45.25,142.,45.25,0.,142.,0.,53.8,     2783P   8020
142.,-53.8,0.,142.,2.77076338307089D-15,45.25,157.6,-45.25,0.,      2783P   8021
157.6,-44.25,0.,158.6,1.35476552155676D-14,44.25,158.6,             2783P   8022
-8.12859312934056D-15,44.25,161.4,-44.25,0.,161.4,44.25,0.,         2783P   8023
161.4,0.,53.8,157.6,-53.8,0.,157.6,2.77076338307089D-15,45.25,      2783P   8024
152.2,45.25,0.,152.2,0.,53.8,152.2,-53.8,0.,152.2,                  2783P   8025
2.77076338307089D-15,45.25,167.8,-45.25,0.,167.8,-44.25,0.,         2783P   8026
168.8,1.35476552155676D-14,44.25,168.8,-8.12859312934056D-15,       2783P   8027
44.25,171.6,-44.25,0.,171.6,44.25,0.,171.6,0.,53.8,167.8,-53.8,     2783P   8028
0.,167.8,2.77076338307089D-15,45.25,162.4,45.25,0.,162.4,0.,        2783P   8029
53.8,162.4,-53.8,0.,162.4,2.77076338307089D-15,45.25,178.,          2783P   8030
-45.25,0.,178.,-44.25,0.,179.,1.35476552155676D-14,44.25,179.,      2783P   8031
-8.12859312934056D-15,44.25,181.8,-44.25,0.,181.8,44.25,0.,         2783P   8032
181.8,0.,53.8,178.,-53.8,0.,178.,2.77076338307089D-15,45.25,        2783P   8033
172.6,45.25,0.,172.6,0.,53.8,172.6,-53.8,0.,172.6,                  2783P   8034
2.77076338307089D-15,45.25,188.2,-45.25,0.,188.2,-44.25,0.,         2783P   8035
189.2,1.35476552155676D-14,44.25,189.2,-8.12859312934056D-15,       2783P   8036
44.25,192.,-44.25,0.,192.,44.25,0.,192.,0.,53.8,188.2,-53.8,0.,     2783P   8037
188.2,2.77076338307089D-15,45.25,182.8,45.25,0.,182.8,0.,53.8,      2783P   8038
182.8,-53.8,0.,182.8,2.77076338307089D-15,45.25,198.4,-45.25,0.,    2783P   8039
198.4,-44.25,0.,199.4,1.35476552155676D-14,44.25,199.4,             2783P   8040
-8.12859312934056D-15,44.25,202.2,-44.25,0.,202.2,44.25,0.,         2783P   8041
202.2,0.,53.8,198.4,-53.8,0.,198.4,2.77076338307089D-15,45.25,      2783P   8042
193.,45.25,0.,193.,0.,53.8,193.,-53.8,0.,193.,                      2783P   8043
2.77076338307089D-15,45.25,208.6,-45.25,0.,208.6,-44.25,0.,         2783P   8044
209.6,1.35476552155676D-14,44.25,209.6,-8.12859312934056D-15,       2783P   8045
44.25,212.4,-44.25,0.,212.4,44.25,0.,212.4,0.,53.8,208.6,-53.8,     2783P   8046
0.,208.6,2.77076338307089D-15,45.25,203.2,45.25,0.,203.2,0.,        2783P   8047
53.8,203.2,-53.8,0.,203.2,2.77076338307089D-15,45.25,218.8,         2783P   8048
-45.25,0.,218.8,-44.25,0.,219.8,1.35476552155676D-14,44.25,         2783P   8049
219.8,0.,53.8,218.8,-53.8,0.,218.8,2.70953104311352D-15,44.25,      2783P   8050
222.6,-44.25,0.,222.6,2.77076338307089D-15,45.25,213.4,45.25,0.,    2783P   8051
213.4,0.,53.8,213.4,-53.8,0.,213.4,53.8,0.,24.,-44.,                2783P   8052
5.38844591624835D-15,24.,53.8,0.,20.6,-44.,                         2783P   8053
-5.38844591624835D-15,20.6,53.8,0.,34.2,-44.,                       2783P   8054
5.38844591624835D-15,34.2,53.8,0.,30.8,-44.,                        2783P   8055
-5.38844591624835D-15,30.8,53.8,0.,44.4,-44.,                       2783P   8056
5.38844591624835D-15,44.4,53.8,0.,41.,-44.,                         2783P   8057
-5.38844591624835D-15,41.,53.8,0.,54.6,-44.,                        2783P   8058
5.38844591624835D-15,54.6,53.8,0.,51.2,-44.,                        2783P   8059
-5.38844591624835D-15,51.2,53.8,0.,64.8,-44.,                       2783P   8060
5.38844591624835D-15,64.8,53.8,0.,61.4,-44.,                        2783P   8061
-5.38844591624835D-15,61.4,53.8,0.,75.,-44.,                        2783P   8062
5.38844591624835D-15,75.,53.8,0.,71.6,-44.,                         2783P   8063
-5.38844591624835D-15,71.6,53.8,0.,85.2,-44.,                       2783P   8064
5.38844591624835D-15,85.2,53.8,0.,81.8,-44.,                        2783P   8065
-5.38844591624835D-15,81.8,53.8,0.,95.4,-44.,                       2783P   8066
5.38844591624835D-15,95.4,53.8,0.,92.,-44.,                         2783P   8067
-5.38844591624835D-15,92.,53.8,0.,105.6,-44.,                       2783P   8068
5.38844591624835D-15,105.6,53.8,0.,102.2,-44.,                      2783P   8069
-5.38844591624835D-15,102.2,53.8,0.,115.8,-44.,                     2783P   8070
5.38844591624835D-15,115.8,53.8,0.,112.4,-44.,                      2783P   8071
-5.38844591624835D-15,112.4,53.8,0.,126.,-44.,                      2783P   8072
5.38844591624835D-15,126.,53.8,0.,122.6,-44.,                       2783P   8073
-5.38844591624835D-15,122.6,53.8,0.,136.2,-44.,                     2783P   8074
5.38844591624835D-15,136.2,53.8,0.,132.8,-44.,                      2783P   8075
-5.38844591624835D-15,132.8,53.8,0.,146.4,-44.,                     2783P   8076
5.38844591624835D-15,146.4,53.8,0.,143.,-44.,                       2783P   8077
-5.38844591624835D-15,143.,53.8,0.,156.6,-44.,                      2783P   8078
5.38844591624835D-15,156.6,53.8,0.,153.2,-44.,                      2783P   8079
-5.38844591624835D-15,153.2,53.8,0.,166.8,-44.,                     2783P   8080
5.38844591624835D-15,166.8,53.8,0.,163.4,-44.,                      2783P   8081
-5.38844591624835D-15,163.4,53.8,0.,177.,-44.,                      2783P   8082
5.38844591624835D-15,177.,53.8,0.,173.6,-44.,                       2783P   8083
-5.38844591624835D-15,173.6,53.8,0.,187.2,-44.,                     2783P   8084
5.38844591624835D-15,187.2,53.8,0.,183.8,-44.,                      2783P   8085
-5.38844591624835D-15,183.8,53.8,0.,197.4,-44.,                     2783P   8086
5.38844591624835D-15,197.4,53.8,0.,194.,-44.,                       2783P   8087
-5.38844591624835D-15,194.,53.8,0.,207.6,-44.,                      2783P   8088
5.38844591624835D-15,207.6,53.8,0.,204.2,-44.,                      2783P   8089
-5.38844591624835D-15,204.2,53.8,0.,217.8,-44.,                     2783P   8090
5.38844591624835D-15,217.8,53.8,0.,214.4,-44.,                      2783P   8091
-5.38844591624835D-15,214.4,-44.,-5.38844591624835D-15,             2783P   8092
1.99999999999999,-46.,5.63337527607782D-15,0.,-44.,                 2783P   8093
5.38844591624835D-15,224.6,100.,0.,0.,-100.,0.,0.,-7.5,73.,0.,      2783P   8094
7.5,73.,0.,-56.9220958855171,46.3154941677189,0.,                   2783P   8095
-46.3154941677189,56.9220958855171,0.,-73.,-7.5,0.,-73.,7.5,0.,     2783P   8096
-46.3154941677189,-56.9220958855171,0.,-56.9220958855171,           2783P   8097
-46.3154941677189,0.,7.49999999999999,-73.,0.,-7.5,-73.,0.,         2783P   8098
56.9220958855171,-46.3154941677189,0.,46.3154941677189,             2783P   8099
-56.9220958855171,0.,73.,7.49999999999999,0.,73.,-7.5,0.,           2783P   8100
46.3154941677189,56.9220958855171,0.,56.9220958855171,              2783P   8101
46.3154941677189,0.,46.,5.63337527607782D-15,250.,44.,              2783P   8102
-5.38844591624835D-15,248.,-44.,0.,248.,-44.,                       2783P   8103
-5.38844591624835D-15,228.,100.,0.,250.,-100.,0.,250.,7.5,73.,      2783P   8104
250.,-46.3154941677189,56.9220958855171,250.,-73.,7.5,250.,         2783P   8105
-56.9220958855171,-46.3154941677189,250.,-7.5,-73.,250.,            2783P   8106
46.3154941677189,-56.9220958855171,250.,73.,-7.5,250.,              2783P   8107
56.9220958855171,46.3154941677189,250.,2.77076338307089D-15,        2783P   8108
45.25,229.,-45.25,0.,229.,-44.25,0.,230.,1.35476552155676D-14,      2783P   8109
44.25,230.,44.25,0.,234.,-44.25,0.,234.,0.,53.8,229.,-53.8,0.,      2783P   8110
229.,-45.25,0.,223.6,1.38538169153544D-14,45.25,223.6,0.,53.8,      2783P   8111
223.6,-53.8,0.,223.6,56.9220958855171,46.3154941677189,16.,         2783P   8112
56.9220958855171,46.3154941677189,234.,73.,-7.5,16.,73.,-7.5,       2783P   8113
234.,46.3154941677189,-56.9220958855171,16.,46.3154941677189,       2783P   8114
-56.9220958855171,234.,-7.5,-73.,16.,-7.5,-73.,234.,                2783P   8115
-56.9220958855171,-46.3154941677189,16.,-56.9220958855171,          2783P   8116
-46.3154941677189,234.,-73.,7.5,16.,-73.,7.5,234.,                  2783P   8117
-46.3154941677189,56.9220958855171,16.,-46.3154941677189,           2783P   8118
56.9220958855171,234.,7.5,73.,16.,7.5,73.,234.,53.8,0.,228.,        2783P   8119
53.8,0.,224.6,100.,0.,234.,-100.,0.,234.,100.,0.,16.,-100.,0.,      2783P   8120
16.;                                                                2783P   8121
504,561,1189,2783,1,2783,2,1191,2783,2,2783,3,1193,2783,3,2783,     2785P   8122
4,1195,2783,4,2783,3,1197,2783,2,2783,1,1199,2783,5,2783,6,1201,    2785P   8123
2783,7,2783,5,1203,2783,6,2783,7,1205,2783,6,2783,3,1207,2783,8,    2785P   8124
2783,9,1209,2783,9,2783,8,1211,2783,10,2783,11,1213,2783,11,        2785P   8125
2783,12,1215,2783,12,2783,13,1217,2783,13,2783,14,1219,2783,14,     2785P   8126
2783,12,1221,2783,11,2783,10,1223,2783,15,2783,16,1225,2783,16,     2785P   8127
2783,15,1227,2783,14,2783,17,1229,2783,18,2783,17,1231,2783,17,     2785P   8128
2783,18,1233,2783,19,2783,20,1235,2783,20,2783,21,1237,2783,21,     2785P   8129
2783,22,1239,2783,22,2783,21,1241,2783,20,2783,19,1243,2783,23,     2785P   8130
2783,24,1245,2783,25,2783,23,1247,2783,24,2783,25,1249,2783,24,     2785P   8131
2783,21,1251,2783,26,2783,27,1253,2783,27,2783,26,1255,2783,28,     2785P   8132
2783,29,1257,2783,29,2783,7,1259,2783,29,2783,28,1261,2783,30,      2785P   8133
2783,31,1263,2783,31,2783,30,1265,2783,32,2783,33,1267,2783,33,     2785P   8134
2783,34,1269,2783,34,2783,35,1271,2783,35,2783,34,1273,2783,33,     2785P   8135
2783,32,1275,2783,36,2783,37,1277,2783,38,2783,36,1279,2783,37,     2785P   8136
2783,38,1281,2783,37,2783,34,1283,2783,39,2783,40,1285,2783,40,     2785P   8137
2783,39,1287,2783,41,2783,42,1289,2783,42,2783,25,1291,2783,42,     2785P   8138
2783,41,1293,2783,43,2783,44,1295,2783,44,2783,43,1297,2783,45,     2785P   8139
2783,46,1299,2783,46,2783,47,1301,2783,47,2783,48,1303,2783,48,     2785P   8140
2783,47,1305,2783,46,2783,45,1307,2783,49,2783,50,1309,2783,51,     2785P   8141
2783,49,1311,2783,50,2783,51,1313,2783,50,2783,47,1315,2783,52,     2785P   8142
2783,53,1317,2783,53,2783,52,1319,2783,54,2783,55,1321,2783,55,     2785P   8143
2783,38,1323,2783,55,2783,54,1325,2783,56,2783,57,1327,2783,57,     2785P   8144
2783,56,1329,2783,58,2783,59,1331,2783,59,2783,60,1333,2783,60,     2785P   8145
2783,61,1335,2783,61,2783,60,1337,2783,59,2783,58,1339,2783,62,     2785P   8146
2783,63,1341,2783,64,2783,62,1343,2783,63,2783,64,1345,2783,63,     2785P   8147
2783,60,1347,2783,65,2783,66,1349,2783,66,2783,65,1351,2783,67,     2785P   8148
2783,68,1353,2783,68,2783,51,1355,2783,68,2783,67,1357,2783,69,     2785P   8149
2783,70,1359,2783,70,2783,69,1361,2783,71,2783,72,1363,2783,72,     2785P   8150
2783,73,1365,2783,73,2783,74,1367,2783,74,2783,73,1369,2783,72,     2785P   8151
2783,71,1371,2783,75,2783,76,1373,2783,77,2783,75,1375,2783,76,     2785P   8152
2783,77,1377,2783,76,2783,73,1379,2783,78,2783,79,1381,2783,79,     2785P   8153
2783,78,1383,2783,80,2783,81,1385,2783,81,2783,64,1387,2783,81,     2785P   8154
2783,80,1389,2783,82,2783,83,1391,2783,83,2783,82,1393,2783,84,     2785P   8155
2783,85,1395,2783,85,2783,86,1397,2783,86,2783,87,1399,2783,87,     2785P   8156
2783,86,1401,2783,85,2783,84,1403,2783,88,2783,89,1405,2783,90,     2785P   8157
2783,88,1407,2783,89,2783,90,1409,2783,89,2783,86,1411,2783,91,     2785P   8158
2783,92,1413,2783,92,2783,91,1415,2783,93,2783,94,1417,2783,94,     2785P   8159
2783,77,1419,2783,94,2783,93,1421,2783,95,2783,96,1423,2783,96,     2785P   8160
2783,95,1425,2783,97,2783,98,1427,2783,98,2783,99,1429,2783,99,     2785P   8161
2783,100,1431,2783,100,2783,99,1433,2783,98,2783,97,1435,2783,      2785P   8162
101,2783,102,1437,2783,103,2783,101,1439,2783,102,2783,103,1441,    2785P   8163
2783,102,2783,99,1443,2783,104,2783,105,1445,2783,105,2783,104,     2785P   8164
1447,2783,106,2783,107,1449,2783,107,2783,90,1451,2783,107,2783,    2785P   8165
106,1453,2783,108,2783,109,1455,2783,109,2783,108,1457,2783,110,    2785P   8166
2783,111,1459,2783,111,2783,112,1461,2783,112,2783,113,1463,        2785P   8167
2783,113,2783,112,1465,2783,111,2783,110,1467,2783,114,2783,115,    2785P   8168
1469,2783,116,2783,114,1471,2783,115,2783,116,1473,2783,115,        2785P   8169
2783,112,1475,2783,117,2783,118,1477,2783,118,2783,117,1479,        2785P   8170
2783,119,2783,120,1481,2783,120,2783,103,1483,2783,120,2783,119,    2785P   8171
1485,2783,121,2783,122,1487,2783,122,2783,121,1489,2783,123,        2785P   8172
2783,124,1491,2783,124,2783,125,1493,2783,125,2783,126,1495,        2785P   8173
2783,126,2783,125,1497,2783,124,2783,123,1499,2783,127,2783,128,    2785P   8174
1501,2783,129,2783,127,1503,2783,128,2783,129,1505,2783,128,        2785P   8175
2783,125,1507,2783,130,2783,131,1509,2783,131,2783,130,1511,        2785P   8176
2783,132,2783,133,1513,2783,133,2783,116,1515,2783,133,2783,132,    2785P   8177
1517,2783,134,2783,135,1519,2783,135,2783,134,1521,2783,136,        2785P   8178
2783,137,1523,2783,137,2783,138,1525,2783,138,2783,139,1527,        2785P   8179
2783,139,2783,138,1529,2783,137,2783,136,1531,2783,140,2783,141,    2785P   8180
1533,2783,142,2783,140,1535,2783,141,2783,142,1537,2783,141,        2785P   8181
2783,138,1539,2783,143,2783,144,1541,2783,144,2783,143,1543,        2785P   8182
2783,145,2783,146,1545,2783,146,2783,129,1547,2783,146,2783,145,    2785P   8183
1549,2783,147,2783,148,1551,2783,148,2783,147,1553,2783,149,        2785P   8184
2783,150,1555,2783,150,2783,151,1557,2783,151,2783,152,1559,        2785P   8185
2783,152,2783,151,1561,2783,150,2783,149,1563,2783,153,2783,154,    2785P   8186
1565,2783,155,2783,153,1567,2783,154,2783,155,1569,2783,154,        2785P   8187
2783,151,1571,2783,156,2783,157,1573,2783,157,2783,156,1575,        2785P   8188
2783,158,2783,159,1577,2783,159,2783,142,1579,2783,159,2783,158,    2785P   8189
1581,2783,160,2783,161,1583,2783,161,2783,160,1585,2783,162,        2785P   8190
2783,163,1587,2783,163,2783,164,1589,2783,164,2783,165,1591,        2785P   8191
2783,165,2783,164,1593,2783,163,2783,162,1595,2783,166,2783,167,    2785P   8192
1597,2783,168,2783,166,1599,2783,167,2783,168,1601,2783,167,        2785P   8193
2783,164,1603,2783,169,2783,170,1605,2783,170,2783,169,1607,        2785P   8194
2783,171,2783,172,1609,2783,172,2783,155,1611,2783,172,2783,171,    2785P   8195
1613,2783,173,2783,174,1615,2783,174,2783,173,1617,2783,175,        2785P   8196
2783,176,1619,2783,176,2783,177,1621,2783,177,2783,178,1623,        2785P   8197
2783,178,2783,177,1625,2783,176,2783,175,1627,2783,179,2783,180,    2785P   8198
1629,2783,181,2783,179,1631,2783,180,2783,181,1633,2783,180,        2785P   8199
2783,177,1635,2783,182,2783,183,1637,2783,183,2783,182,1639,        2785P   8200
2783,184,2783,185,1641,2783,185,2783,168,1643,2783,185,2783,184,    2785P   8201
1645,2783,186,2783,187,1647,2783,187,2783,186,1649,2783,188,        2785P   8202
2783,189,1651,2783,189,2783,190,1653,2783,190,2783,191,1655,        2785P   8203
2783,191,2783,190,1657,2783,189,2783,188,1659,2783,192,2783,193,    2785P   8204
1661,2783,194,2783,192,1663,2783,193,2783,194,1665,2783,193,        2785P   8205
2783,190,1667,2783,195,2783,196,1669,2783,196,2783,195,1671,        2785P   8206
2783,197,2783,198,1673,2783,198,2783,181,1675,2783,198,2783,197,    2785P   8207
1677,2783,199,2783,200,1679,2783,200,2783,199,1681,2783,201,        2785P   8208
2783,202,1683,2783,202,2783,203,1685,2783,203,2783,204,1687,        2785P   8209
2783,204,2783,203,1689,2783,202,2783,201,1691,2783,205,2783,206,    2785P   8210
1693,2783,207,2783,205,1695,2783,206,2783,207,1697,2783,206,        2785P   8211
2783,203,1699,2783,208,2783,209,1701,2783,209,2783,208,1703,        2785P   8212
2783,210,2783,211,1705,2783,211,2783,194,1707,2783,211,2783,210,    2785P   8213
1709,2783,212,2783,213,1711,2783,213,2783,212,1713,2783,214,        2785P   8214
2783,215,1715,2783,215,2783,216,1717,2783,216,2783,217,1719,        2785P   8215
2783,217,2783,216,1721,2783,215,2783,214,1723,2783,218,2783,219,    2785P   8216
1725,2783,220,2783,218,1727,2783,219,2783,220,1729,2783,219,        2785P   8217
2783,216,1731,2783,221,2783,222,1733,2783,222,2783,221,1735,        2785P   8218
2783,223,2783,224,1737,2783,224,2783,207,1739,2783,224,2783,223,    2785P   8219
1741,2783,225,2783,226,1743,2783,226,2783,225,1745,2783,227,        2785P   8220
2783,228,1747,2783,228,2783,229,1749,2783,229,2783,230,1751,        2785P   8221
2783,230,2783,229,1753,2783,228,2783,227,1755,2783,231,2783,232,    2785P   8222
1757,2783,233,2783,231,1759,2783,232,2783,233,1761,2783,232,        2785P   8223
2783,229,1763,2783,234,2783,235,1765,2783,235,2783,234,1767,        2785P   8224
2783,236,2783,237,1769,2783,237,2783,220,1771,2783,237,2783,236,    2785P   8225
1773,2783,238,2783,239,1775,2783,239,2783,238,1777,2783,240,        2785P   8226
2783,241,1779,2783,241,2783,242,1781,2783,242,2783,243,1783,        2785P   8227
2783,243,2783,242,1785,2783,241,2783,240,1787,2783,244,2783,245,    2785P   8228
1789,2783,246,2783,244,1791,2783,245,2783,246,1793,2783,245,        2785P   8229
2783,242,1795,2783,247,2783,248,1797,2783,248,2783,247,1799,        2785P   8230
2783,249,2783,250,1801,2783,250,2783,233,1803,2783,250,2783,249,    2785P   8231
1805,2783,251,2783,252,1807,2783,252,2783,251,1809,2783,253,        2785P   8232
2783,254,1811,2783,254,2783,255,1813,2783,255,2783,256,1815,        2785P   8233
2783,256,2783,255,1817,2783,254,2783,253,1819,2783,257,2783,258,    2785P   8234
1821,2783,258,2783,257,1823,2783,259,2783,260,1825,2783,260,        2785P   8235
2783,259,1827,2783,260,2783,255,1829,2783,261,2783,262,1831,        2785P   8236
2783,262,2783,246,1833,2783,262,2783,261,1835,2783,263,2783,264,    2785P   8237
1837,2783,264,2783,263,1839,2783,265,2783,265,1841,2783,266,        2785P   8238
2783,266,1843,2783,265,2783,267,1845,2783,267,2783,267,1847,        2785P   8239
2783,268,2783,268,1849,2783,269,2783,269,1851,2783,270,2783,270,    2785P   8240
1853,2783,269,2783,271,1855,2783,271,2783,271,1857,2783,272,        2785P   8241
2783,272,1859,2783,273,2783,273,1861,2783,274,2783,274,1863,        2785P   8242
2783,273,2783,275,1865,2783,275,2783,275,1867,2783,276,2783,276,    2785P   8243
1869,2783,277,2783,277,1871,2783,278,2783,278,1873,2783,277,        2785P   8244
2783,279,1875,2783,279,2783,279,1877,2783,280,2783,280,1879,        2785P   8245
2783,281,2783,281,1881,2783,282,2783,282,1883,2783,281,2783,283,    2785P   8246
1885,2783,283,2783,283,1887,2783,284,2783,284,1889,2783,285,        2785P   8247
2783,285,1891,2783,286,2783,286,1893,2783,285,2783,287,1895,        2785P   8248
2783,287,2783,287,1897,2783,288,2783,288,1899,2783,289,2783,289,    2785P   8249
1901,2783,290,2783,290,1903,2783,289,2783,291,1905,2783,291,        2785P   8250
2783,291,1907,2783,292,2783,292,1909,2783,293,2783,293,1911,        2785P   8251
2783,294,2783,294,1913,2783,293,2783,295,1915,2783,295,2783,295,    2785P   8252
1917,2783,296,2783,296,1919,2783,297,2783,297,1921,2783,298,        2785P   8253
2783,298,1923,2783,297,2783,299,1925,2783,299,2783,299,1927,        2785P   8254
2783,300,2783,300,1929,2783,301,2783,301,1931,2783,302,2783,302,    2785P   8255
1933,2783,301,2783,303,1935,2783,303,2783,303,1937,2783,304,        2785P   8256
2783,304,1939,2783,305,2783,305,1941,2783,306,2783,306,1943,        2785P   8257
2783,305,2783,307,1945,2783,307,2783,307,1947,2783,308,2783,308,    2785P   8258
1949,2783,309,2783,309,1951,2783,310,2783,310,1953,2783,309,        2785P   8259
2783,311,1955,2783,311,2783,311,1957,2783,312,2783,312,1959,        2785P   8260
2783,313,2783,313,1961,2783,314,2783,314,1963,2783,313,2783,315,    2785P   8261
1965,2783,315,2783,315,1967,2783,316,2783,316,1969,2783,317,        2785P   8262
2783,317,1971,2783,318,2783,318,1973,2783,317,2783,319,1975,        2785P   8263
2783,319,2783,319,1977,2783,320,2783,320,1979,2783,321,2783,321,    2785P   8264
1981,2783,322,2783,322,1983,2783,321,2783,323,1985,2783,323,        2785P   8265
2783,323,1987,2783,324,2783,324,1989,2783,325,2783,325,1991,        2785P   8266
2783,326,2783,326,1993,2783,325,2783,327,1995,2783,327,2783,327,    2785P   8267
1997,2783,328,2783,328,1999,2783,329,2783,329,2001,2783,330,        2785P   8268
2783,330,2003,2783,329,2783,331,2005,2783,331,2783,331,2007,        2785P   8269
2783,332,2783,332,2009,2783,333,2783,333,2011,2783,334,2783,334,    2785P   8270
2013,2783,333,2783,335,2015,2783,335,2783,335,2017,2783,336,        2785P   8271
2783,336,2019,2783,337,2783,337,2021,2783,338,2783,338,2023,        2785P   8272
2783,337,2783,339,2025,2783,339,2783,339,2027,2783,340,2783,340,    2785P   8273
2029,2783,341,2783,341,2031,2783,342,2783,342,2033,2783,341,        2785P   8274
2783,343,2035,2783,343,2783,343,2037,2783,344,2783,344,2039,        2785P   8275
2783,344,2783,338,2041,2783,340,2783,334,2043,2783,336,2783,330,    2785P   8276
2045,2783,332,2783,326,2047,2783,328,2783,322,2049,2783,324,        2785P   8277
2783,318,2051,2783,320,2783,314,2053,2783,316,2783,310,2055,        2785P   8278
2783,312,2783,306,2057,2783,308,2783,302,2059,2783,304,2783,298,    2785P   8279
2061,2783,300,2783,294,2063,2783,296,2783,290,2065,2783,292,        2785P   8280
2783,286,2067,2783,288,2783,282,2069,2783,284,2783,278,2071,        2785P   8281
2783,280,2783,274,2073,2783,276,2783,270,2075,2783,272,2783,266,    2785P   8282
2077,2783,268,2783,345,2079,2783,345,2783,345,2081,2783,9,2783,     2785P   8283
16,2083,2783,27,2783,31,2085,2783,40,2783,44,2087,2783,53,2783,     2785P   8284
57,2089,2783,66,2783,70,2091,2783,79,2783,83,2093,2783,92,2783,     2785P   8285
96,2095,2783,105,2783,109,2097,2783,118,2783,122,2099,2783,131,     2785P   8286
2783,135,2101,2783,144,2783,148,2103,2783,157,2783,161,2105,        2785P   8287
2783,170,2783,174,2107,2783,183,2783,187,2109,2783,196,2783,200,    2785P   8288
2111,2783,209,2783,213,2113,2783,222,2783,226,2115,2783,235,        2785P   8289
2783,239,2117,2783,248,2783,252,2119,2783,258,2783,264,2121,        2785P   8290
2783,346,2783,346,2123,2783,346,2783,345,2125,2783,347,2783,347,    2785P   8291
2127,2783,347,2783,342,2129,2783,348,2783,349,2131,2783,349,        2785P   8292
2783,348,2133,2783,350,2783,351,2135,2783,351,2783,350,2137,        2785P   8293
2783,352,2783,353,2139,2783,353,2783,352,2141,2783,354,2783,355,    2785P   8294
2143,2783,355,2783,354,2145,2783,356,2783,357,2147,2783,357,        2785P   8295
2783,356,2149,2783,358,2783,359,2151,2783,359,2783,358,2153,        2785P   8296
2783,360,2783,361,2155,2783,361,2783,360,2157,2783,362,2783,363,    2785P   8297
2159,2783,363,2783,362,2161,2783,364,2783,365,2163,2783,365,        2785P   8298
2783,364,2165,2783,366,2783,366,2167,2783,366,2783,367,2169,        2785P   8299
2783,367,2783,368,2171,2783,368,2783,367,2173,2783,368,2783,369,    2785P   8300
2175,2783,369,2783,369,2177,2783,370,2783,371,2179,2783,371,        2785P   8301
2783,370,2181,2783,372,2783,372,2183,2783,373,2783,373,2185,        2785P   8302
2783,374,2783,374,2187,2783,375,2783,375,2189,2783,376,2783,376,    2785P   8303
2191,2783,377,2783,377,2193,2783,378,2783,378,2195,2783,379,        2785P   8304
2783,379,2197,2783,380,2783,381,2199,2783,381,2783,382,2201,        2785P   8305
2783,382,2783,383,2203,2783,383,2783,382,2205,2783,381,2783,380,    2785P   8306
2207,2783,384,2783,385,2209,2783,385,2783,384,2211,2783,385,        2785P   8307
2783,382,2213,2783,386,2783,387,2215,2783,387,2783,386,2217,        2785P   8308
2783,260,2783,388,2219,2783,388,2783,389,2221,2783,389,2783,388,    2785P   8309
2223,2783,390,2783,391,2225,2783,391,2783,390,2227,2783,365,        2785P   8310
2783,392,2229,2783,392,2783,392,2231,2783,393,2783,393,2233,        2785P   8311
2783,393,2783,379,2235,2783,363,2783,394,2237,2783,394,2783,394,    2785P   8312
2239,2783,395,2783,395,2241,2783,395,2783,378,2243,2783,361,        2785P   8313
2783,396,2245,2783,396,2783,396,2247,2783,397,2783,397,2249,        2785P   8314
2783,397,2783,377,2251,2783,359,2783,398,2253,2783,398,2783,398,    2785P   8315
2255,2783,399,2783,399,2257,2783,399,2783,376,2259,2783,357,        2785P   8316
2783,400,2261,2783,400,2783,400,2263,2783,401,2783,401,2265,        2785P   8317
2783,401,2783,375,2267,2783,355,2783,402,2269,2783,402,2783,402,    2785P   8318
2271,2783,403,2783,403,2273,2783,403,2783,374,2275,2783,353,        2785P   8319
2783,404,2277,2783,404,2783,404,2279,2783,405,2783,405,2281,        2785P   8320
2783,405,2783,373,2283,2783,351,2783,406,2285,2783,406,2783,406,    2785P   8321
2287,2783,407,2783,407,2289,2783,407,2783,372,2291,2783,408,        2785P   8322
2783,408,2293,2783,408,2783,409,2295,2783,409,2783,409,2297,        2785P   8323
2783,410,2783,411,2299,2783,411,2783,410,2301,2783,411,2783,371,    2785P   8324
2303,2783,412,2783,413,2305,2783,413,2783,412,2307,2783,413,        2785P   8325
2783,349,2309,2783,387,2783,391;                                    2785P   8326
406,1,6HSolid1;                                                     2787P   8327
314,74.9019607843137,74.9019607843137,74.9019607843137,;            2789P   8328
S      1G      3D   2790P   8328                                        T      1
